Card Name,Set Code,Set Name,Collector Number,Rarity,Language,Quantity,Condition,Finish,Altered,Signed,Misprint,Price (USD),Price (EUR),Price (USD Foil),Price (EUR Foil),Price (USD Etched),Price (EUR Etched),Scryfall ID,Container Type,Container Name
"むかつき","soa","Secrets of Strixhaven Mystical Archive","90","mythic","ja",1,"NM","nonfoil",false,false,false,37.16,25.88,0,0,0,0,"43842b53-4d63-45e7-8247-751a7f09fb35","box","Spiderman"
"Abominio Nim","dst","Darksteel","49","uncommon","it",1,"NM","nonfoil",false,false,false,0.14,0.10,0.25,0.28,0,0,"880964ea-2372-4462-a65f-9d8673a80e91","box","Foundation"
"Accampamento Ghitu","j25","Foundations Jumpstart","155","uncommon","it",1,"NM","nonfoil",false,false,false,0.29,0.20,0,0,0,0,"301f02b0-ec1d-4539-bfb4-539c728ab87e","box","Avatar bundle"
"Accaparratore di Organi","j25","Foundations Jumpstart","340","common","it",1,"NM","nonfoil",false,false,false,0.10,0.12,0,0,0,0,"8fbeaa74-5778-438b-a18c-cf9f0a96970c","box","Avatar bundle"
"Acciaio Astrale","scg","Scourge","2","common","it",1,"NM","nonfoil",false,false,false,0.09,0.10,1.02,0.60,0,0,"1e3dd168-05aa-4a18-b5ce-4ccf95a970dd","box","Foundation"
"Actifs biologiques du groupe Null","tmt","Teenage Mutant Ninja Turtles","98","common","fr",1,"NM","nonfoil",false,false,false,0.07,0.05,0.17,0.06,0,0,"9abea908-ee38-4aab-bfba-9d7ce2b6a5c4","box","Ff gift box"
"Addentare","j25","Foundations Jumpstart","636","common","it",1,"NM","nonfoil",false,false,false,0.33,0.17,0,0,0,0,"b419bffa-88b1-43ce-a9e0-5c2a11dcc271","box","Ff chchobo bundle"
"Aerocustode Incombente","mrd","Mirrodin","38","uncommon","it",2,"NM","nonfoil",false,false,false,0.05,0.07,0.25,0.25,0,0,"823c35ac-9797-42e4-9af4-f74b5be012f5","box","Foundation"
"Aérogarde surgissant","mrd","Mirrodin","38","uncommon","fr",1,"NM","nonfoil",false,false,false,0.05,0.07,0.25,0.25,0,0,"269c0c74-3a74-4796-8f9c-d4fdb1711fe9","box","Foundation"
"Affare Finito Male","j25","Foundations Jumpstart","419","common","it",1,"NM","nonfoil",false,false,false,0.13,0.05,0,0,0,0,"e505a1f5-9009-46fb-8fe4-c6be2d5fe3ca","box","Avatar bundle"
"Agitateur de gravats","sos","Secrets of Strixhaven","128","common","fr",1,"NM","nonfoil",false,false,false,0.18,0.16,0.28,0.05,0,0,"f985ce49-f885-44e2-a367-5a375318ba3c","box","Lorwin box"
"Ali Evanescenti","tmp","Tempest","87","common","it",1,"NM","nonfoil",false,false,false,0.17,0.13,0,0,0,0,"ffcbabcf-d62f-4d07-a2cf-00b11d760fab","box","Foundation"
"Alito del Drago","scg","Scourge","86","common","it",1,"NM","nonfoil",false,false,false,0.27,0.31,2.69,2.64,0,0,"44c5f0de-9dbc-4c66-9ba5-3cede7226b15","box","Spiderman"
"Alunno Tritone","j22","Jumpstart 2022","15","common","it",1,"NM","nonfoil",false,false,false,0.28,0.19,0,0,0,0,"f73ce7fb-be7f-42aa-b6e9-93a6c03de5e9","box","Avatar bundle"
"Alzare lo Scudo","dmu","Dominaria United","35","common","it",1,"NM","nonfoil",false,false,false,0.26,0.11,0.25,0.15,0,0,"c48387ae-38d7-4cf2-ac21-1d528383ec3a","box","Avatar bundle"
"Anacoreta Lossodonte","5dn","Fifth Dawn","10","common","it",1,"NM","nonfoil",false,false,false,0.06,0.09,0.51,0.26,0,0,"200391d8-099b-4aa7-8fdf-38f32a9d381c","box","Foundation"
"Analisi Approfondita","j25","Foundations Jumpstart","304","common","it",1,"NM","nonfoil",false,false,false,0.17,0.15,0,0,0,0,"87adea80-8928-45eb-a64b-b9e5f5825bc9","box","Avatar bundle"
"Andare Avanti","j25","Foundations Jumpstart","20","common","it",2,"NM","nonfoil",false,false,false,0.29,0.24,0,0,0,0,"91007347-e6ef-4fa6-a90d-dbfbd2909b1a","box","Ff chchobo bundle"
"Ange éblouissant","fdn","Foundations","9","common","fr",1,"NM","nonfoil",false,false,false,0.26,0.11,0.40,0.29,0,0,"92ba1bb0-4e8b-4290-853e-f33a7209927d","box","Foundation"
"Angoscia","chk","Champions of Kamigawa","111","common","it",1,"NM","nonfoil",false,false,false,0.28,0.06,1.00,0.52,0,0,"a39df45f-f069-4df8-b0c4-5e5303d39fcf","box","Foundation"
"Antico Dimenticato","j25","Foundations Jumpstart","147","rare","it",1,"NM","nonfoil",false,false,false,0.36,0.41,0,0,0,0,"c570019b-4b76-4143-8aeb-2cb2dd4cd52e","box","Avatar bundle"
"Aprire il Fuoco","j25","Foundations Jumpstart","583","common","it",1,"NM","nonfoil",false,false,false,0.15,0.06,0,0,0,0,"eef618d7-ee50-45d7-9b69-27bfe4454948","box","Avatar bundle"
"Araldo Primordiale","j22","Jumpstart 2022","42","uncommon","it",1,"NM","nonfoil",false,false,false,0.91,0.88,0,1.00,0,0,"fedec861-eae4-4ed2-a9a0-dcd4d2e92dcc","box","Ff chchobo bundle"
"Archaïque transcendant","sos","Secrets of Strixhaven","5","uncommon","fr",1,"NM","nonfoil",false,false,false,0.06,0.11,0.16,0.13,0,0,"5c9d4b04-bca5-4adb-80c1-d13485bd7a73","box","Lorwin box"
"Architetta dei Totteri","j25","Foundations Jumpstart","272","uncommon","it",1,"NM","nonfoil",false,false,false,0.26,0.10,0,0,0,0,"07b5dad4-e5a8-4e4c-949f-1603b14712f9","box","Avatar bundle"
"Arciere della Foresta Spinata","j25","Foundations Jumpstart","724","common","it",1,"NM","nonfoil",false,false,false,0.33,0.13,0,0,0,0,"6d3a94c2-1b17-4cde-bfb8-e221abc64412","box","Ff chchobo bundle"
"Arena di Phyrexia","one","Phyrexia: All Will Be One","104","rare","it",1,"NM","nonfoil",false,false,false,4.57,3.53,4.78,3.59,0,0,"e334cc3e-8674-422e-8e54-6cc8514e99e4","deck","Sad Men Parade - Main"
"Arroganter Bandit","j25","Foundations Jumpstart","400","common","de",1,"NM","nonfoil",false,false,false,0.26,0.11,0,0,0,0,"d1271c53-1d6d-42bf-9f02-565548fd5735","box","Avatar bundle"
"Arsenal de fortune","tmt","Teenage Mutant Ninja Turtles","92","rare","fr",1,"NM","nonfoil",false,false,false,0.50,0.33,0.75,0.57,0,0,"11b06328-8e26-4386-9c4b-806362d6697a","box","Lorwin box"
"Arthropode du géomètre","sos","Secrets of Strixhaven","300","rare","fr",1,"NM","nonfoil",false,false,false,2.95,0.32,9.50,0.76,0,0,"","box","Lorwin box"
"Artigliere Ainok","j25","Foundations Jumpstart","624","common","it",1,"NM","nonfoil",false,false,false,0.13,0.11,0,0,0,0,"8965c1ce-4ce7-469b-a31c-75dfd1872a8f","box","Avatar bundle"
"Ascia della Reliquia","j25","Foundations Jumpstart","759","uncommon","it",1,"NM","nonfoil",false,false,false,0.17,0.08,0,0,0,0,"46b7300f-f204-4d20-844e-3fe1101a32e5","box","Avatar bundle"
"Assalto Intrepido","j25","Foundations Jumpstart","98","uncommon","it",1,"NM","nonfoil",false,false,false,0.13,0.10,0,0,0,0,"34025af3-eca5-4d67-a29f-63dc5b38dacd","box","Avatar bundle"
"Assaut à la noix","msh","Marvel Super Heroes","168","common","fr",1,"NM","nonfoil",false,false,false,0.49,0.04,0.60,0.24,0,0,"","box","Spiderman"
"Attaque d'Atlantis","msh","Marvel Super Heroes","46","common","fr",1,"NM","nonfoil",false,false,false,0.21,0.04,0.35,0.25,0,0,"","box","Ff chchobo bundle"
"Aux prises avec la mort","sos","Secrets of Strixhaven","192","common","fr",1,"NM","nonfoil",false,false,false,0.19,0.09,0.28,0.14,0,0,"36344949-f65c-4d3c-8d90-6a602392c7d0","box","Lorwin box"
"Avanguardia di Goma Fada","j25","Foundations Jumpstart","561","uncommon","it",1,"NM","nonfoil",false,false,false,0.25,0.11,0,0,0,0,"cb49ac6e-eda3-470b-a812-771132d4742a","box","Avatar bundle"
"Aviana Setacciagiunchi","hou","Hour of Devastation","30","common","it",1,"NM","nonfoil",false,false,false,0.03,0.07,0.15,0.16,0,0,"bda5f9bb-297c-4fa8-aed8-4d4972c75408","box","Avatar bundle"
"Aviatore Sperimentale","j25","Foundations Jumpstart","309","uncommon","it",1,"NM","nonfoil",false,false,false,0.22,0.07,0,0,0,0,"439160db-74f0-4452-b764-920213dba882","box","Avatar bundle"
"Avvoltoio Divoratore","j22","Jumpstart 2022","420","common","it",1,"NM","nonfoil",false,false,false,0.22,0.14,0,0,0,0,"29e6344a-2222-4c3b-b0c8-55f97d601cf6","box","Avatar bundle"
"Baku Crinelama","bok","Betrayers of Kamigawa","95","common","it",1,"NM","nonfoil",false,false,false,0.15,0.05,0.36,0.34,0,0,"026907f8-c412-48bc-b333-2af93b7a970e","box","Foundation"
"Baloth delle Frasche","j25","Foundations Jumpstart","643","common","it",1,"NM","nonfoil",false,false,false,0.16,0.06,0,0,0,0,"7d6b438d-5827-4a84-8d0c-e20047d9a319","box","Ff chchobo bundle"
"Baloth Schiantaboschi","j25","Foundations Jumpstart","633","uncommon","it",1,"NM","nonfoil",false,false,false,0.32,0.12,0,0,0,0,"fc30fb66-ec37-41e3-9879-924d9e8ba644","box","Ff chchobo bundle"
"Banda di Demolizione","j25","Foundations Jumpstart","617","common","it",1,"NM","nonfoil",false,false,false,0.08,0.06,0,0,0,0,"6f9c3919-79ba-46e7-93e5-12c7506ec108","box","Avatar bundle"
"Banshee Ululante","j25","Foundations Jumpstart","119","uncommon","it",1,"NM","nonfoil",false,false,false,0.19,0.15,0,0,0,0,"dab34a56-ac10-4fc8-ae4a-f0c60012372b","box","Avatar bundle"
"Baracken-Seelenhändler","mh3","Modern Horizons 3","110","rare","de",1,"NM","nonfoil",false,false,false,13.30,14.07,15.00,13.63,0,0,"1fce7d8f-6ba2-493e-8763-65cdb40511df","box","ProXy"
"Barriera Tagliente","mrd","Mirrodin","17","common","it",1,"NM","nonfoil",false,false,false,0.11,0.11,0.25,0.26,0,0,"3595e832-d73d-490c-80d3-13d5ae06fad2","box","Spiderman"
"Base de missiles de Los Diablos","msh","Marvel Super Heroes","270","common","fr",1,"NM","nonfoil",false,false,false,0.23,0.09,0.28,0.25,0,0,"","box","Ff chchobo bundle"
"Batedor Cefálida","ody","Odyssey","74","common","pt",1,"NM","nonfoil",false,false,false,0.16,0.07,0.69,0.56,0,0,"362ec467-f924-475c-92fa-6a274fb7b6d7","box","Foundation"
"Bâtiment du TCRI","tmt","Teenage Mutant Ninja Turtles","189","common","fr",1,"NM","nonfoil",false,false,false,0.24,0.08,0.19,0.14,0,0,"bed2c271-04ea-47c6-92cd-039ba89ebd3f","box","Ff gift box"
"Batter d'Occhio","j25","Foundations Jumpstart","289","common","it",1,"NM","nonfoil",false,false,false,0.29,0.18,0,0,0,0,"8ecac3fd-abaa-41c8-a3af-45b90fe308c0","box","Avatar bundle"
"Berdica dei Mirran","one","Phyrexia: All Will Be One","22","common","it",1,"NM","nonfoil",false,false,false,0.09,0.05,0.17,0.14,0,0,"4adeadce-9c2c-4cb9-9132-5a37760b74b9","box","Avatar bundle"
"Berretto Rosso Cavalcadonnole","j25","Foundations Jumpstart","614","common","it",1,"NM","nonfoil",false,false,false,0.12,0.17,0,0,0,0,"074ba295-90cb-4c72-bdc8-457994a21b18","box","Avatar bundle"
"Bersaglio Facile","j25","Foundations Jumpstart","645","uncommon","it",1,"NM","nonfoil",false,false,false,0.13,0.04,0,0,0,0,"f4f5b26f-5924-4afc-bddd-22a5da38d488","box","Ff chchobo bundle"
"Bolas Leonid","dst","Darksteel","127","common","it",4,"NM","nonfoil",false,false,false,0.14,0.11,0.49,0.42,0,0,"b49e04a5-20ed-4d70-945a-1c82839a76d5","box","Foundation"
"Bombardiera del Calcio Volante","j25","Foundations Jumpstart","13","rare","it",1,"NM","nonfoil",false,false,false,1.40,1.70,0,0,0,0,"6c84713f-1feb-4318-8939-061daf75ad11","box","Avatar bundle"
"Boschetto Florido","j22","Jumpstart 2022","823","common","it",1,"NM","nonfoil",false,false,false,0.21,0.06,0,0.02,0,0,"63cfc4a4-4cd0-4f11-b0d8-1417212fc903","box","Ff chchobo bundle"
"Boschetto Florido","j25","Foundations Jumpstart","776","common","it",3,"NM","nonfoil",false,false,false,0.35,0.07,0,0,0,0,"6e9138ce-6852-434c-8d00-a2cc89a262b9","box","Ff chchobo bundle"
"Bozzolo di Stasi","5dn","Fifth Dawn","18","common","it",1,"NM","nonfoil",false,false,false,0.08,0.07,0.40,0.29,0,0,"6dd37c8a-2560-4fe7-a725-8c01b2ed53a4","box","Foundation"
"Brama dei Nim","dst","Darksteel","46","common","it",1,"NM","nonfoil",false,false,false,0.09,0.11,0.40,0.30,0,0,"af04b109-213c-4fe2-9b2e-b3ce1eea31b2","box","Foundation"
"Brandigelo","chk","Champions of Kamigawa","167","common","it",2,"NM","nonfoil",false,false,false,0.24,0.12,0.34,0.29,0,0,"5a4768e3-13a8-4d18-99d7-c17ac7a242a6","box","Foundation"
"Braulios della Banda Feres","j25","Foundations Jumpstart","51","uncommon","it",1,"NM","nonfoil",false,false,false,0.34,0.28,0,0,0,0,"8fbb1241-a502-427d-9435-ed29230da369","box","Ff chchobo bundle"
"Brigadier inspirateur","j25","Foundations Jumpstart","212","common","fr",1,"NM","nonfoil",false,false,false,0.31,0.26,0,0,0,0,"6aebe6c8-ec7e-49df-ad62-8885a9c10e64","box","Foundation"
"Brígona, soldado de Meletis","j25","Foundations Jumpstart","30","rare","es",1,"NM","nonfoil",false,false,false,1.46,1.85,0,0,0,0,"8f5ce07c-0d01-4e75-8515-aecc41d29aca","box","Avatar bundle"
"Bruciatore Arguto","snc","Streets of New Capenna","131","common","it",1,"NM","nonfoil",false,false,false,1.07,1.08,2.06,2.00,0,0,"2da9a586-cef7-4d6d-a737-61d4e51b9a87","box","Spiderman"
"Brughiera Florida","j25","Foundations Jumpstart","777","common","it",3,"NM","nonfoil",false,false,false,0.32,0.11,0,0,0,0,"19b05418-26c5-4507-8e43-9054a2cc0d85","box","Ff chchobo bundle"
"Bucaniere Cornolucente","m20","Core Set 2020","141","rare","it",1,"NM","nonfoil",false,false,false,7.02,4.09,13.97,6.22,0,0,"25ddf7a5-9717-46c6-b0a7-3bb8a44a9750","box","Spiderman"
"Burattinaio Psichico","chk","Champions of Kamigawa","80","common","it",2,"NM","nonfoil",false,false,false,0.42,0.47,9.13,2.20,0,0,"65b27b4a-96a2-46d5-b1b3-5aab46b35e08","box","Foundation"
"Cacciatore delle Sabbie Viashino","8ed","Eighth Edition","230","uncommon","it",1,"NM","nonfoil",false,false,false,0.18,0.10,1.49,0.31,0,0,"96b22844-20b8-48ae-820a-1830d658ba55","box","Foundation"
"Cacciatore Viscido","tor","Torment","84","uncommon","it",1,"NM","nonfoil",false,false,false,0.16,0.18,4.04,1.54,0,0,"dd3bd974-234a-4428-abdd-42c45a2012fd","box","Spiderman"
"Calma Riecheggiante","dst","Darksteel","2","common","it",2,"NM","nonfoil",false,false,false,0.12,0.07,0.43,0.13,0,0,"e3b333a6-4699-4841-a7d8-f9c115e150aa","box","Spiderman"
"Calmo Dentro, Forte Fuori","sok","Saviors of Kamigawa","133","common","it",1,"NM","nonfoil",false,false,false,0.22,0.09,0.70,0.65,0,0,"b6b8acb9-5b4b-477c-b077-e4272ae5e2e4","deck","La cosa verde - Main"
"Calvaire de l'archaïque","sos","Secrets of Strixhaven","107","uncommon","fr",1,"NM","nonfoil",false,false,false,0.12,0.03,0.21,0.09,0,0,"dd2e9df7-09e2-4a70-b3d3-14e07e176554","box","Lorwin box"
"Carbonizzare","scg","Scourge","83","uncommon","it",1,"NM","nonfoil",false,false,false,0.09,0.18,0.45,0.67,0,0,"c5ab25e8-0f74-4ea7-a61c-3a2e7e26dad0","box","Foundation"
"Cartiglio dello Zelo","j25","Foundations Jumpstart","529","common","it",1,"NM","nonfoil",false,false,false,0.27,0.06,0,0,0,0,"fffeeae7-ce5f-4d1d-b5a0-aef5f50d1084","box","Avatar bundle"
"Castigo dei Markov","j25","Foundations Jumpstart","576","uncommon","it",1,"NM","nonfoil",false,false,false,0.22,0.08,0,0,0,0,"8f71d4de-6c63-4284-919b-2e0639808139","box","Avatar bundle"
"Catene di Custodia","j25","Foundations Jumpstart","180","common","it",1,"NM","nonfoil",false,false,false,0.32,0.21,0,0,0,0,"538fde6b-6fea-4c69-bc69-6bf7e54ee9fe","box","Avatar bundle"
"Cavalerie protecturge","ecl","Lorwyn Eclipsed","191","common","fr",2,"NM","nonfoil",false,false,false,0.12,0.04,0.12,0.04,0,0,"4fb7d82e-9a73-4592-8b04-bf5eb6cd3101","box","Lorwin box"
"Caverna Dimenticata","onc","Phyrexia: All Will Be One Commander","153","uncommon","it",1,"NM","nonfoil",false,false,false,0.30,0.09,0,0,0,0,"a45adf70-8899-4138-bf70-3651a8896dae","box","Avatar bundle"
"Caverna Dimenticata","ons","Onslaught","317","common","it",1,"NM","nonfoil",false,false,false,0.29,0.21,10.03,6.81,0,0,"dcc1ce5d-555e-48e8-a171-b0b6972bfef5","box","Foundation"
"Celebrante da Battaglia","j25","Foundations Jumpstart","531","mythic","it",1,"NM","nonfoil",false,false,false,0.76,0.99,0,0,0,0,"e16dfd50-f224-4b39-9a75-c1c05eec7f9e","box","Avatar bundle"
"Celebrante dei Petali di Sangue","j25","Foundations Jumpstart","523","common","it",1,"NM","nonfoil",false,false,false,0.25,0.07,0,0,0,0,"33824ae6-7b57-44fe-b8e2-1e3961736d79","box","Avatar bundle"
"Celebranti Falkenrath","j25","Foundations Jumpstart","542","common","it",1,"NM","nonfoil",false,false,false,0.17,0.05,0,0,0,0,"8d8d5d7e-722f-4168-a542-20796b715ba7","box","Avatar bundle"
"Celebrare il Raccolto","mic","Midnight Hunt Commander","24","rare","it",1,"NM","nonfoil",false,false,false,0.37,0.28,0,0,0,0,"efcfc3d0-470e-42d7-9224-df5fd0c65bcb","box","Ff chchobo bundle"
"Champion de haut vol","tmt","Teenage Mutant Ninja Turtles","9","common","fr",1,"NM","nonfoil",false,false,false,0.08,0.05,0.15,0.02,0,0,"560b56d3-8462-41cd-a1e7-cec3120339c0","box","Lorwin box"
"Charge de tramepensée","ecl","Lorwyn Eclipsed","198","uncommon","fr",2,"NM","nonfoil",false,false,false,0.12,0.06,0.19,0.18,0,0,"6847597e-9d86-4213-8d3c-e9b568a55107","box","Lorwin box"
"Chiamata alla Gloria","chk","Champions of Kamigawa","4","common","it",1,"NM","nonfoil",false,false,false,0.18,0.28,6.50,0.76,0,0,"115f0382-3d55-4585-a357-f2f371e8bc0a","box","Spiderman"
"Chiamata di Sangue","j25","Foundations Jumpstart","405","common","it",1,"NM","nonfoil",false,false,false,0.31,0.16,0,0,0,0,"ab5eab72-1b01-4ede-842d-6242c95df731","box","Avatar bundle"
"Chierica Convocaossa","j25","Foundations Jumpstart","112","uncommon","it",1,"NM","nonfoil",false,false,false,0.30,0.14,0,0,0,0,"2ed69795-41d8-4440-b3bd-b6a26142f563","box","Avatar bundle"
"Chierico Caduto","ons","Onslaught","145","common","it",1,"NM","nonfoil",false,false,false,0.10,0.08,0.50,0.43,0,0,"a6e9ae39-11f4-4a9e-a7a8-20e58931574e","box","Foundation"
"Choc","m14","Magic 2014","155","common","fr",1,"NM","nonfoil",false,false,false,0.16,0.12,0.48,1.11,0,0,"d267085d-c743-48f5-9c41-59e64806f915","box","Avatar bundle"
"Cieco di Rabbia","chk","Champions of Kamigawa","158","uncommon","it",1,"NM","nonfoil",false,false,false,0.25,0.17,1.25,0.47,0,0,"d057a450-b098-40bc-95c4-a4075f529100","box","Foundation"
"Cinghiale da Guerra Vulshok","dst","Darksteel","72","uncommon","it",1,"NM","nonfoil",false,false,false,0.07,0.07,0.52,0.13,0,0,"e5aee9c6-a540-486c-8fb3-bfc717387963","box","Foundation"
"Circolo di Protezione: Artefatti","5dn","Fifth Dawn","8","uncommon","it",1,"NM","nonfoil",false,false,false,0.23,0.08,1.53,0.76,0,0,"a98ab6ce-13b2-4927-b58a-6a8a81157c1c","box","Foundation"
"Coccodrillo delle Scorie","5dn","Fifth Dawn","47","common","it",1,"NM","nonfoil",false,false,false,0.09,0.03,0.29,0.27,0,0,"d060a0dd-570e-4ea6-b843-ac142674146d","box","Spiderman"
"Coguaro Dentenero","scg","Scourge","84","common","it",1,"NM","nonfoil",false,false,false,0.06,0.25,3.99,0.58,0,0,"70f908a7-c4a7-4d92-9447-bff1f8e2b78d","box","Foundation"
"Collina delle Spore","znc","Zendikar Rising Commander","82","common","it",1,"NM","nonfoil",false,false,false,0.36,0.25,0,0,0,0,"91392dab-c20e-4880-88e3-232df881631f","box","Ff chchobo bundle"
"Colosso Elettrofuso","dst","Darksteel","94","common","it",1,"NM","nonfoil",false,false,false,0.19,0.13,0.57,0.35,0,0,"48eda041-924d-43b0-9689-4c7af7911705","box","Foundation"
"Colpo Sprezzante","j25","Foundations Jumpstart","187","common","it",1,"NM","nonfoil",false,false,false,0.30,0.15,0,0,0,0,"a897e843-b12d-41b1-81d1-cd65192cc256","box","Avatar bundle"
"Colture Fungine","j25","Foundations Jumpstart","658","uncommon","it",1,"NM","nonfoil",false,false,false,0.33,0.19,0,0,0,0,"59e37218-cdfb-4799-8c71-fb91ab0ce4db","deck","La cosa verde - Main"
"Combattenti dell'Aurora","vow","Innistrad: Crimson Vow","153","common","it",1,"NM","nonfoil",false,false,false,0.10,0.03,0.04,0.05,0,0,"ec8283d5-4b6f-41f4-8dd7-4e66ca939135","box","Avatar bundle"
"Commando crustacé","tmt","Teenage Mutant Ninja Turtles","33","common","fr",1,"NM","nonfoil",false,false,false,0.11,0.02,0.15,0.14,0,0,"35cf29fb-72ec-47a7-aa1a-c08044ca93fb","box","Ff gift box"
"Commerçante de la ruelle du Cubitus","sos","Secrets of Strixhaven","103","common","fr",1,"NM","nonfoil",false,false,false,0.04,0.05,0.22,0.11,0,0,"0b70abb7-41f0-44df-a91a-357883461ef8","box","Lorwin box"
"Concentrare","8ed","Eighth Edition","68","uncommon","it",1,"NM","nonfoil",false,false,false,0.33,0.17,3.49,1.12,0,0,"cbc24b14-5ba6-439f-923a-3a01962d3eed","box","Foundation"
"Concocteur titulaire","sos","Secrets of Strixhaven","163","common","fr",1,"NM","nonfoil",false,false,false,0.07,0.02,0.11,0.02,0,0,"4ce1c864-b7e1-4131-8402-ad30aa0f62eb","box","Lorwin box"
"Confidente Oscuro","j25","Foundations Jumpstart","114","mythic","it",1,"NM","nonfoil",false,false,false,3.94,4.66,0,0,0,0,"94ffde41-e90c-4429-a718-b68971574c39","box","Avatar bundle"
"Conseils de Dina","sos","Secrets of Strixhaven","184","rare","fr",1,"NM","nonfoil",false,false,false,0.96,0.81,1.27,1.01,0,0,"ad308480-ae82-4be9-8d68-81736c5bb74f","box","Lorwin box"
"Corazza di Piastre","j25","Foundations Jumpstart","100","uncommon","it",1,"NM","nonfoil",false,false,false,0.35,0.06,0,0,0,0,"50a5c600-6f10-415e-a313-6070432b05a9","box","Avatar bundle"
"Corda della Convocazione","rvr","Ravnica Remastered","345","rare","it",1,"NM","nonfoil",false,false,false,5.66,4.76,7.17,8.70,0,0,"63e05ff5-dace-4252-a855-5bafa6ffffbf","deck","La cosa verde - Main"
"Cordillère marquée par les vents","fdn","Foundations","271","common","fr",1,"NM","nonfoil",false,false,false,0.28,0.06,0.32,0.03,0,0,"3e148637-16eb-42b7-8c0f-aabd5ddb8045","box","Foundation"
"Creaturbinanti","j25","Foundations Jumpstart","762","uncommon","it",1,"NM","nonfoil",false,false,false,0.20,0.10,0,0,0,0,"f973c32c-91d8-4f82-b3b1-500e9a5cefe7","box","Avatar bundle"
"Cryptide rampant","tmt","Teenage Mutant Ninja Turtles","168","common","fr",1,"NM","nonfoil",false,false,false,0.09,0.02,0.15,0.07,0,0,"0e454697-2a46-421f-b087-53a194672344","box","Lorwin box"
"Cucciola di Falcepardo","j25","Foundations Jumpstart","24","rare","it",1,"NM","nonfoil",false,false,false,25.88,29.20,0,0,0,0,"0ff58c91-6198-4900-80fb-4bdde9381852","box","Ff chchobo bundle"
"Cucciola di Solcacielo","mrd","Mirrodin","21","common","it",1,"NM","nonfoil",false,false,false,0.06,0.09,0.45,0.15,0,0,"1e566e9e-9304-47f4-abe7-ec31ff267941","box","Foundation"
"Cucciolo di Drago","dmr","Dominaria Remastered","317","uncommon","it",1,"NM","nonfoil",false,false,false,0.19,0.15,0.09,0.28,0,0,"476d02eb-b8c0-4c7c-b78e-2343775742d3","box","Avatar bundle"
"Cucciolo di Sputafuoco","fdn","Foundations","197","uncommon","it",1,"NM","nonfoil",false,false,false,0.27,0.25,0.33,0.27,0,0,"ca2853f7-7ef3-4799-8755-9f2fcee11eff","box","Avatar bundle"
"Cucciolo Generoso","j25","Foundations Jumpstart","4","rare","it",1,"NM","nonfoil",false,false,false,5.25,6.90,0,0,0,0,"682cdb63-b802-4a61-a238-ac4958f3e531","box","Avatar bundle"
"Cuori in Fiamme","j25","Foundations Jumpstart","17","common","it",1,"NM","nonfoil",false,false,false,0.24,0.11,0,0,0,0,"9d6ed1a7-ff89-43de-99f5-2f2ede04f5b9","box","Avatar bundle"
"Cynette, Pastora di Meduse","j25","Foundations Jumpstart","35","uncommon","it",1,"NM","nonfoil",false,false,false,0.29,0.21,0,0,0,0,"acf66f6e-80ab-4f1a-9f28-a4dc4498acfc","box","Avatar bundle"
"Dämmerung der Roten Sonne","one","Phyrexia: All Will Be One","145","rare","de",1,"NM","nonfoil",false,false,false,0.32,0.23,0.34,0.39,0,0,"539eef9d-59ee-4aff-a92b-e2904a4ebbdd","deck","Sad Men Parade - Main"
"Danitha Capashen, l'Esemplare","j25","Foundations Jumpstart","59","uncommon","it",1,"NM","nonfoil",false,false,false,0.35,0.32,0,0,0,0,"faeb2e6e-8fff-49ef-8135-c7c21c4dd3d7","box","Avatar bundle"
"Danse de la visionnaire","sos","Secrets of Strixhaven","242","common","fr",1,"NM","nonfoil",false,false,false,1.99,0.18,0.38,0.28,0,0,"","box","Lorwin box"
"Dardo della Fiamma Benedetta","j25","Foundations Jumpstart","551","common","it",1,"NM","nonfoil",false,false,false,0.17,0.02,0,0,0,0,"e8ea5d0b-8025-423d-9be9-b11603702725","box","Avatar bundle"
"Décomposition glorieuse","sos","Secrets of Strixhaven","150","common","fr",2,"NM","nonfoil",false,false,false,0.15,0.10,0.22,0.15,0,0,"a08129c2-8eb3-412d-b232-c20abd0af02e","box","Lorwin box"
"Defenestrare","j25","Foundations Jumpstart","420","common","it",1,"NM","nonfoil",false,false,false,0.16,0.04,0,0,0,0,"bd28f590-6242-4ed7-96a1-b9b894106b0e","box","Avatar bundle"
"Delincuente audaz","j25","Foundations Jumpstart","401","common","es",1,"NM","nonfoil",false,false,false,0.33,0.18,0,0,0,0,"a9db0da6-7789-4094-9c73-8b192380f8f4","box","Avatar bundle"
"Demonietto del Crepuscolo","ody","Odyssey","131","common","it",1,"NM","nonfoil",false,false,false,0.08,0.09,0.41,0.78,0,0,"384f8143-f0a2-4d7b-b061-b6ead22b671f","box","Foundation"
"Dérobade","dst","Darksteel","19","uncommon","fr",1,"NM","nonfoil",false,false,false,0.24,0.10,0.70,0.49,0,0,"9a50ea04-434f-46bc-bc6d-477b8cada9aa","box","Foundation"
"Deserto della Fervente","j25","Foundations Jumpstart","764","common","it",1,"NM","nonfoil",false,false,false,0.26,0.12,0,0,0,0,"2a4cb900-5285-4448-a846-639e70775fbf","box","Avatar bundle"
"Desiderio del Patriarca","ody","Odyssey","156","common","it",1,"NM","nonfoil",false,false,false,0.09,0.11,0.50,0.57,0,0,"17b17dc1-67c8-4589-9939-de7451765378","box","Spiderman"
"Destaonde","j25","Foundations Jumpstart","383","uncommon","it",1,"NM","nonfoil",false,false,false,0.31,0.22,0,0,0,0,"383c8b39-0444-41f4-85ca-952c316f7b37","box","Avatar bundle"
"Dionus, Arcidruido Elfico","j25","Foundations Jumpstart","52","uncommon","it",1,"NM","nonfoil",false,false,false,5.77,9.67,0,0,0,0,"f28b685c-eb16-4a57-952f-21202122446b","box","Ff chchobo bundle"
"Dipartita Silenziosa","j25","Foundations Jumpstart","358","common","it",1,"NM","nonfoil",false,false,false,0.22,0.11,0,0,0,0,"ef5b725c-3ca0-4a48-b582-b715cd3950bb","box","Avatar bundle"
"Discepola di Zannantica","j25","Foundations Jumpstart","432","common","it",1,"NM","nonfoil",false,false,false,0.30,0.14,0,0,0,0,"99922864-cc80-4132-a759-c85fbb3e34ae","box","Avatar bundle"
"Disputa del Lungostelo","blb","Bloomburrow","182","common","it",1,"NM","nonfoil",false,false,false,0.20,0.04,0.23,0.10,0,0,"7bff77fa-0e1b-447f-a11a-3411d9638e03","deck","La cosa verde - Main"
"Dissenziente Condannato","j25","Foundations Jumpstart","425","common","it",1,"NM","nonfoil",false,false,false,0.29,0.14,0,0,0,0,"d9b015e8-6d00-40ce-b7b7-6535e36d1121","box","Avatar bundle"
"Distruggi Artefatto","8ed","Eighth Edition","220","common","it",1,"NM","nonfoil",false,false,false,0.23,0.05,0.49,0.29,0,0,"44dda216-cff0-4180-a3ee-38d70e1a4661","box","Foundation"
"Dolore Insostenibile","chk","Champions of Kamigawa","162","common","it",1,"NM","nonfoil",false,false,false,0.17,0.12,0.26,0.36,0,0,"5420da88-54fd-42af-b8d5-8d7de7626a4d","box","Foundation"
"Domoguardia Leonid","mrd","Mirrodin","9","common","it",1,"NM","nonfoil",false,false,false,0.09,0.06,0.73,0.42,0,0,"55c92cba-cde2-41dc-b25f-816c82da5706","box","Spiderman"
"Dono dell'Alchimista","j25","Foundations Jumpstart","397","common","it",1,"NM","nonfoil",false,false,false,0.32,0.08,0,0,0,0,"c953a649-4d02-4ac0-8af6-b60f1dd69a8d","box","Avatar bundle"
"Dorsoscudo Fantasma","j25","Foundations Jumpstart","8","uncommon","it",1,"NM","nonfoil",false,false,false,0.31,0.16,0,0,0,0,"90cfb328-be38-4ce5-9ea8-7fdeb93dbbbf","box","Avatar bundle"
"Dose de solariane","ecl","Lorwyn Eclipsed","100","uncommon","fr",2,"NM","nonfoil",false,false,false,0.18,0.05,0.20,0.06,0,0,"6a3e54ff-7b83-4a08-b6d8-edfe8e0ebdb5","box","Lorwin box"
"Draghetto Ricucito","j25","Foundations Jumpstart","368","common","it",1,"NM","nonfoil",false,false,false,0.09,0.12,0,0,0,0,"b7917a10-cf4a-4cf2-b0ab-3793c20a03c0","box","Avatar bundle"
"Drago Appena Nato","j25","Foundations Jumpstart","536","common","it",1,"NM","nonfoil",false,false,false,0.19,0.10,0,0,0,0,"9edd0658-b8c8-4bdb-93a8-a075f3e70cb4","box","Avatar bundle"
"Drago Bramoso","j25","Foundations Jumpstart","588","uncommon","it",1,"NM","nonfoil",false,false,false,0.15,0.11,0,0,0,0,"3f113d13-b67a-45b7-9488-4d8c58f64ee0","box","Avatar bundle"
"Drago Sputafolgore","j25","Foundations Jumpstart","600","common","it",1,"NM","nonfoil",false,false,false,0.20,0.06,0,0,0,0,"1b669f6c-4468-4b40-9059-1b8a4cd6308e","box","Avatar bundle"
"Drakôn de rouages étincelant","mkm","Murders at Karlov Manor","424","uncommon","fr",1,"NM","nonfoil",false,false,false,0.25,0.20,0.29,0.29,0,0,"e3d2f6d2-996d-4e73-95a5-867217239ec6","box","Lorwin box"
"Draugr Rubapensieri","j25","Foundations Jumpstart","305","common","it",1,"NM","nonfoil",false,false,false,0.12,0.09,0,0,0,0,"a8858128-b9e8-411e-82b8-2fefef12b84b","box","Avatar bundle"
"Druide de la grande forêt","ecl","Lorwyn Eclipsed","178","common","fr",1,"NM","nonfoil",false,false,false,0.26,0.10,0.33,0.14,0,0,"890567cd-4cd5-4e25-9f42-e2d11cd952cc","box","Lorwin box"
"Duelliste de la conciliatrice","sos","Secrets of Strixhaven","348","rare","fr",1,"NM","nonfoil",false,false,false,5.25,0.28,4.00,0.36,0,0,"","box","Lorwin box"
"Écureuils mutants","tmt","Teenage Mutant Ninja Turtles","81","common","fr",1,"NM","nonfoil",false,false,false,0.27,0.10,0.33,0.13,0,0,"a23487dc-e98c-4cbd-a032-44156f912a31","box","Ff gift box"
"Éducateur primaire","sos","Secrets of Strixhaven","207","uncommon","fr",2,"NM","nonfoil",false,false,false,0.19,0.06,0.25,0.12,0,0,"4f12df1a-fbb8-477b-b84b-99047c202e17","box","Lorwin box"
"Egoista Sprezzante","scg","Scourge","50","common","it",1,"NM","nonfoil",false,false,false,0.10,0.10,1.24,1.77,0,0,"dfa58dea-3c25-40c1-b496-a9395f59a72a","box","Foundation"
"Elementale Scintillante","5dn","Fifth Dawn","79","common","it",1,"NM","nonfoil",false,false,false,0.25,0.24,1.29,0.65,0,0,"55469f84-5ace-441a-a030-7edf8f67f7e1","box","Foundation"
"Elettroduplicato","fdn","Foundations","85","rare","it",1,"NM","nonfoil",false,false,false,0.61,0.61,0.85,0.78,0,0,"23e5068e-9027-4ddd-b011-8bd6c7c35e89","deck","Sad Men Parade - Main"
"Elfi di Llanowar","j25","Foundations Jumpstart","149","common","it",1,"NM","nonfoil",false,false,false,0.35,0.48,0,0,0,0,"6b8bae9b-0ead-4428-ae08-98e4597bf87e","box","Ff chchobo bundle"
"Elite di Dwynen","j25","Foundations Jumpstart","654","uncommon","it",1,"NM","nonfoil",false,false,false,0.31,0.24,0,0,0,0,"dd200841-9717-48d5-833f-980e75f4ab7d","box","Ff chchobo bundle"
"Elmo della Moltitudine","dom","Dominaria","217","rare","it",1,"NM","nonfoil",false,false,false,10.71,5.95,20.18,8.58,0,0,"4ab0fb89-d44b-4f55-ab0c-9a54b06a4dff","deck","Sad Men Parade - Main"
"Émissaire virulent","ecl","Lorwyn Eclipsed","202","uncommon","fr",1,"NM","nonfoil",false,false,false,0.91,0.52,0.93,1.17,0,0,"ae728f68-42b3-4926-bf22-e4043bba6948","box","Lorwin box"
"Emprise infernale","inr","Innistrad Remastered","119","uncommon","fr",1,"NM","nonfoil",false,false,false,0.35,0.49,0.37,0.46,0,0,"","box","Avatar bundle"
"Encremage impérieuse","sos","Secrets of Strixhaven","195","common","fr",1,"NM","nonfoil",false,false,false,0.13,0.04,0.16,0.02,0,0,"4946d380-bc9e-4bc7-b101-876e06d713e9","box","Lorwin box"
"Energumeno di Krark-Clan","mrd","Mirrodin","97","common","it",2,"NM","nonfoil",false,false,false,0.03,0.04,0.13,0.24,0,0,"da4ace00-033b-4831-8022-2908633bca70","box","Foundation"
"Enigmatico del Filametallo","j25","Foundations Jumpstart","755","common","it",1,"NM","nonfoil",false,false,false,0.14,0.08,0,0,0,0,"799566fe-88b3-4300-80a7-64f99f6cf69e","box","Avatar bundle"
"Enjambeuse de vent","xln","Ixalan","88","common","fr",1,"NM","nonfoil",false,false,false,0.08,0.04,0.10,0.20,0,0,"92b63523-5db1-4d8e-aab0-251c931fa3c0","box","Avatar bundle"
"Epurazione","dst","Darksteel","12","uncommon","it",1,"NM","nonfoil",false,false,false,0.16,0.18,0.23,0.44,0,0,"04b04e58-a147-400d-825b-290bf8214097","box","Foundation"
"Erpice","j25","Foundations Jumpstart","668","common","it",1,"NM","nonfoil",false,false,false,0.38,0.24,0,0,0,0,"b0dfe3b9-af16-4df4-980c-e8f254f85fbe","box","Ff chchobo bundle"
"Esecutrice Markov","voc","Crimson Vow Commander","26","rare","it",1,"NM","nonfoil",false,false,false,0.35,0.39,0,0,0,0,"230cc73e-f107-460c-9ac5-dde7d7314ff0","box","Avatar bundle"
"Esemplare Alpha","scg","Scourge","110","uncommon","it",1,"NM","nonfoil",false,false,false,5.54,1.24,29.98,7.09,0,0,"728016b7-6534-4c7b-b767-961b38bb19f0","box","Ff chchobo bundle"
"Esplorare","j25","Foundations Jumpstart","146","common","it",1,"NM","nonfoil",false,false,false,0.25,0.24,0,0,0,0,"d7fa70b0-030e-42b3-aa23-9163f2493155","box","Ff chchobo bundle"
"Esplosione di Magma","5dn","Fifth Dawn","73","uncommon","it",1,"NM","nonfoil",false,false,false,0.19,0.18,1.77,1.04,0,0,"efc72b21-1b43-4f7e-9840-7fc00022466e","box","Foundation"
"Esprit aiguisé","sos","Secrets of Strixhaven","28","common","fr",1,"NM","nonfoil",false,false,false,0.18,0.09,0.22,0.04,0,0,"baef5a8e-c664-4142-af02-4d16067f4dc9","box","Lorwin box"
"Étalon chromatorage","sos","Secrets of Strixhaven","299","rare","fr",1,"NM","nonfoil",false,false,false,22.70,1.00,6.00,1.98,0,0,"","box","Spiderman"
"Étreinte de Feuilledor","ecl","Lorwyn Eclipsed","177","common","fr",1,"NM","nonfoil",false,false,false,0.17,0.02,0.22,0.10,0,0,"755cc00d-cad7-446b-b28a-8b9eccd28f7f","box","Lorwin box"
"Evocatore dell'Erba-Lama","j25","Foundations Jumpstart","22","common","it",2,"NM","nonfoil",false,false,false,0.20,0.07,0,0,0,0,"24ff6ef7-6597-4a37-9b70-e5f9a61c4e64","box","Ff chchobo bundle"
"Expert du tacle","sos","Secrets of Strixhaven","133","common","fr",1,"NM","nonfoil",false,false,false,0.14,0.07,0.13,0.09,0,0,"f079830d-78d1-4169-9b73-117817e92079","box","Lorwin box"
"Explorateur altérable","ecl","Lorwyn Eclipsed","186","rare","fr",1,"NM","nonfoil",false,false,false,1.00,1.48,1.65,1.71,0,0,"8eef04f3-8049-459d-83a5-9b3a91c7a85b","deck","La cosa verde - Main"
"Extracción agonizante","m20","Core Set 2020","83","common","es",1,"NM","nonfoil",false,false,false,0.21,0.04,0.10,0.33,0,0,"bd844668-069f-4d1e-bcfa-468e387ff599","box","Avatar bundle"
"Extractrice de digitale lunaire","ecl","Lorwyn Eclipsed","109","common","fr",1,"NM","nonfoil",false,false,false,0.13,0.04,0.23,0.09,0,0,"113eb0f6-f3bd-4639-8dbb-f6b12d8cbab5","box","Lorwin box"
"Falesia Florida","j22","Jumpstart 2022","822","common","it",3,"NM","nonfoil",false,false,false,0.19,0.09,0,0,0,0,"0d772712-96a4-47cd-8b6c-a410609896e7","box","Ff chchobo bundle"
"Falesia Florida","j25","Foundations Jumpstart","775","common","it",1,"NM","nonfoil",false,false,false,0.36,0.10,0,0,0,0,"389f44b0-f889-4aad-9ba6-d2a576b847eb","box","Ff chchobo bundle"
"Fantasma Inquietante","j25","Foundations Jumpstart","317","common","it",1,"NM","nonfoil",false,false,false,0.14,0.08,0,0,0,0,"b65906e0-8d85-41b3-a618-0f2dae4b9d89","box","Avatar bundle"
"Fatica del Metallo","dst","Darksteel","8","common","it",2,"NM","nonfoil",false,false,false,0.03,0.06,0.26,0.19,0,0,"0f47cb44-3090-4b90-89d4-ccb11299bf0c","box","Foundation"
"Faveur du lumaret","sos","Secrets of Strixhaven","153","uncommon","fr",1,"NM","nonfoil",false,false,false,0.06,0.14,0.20,0.05,0,0,"c3b6850c-bb82-4e17-98be-c235d139afe5","box","Lorwin box"
"Fedele di Koma","j25","Foundations Jumpstart","457","common","it",1,"NM","nonfoil",false,false,false,0.21,0.15,0,0,0,0,"553c5f1b-6fea-4244-80f4-2e095444d53d","box","Avatar bundle"
"Fendere la Terra","bok","Betrayers of Kamigawa","98","common","it",1,"NM","nonfoil",false,false,false,0.22,0.22,2.30,1.65,0,0,"1e963f8d-bcfc-48d5-84bb-b6948f562958","box","Foundation"
"Fiala Eterea","dst","Darksteel","91","uncommon","it",1,"NM","nonfoil",false,false,false,4.69,2.76,34.58,17.14,0,0,"a0659451-eb07-4dd7-b7f0-9c78019b2192","box","Foundation"
"Fiamma dello Yamabushi","chk","Champions of Kamigawa","198","common","it",2,"NM","nonfoil",false,false,false,0.06,0.04,0.15,0.18,0,0,"6acc340c-ffda-4381-81ee-1fd6e55695d9","box","Foundation"
"Fier parent","fdn","Foundations","21","common","fr",1,"NM","nonfoil",false,false,false,0.22,0.11,0.48,0.15,0,0,"9c9c13e5-ad1a-4e56-8e7f-c29f78968312","box","Avatar bundle"
"Fiori di Fuoco Hanabi","chk","Champions of Kamigawa","170","uncommon","it",1,"NM","nonfoil",false,false,false,0.10,0.12,0.40,0.34,0,0,"1db88a7f-6cad-41e0-8c4a-1b312d4816f1","box","Spiderman"
"Fioriture experte","sos","Secrets of Strixhaven","89","common","fr",1,"NM","nonfoil",false,false,false,0.15,0.11,0.33,0.09,0,0,"ab8da9c7-c9bb-4b88-8f8f-1547e3cd35c3","box","Lorwin box"
"Fléau des commerçants","sos","Secrets of Strixhaven","159","common","fr",2,"NM","nonfoil",false,false,false,0.22,0.07,0.35,0.12,0,0,"41d53b9c-6a0e-4d91-85d6-da08dd46f229","box","Lorwin box"
"Fomentatore della Sete di Sangue","j25","Foundations Jumpstart","525","common","it",1,"NM","nonfoil",false,false,false,0.29,0.13,0,0,0,0,"b4435dfe-8c9f-49b5-bf66-cff14bc2a032","box","Avatar bundle"
"Fonderie de Dératiseurs","tmt","Teenage Mutant Ninja Turtles","96","common","fr",1,"NM","nonfoil",false,false,false,0.19,0.11,0.27,0.17,0,0,"b063fcd3-e9d4-4ba2-9614-b3080d5ad6fb","box","Lorwin box"
"Forestiero di Nessun Frammento","j25","Foundations Jumpstart","28","common","it",1,"NM","nonfoil",false,false,false,0.24,0.30,0,0,0,0,"040e04f0-fd1c-4402-86d1-a70ded0c108b","box","Ff chchobo bundle"
"Forgia Armatura","mrd","Mirrodin","92","uncommon","it",1,"NM","nonfoil",false,false,false,0.16,0.08,0.20,0.36,0,0,"c58e34e7-67d8-41ad-a394-c047c64c2fd7","box","Foundation"
"Forma Fantasma","j25","Foundations Jumpstart","344","common","it",1,"NM","nonfoil",false,false,false,0.18,0.09,0,0,0,0,"64742749-4415-4fb7-b1b8-921cb132ded9","box","Avatar bundle"
"Forza del Sepolcro","j25","Foundations Jumpstart","450","uncommon","it",1,"NM","nonfoil",false,false,false,0.28,0.11,0,0,0,0,"f3a522ac-e4ca-4afb-a23e-0c56c832ac56","box","Avatar bundle"
"Forza Sacra","8ed","Eighth Edition","24","common","it",1,"NM","nonfoil",false,false,false,0.05,0.03,0.99,0.31,0,0,"0a7c6715-a90d-4edc-a13b-6cf2e0c59c06","box","Foundation"
"Foudroyeur cérébral","fdn","Foundations","628","uncommon","fr",1,"NM","nonfoil",false,false,false,0.14,0.22,0,0,0,0,"","box","Foundation"
"Frantumare","8ed","Eighth Edition","183","uncommon","it",1,"NM","nonfoil",false,false,false,0.14,0.09,0.49,0.48,0,0,"855ab550-edaf-4956-bc55-cd40ca2fcd33","box","Foundation"
"Fuoco del Drago","j25","Foundations Jumpstart","134","common","it",1,"NM","nonfoil",false,false,false,0.33,0.20,0,0,0,0,"d8f42c72-c740-47c9-b809-b3fd9ee6f258","box","Avatar bundle"
"Gabbia di Mani","chk","Champions of Kamigawa","3","common","it",1,"NM","nonfoil",false,false,false,0.09,0.11,1.07,0.68,0,0,"3f7f369e-a1ab-4112-8d76-9286a1cd0b1c","box","Foundation"
"Gabbiano Fastidioso","j25","Foundations Jumpstart","381","common","it",1,"NM","nonfoil",false,false,false,0.15,0.17,0,0,0,0,"fa77419e-acda-4713-998b-d3d62099fc92","box","Avatar bundle"
"Gazza Ladra","8ed","Eighth Edition","107","uncommon","it",1,"NM","nonfoil",false,false,false,0.18,0.13,2.49,0.95,0,0,"985c78ea-2102-46d0-b7e6-963d73327aad","box","Foundation"
"Gelo Disagevole","j25","Foundations Jumpstart","111","common","it",1,"NM","nonfoil",false,false,false,0.10,0.07,0,0,0,0,"390e7f25-bc8b-4d53-a77c-b682c0ad625b","box","Avatar bundle"
"Gemelli dal Cuore Saldo","j25","Foundations Jumpstart","605","uncommon","it",1,"NM","nonfoil",false,false,false,0.15,0.06,0,0,0,0,"1a824b3d-cbe2-4947-8c65-9c6f30002d56","box","Avatar bundle"
"Germoglio del Groviglio","mrd","Mirrodin","258","common","it",1,"NM","nonfoil",false,false,false,0.17,0.03,0.35,0.33,0,0,"fff9258f-db61-4c02-b657-83d310c593be","box","Spiderman"
"Geyser di Mana","5dn","Fifth Dawn","75","common","it",1,"NM","nonfoil",false,false,false,2.56,0.94,27.59,7.48,0,0,"d9d1cda6-9ac5-489c-9fed-8afd5c32cef9","box","Foundation"
"Ghoul Gemente","j25","Foundations Jumpstart","511","common","it",1,"NM","nonfoil",false,false,false,0.17,0.20,0,0,0,0,"1118f9c7-20d0-4034-bdc7-42c10c510f9b","box","Avatar bundle"
"Gigante delle Colline","8ed","Eighth Edition","194","common","it",1,"NM","nonfoil",false,false,false,0.03,0.02,0.49,0.11,0,0,"e7b5a747-8ac9-493a-80ae-ea717d3be200","box","Foundation"
"Giorno Sacro","8ed","Eighth Edition","23","common","it",1,"NM","nonfoil",false,false,false,0.27,0.19,5.99,1.26,0,0,"b0b8512e-0b5f-4ba2-af17-9898152f330f","box","Spiderman"
"Globo dei Draghi di Corniola","j25","Foundations Jumpstart","131","common","it",1,"NM","nonfoil",false,false,false,0.36,0.63,0,0,0,0,"43b420a2-eef4-421f-b80e-24dbf136097c","box","Avatar bundle"
"Glyphemage impatient","sos","Secrets of Strixhaven","11","common","fr",1,"NM","nonfoil",false,false,false,0.10,0.02,0.15,0.03,0,0,"3bf23da0-a6cd-479d-9c2a-71dd8aa0d20d","box","Lorwin box"
"Goblin del Grido di Guerra","j25","Foundations Jumpstart","127","uncommon","it",1,"NM","nonfoil",false,false,false,0.31,0.30,0,0,0,0,"16aa7a47-803d-4d95-bf4b-ec874ca81717","box","Avatar bundle"
"Goblin Infuriato","dst","Darksteel","56","common","it",1,"NM","nonfoil",false,false,false,0.08,0.04,0.32,0.23,0,0,"a03ddd29-7356-4702-99a6-3f1ad5f98f92","box","Spiderman"
"Goblin Ricercatore","j22","Jumpstart 2022","34","common","it",1,"NM","nonfoil",false,false,false,0.11,0.15,0,0,0,0,"dd7f36fa-4fbe-4926-b5e9-f133595007d5","box","Avatar bundle"
"Golem di Cobalto","mrd","Mirrodin","157","common","it",1,"NM","nonfoil",false,false,false,0.07,0.03,0.34,0.20,0,0,"a313866c-8fb1-4caf-b75e-8181715c7bb3","box","Foundation"
"Graffalon affamé","sos","Secrets of Strixhaven","151","common","fr",1,"NM","nonfoil",false,false,false,0.05,0.03,0.12,0.05,0,0,"15496d1d-34a6-40a2-b51b-4831533bb1db","box","Lorwin box"
"Grub, Storied Matriarch // Grub, Notorious Auntie","ecl","Lorwyn Eclipsed","105","rare","fr",1,"NM","nonfoil",false,false,false,0.30,0.02,1.18,0.02,0,0,"","box","Lorwin box"
"Guardasentieri Tajuru","fdn","Foundations","558","common","it",1,"NM","nonfoil",false,false,false,0.12,0.07,0,0,0,0,"9b858123-f110-41cd-8c3b-0427aefe3da3","box","Ff chchobo bundle"
"Guardia del Corpo di Anaba","6ed","Classic Sixth Edition","164","common","it",1,"NM","nonfoil",false,false,false,0.07,0.05,0,0,0,0,"0093b988-ed77-4c99-84f4-8950c1ebc5f3","box","Spiderman"
"Guardia di Hisoka","chk","Champions of Kamigawa","68","common","it",1,"NM","nonfoil",false,false,false,0.12,0.05,0.28,0.16,0,0,"48880bf2-d4a3-44d2-a9ed-355f851e2933","box","Foundation"
"Guardiano di Anime Inquietante","j25","Foundations Jumpstart","431","common","it",1,"NM","nonfoil",false,false,false,0.21,0.08,0,0,0,0,"e6f6b4cb-41d4-4977-ba9d-e14e56e945e2","box","Avatar bundle"
"Guaritore Consacrato","ody","Odyssey","25","common","it",1,"NM","nonfoil",false,false,false,0.13,0.08,0.91,0.41,0,0,"03d914af-3971-47b8-a20a-ea961337814e","box","Spiderman"
"Guaritore Kitsune","chk","Champions of Kamigawa","27","common","it",3,"NM","nonfoil",false,false,false,0.12,0.08,3.70,0.32,0,0,"c4cf105d-6ab6-41cb-aceb-bb3766161728","box","Spiderman"
"Guida Aerea","j25","Foundations Jumpstart","282","common","it",1,"NM","nonfoil",false,false,false,0.11,0.07,0,0,0,0,"a34e97a0-84c5-44c5-bc7b-fc0ee5037d9d","box","Avatar bundle"
"Guida Ainok","j25","Foundations Jumpstart","625","common","it",1,"NM","nonfoil",false,false,false,0.19,0.10,0,0,0,0,"36fa7a8f-32db-4ba3-bfa1-2e584a9f343a","box","Ff chchobo bundle"
"Guide-bosquet stoïque","ecl","Lorwyn Eclipsed","243","common","fr",1,"NM","nonfoil",false,false,false,0.10,0.04,0.20,0.04,0,0,"622bba60-3bed-4997-b841-3160daf9ebc4","box","Lorwin box"
"Hinter der Maske","mkm","Murders at Karlov Manor","39","common","de",1,"NM","nonfoil",false,false,false,0.14,0.07,0.09,0.14,0,0,"3c6f70c8-df93-4189-8ef5-79cce1ad5667","box","Lorwin box"
"Hippocampe brise-flot","j25","Foundations Jumpstart","387","rare","fr",1,"NM","nonfoil",false,false,false,0.58,0.76,0,0,0,0,"bca783af-e2c0-444d-90da-bca6933339b1","box","Avatar bundle"
"Hydro-canaliseuse","sos","Secrets of Strixhaven","54","common","fr",1,"NM","nonfoil",false,false,false,0.17,0.09,0.23,0.14,0,0,"cc6805c8-093a-46e7-9a8a-99c368ccc524","box","Lorwin box"
"Imboscata Serpentina","j25","Foundations Jumpstart","352","common","it",1,"NM","nonfoil",false,false,false,0.14,0.11,0,0,0,0,"a0a14e7e-382a-4e6d-8ad7-fb243216cf46","box","Avatar bundle"
"Inchiostro Paralizzante","ody","Odyssey","87","common","it",1,"NM","nonfoil",false,false,false,0.07,0.10,0.55,0.69,0,0,"00f85847-8fcf-4a92-b3e4-79aca9ccacb1","box","Foundation"
"Incremento Biogenico","j25","Foundations Jumpstart","144","uncommon","it",1,"NM","nonfoil",false,false,false,0.33,0.14,0,0,0,0,"09a57492-d6aa-40ba-adaa-86104980dfda","box","Avatar bundle"
"Infervorare","dst","Darksteel","64","common","it",1,"NM","nonfoil",false,false,false,0.04,0.06,0.22,0.15,0,0,"7c5f8ea8-50b8-4475-8fdd-32b4303edbe1","box","Spiderman"
"Infestazione Incontrollata","scg","Scourge","108","common","it",1,"NM","nonfoil",false,false,false,0.12,0.16,0.46,0.45,0,0,"12a53c71-d5ed-454e-b493-6e83bd4b7f6f","box","Foundation"
"Infestazione Incontrollata","scg","Scourge","108","common","it",1,"NM","nonfoil",false,false,false,0.12,0.16,0.46,0.45,0,0,"12a53c71-d5ed-454e-b493-6e83bd4b7f6f","box","Spiderman"
"Informateur de Lys Alana","ecl","Lorwyn Eclipsed","181","common","fr",2,"NM","nonfoil",false,false,false,0.11,0.03,0.17,0.09,0,0,"2b427ba8-ed93-45aa-9a15-7ca866b45771","box","Lorwin box"
"Ingannatore Brutale","chk","Champions of Kamigawa","161","common","it",1,"NM","nonfoil",false,false,false,0.04,0.03,0.50,0.25,0,0,"8f8d4fe8-f5f2-4b1f-b77f-444c809b0782","box","Foundation"
"Ingannatore Impietoso","chk","Champions of Kamigawa","11","common","it",1,"NM","nonfoil",false,false,false,0.06,0.04,0.36,0.27,0,0,"7bdd55d0-90d7-4607-a45b-7d5d20938625","box","Foundation"
"Inquisitrice militante","j25","Foundations Jumpstart","226","common","fr",1,"NM","nonfoil",false,false,false,0.09,0.09,0,0,0,0,"4d126b52-1293-40d4-8da8-254ee3081d08","box","Avatar bundle"
"Intimidatore di Boldwyr","j25","Foundations Jumpstart","527","uncommon","it",1,"NM","nonfoil",false,false,false,0.28,0.08,0,0,0,0,"317b9a6f-bfbc-48cc-9fbc-095f096e9c67","box","Avatar bundle"
"Intimidatore di Karga","j25","Foundations Jumpstart","569","rare","it",1,"NM","nonfoil",false,false,false,0.31,0.19,0,0,0,0,"3318393c-c530-407f-8845-c373da025608","box","Avatar bundle"
"Intrappolatore della Messe Nef","akh","Amonkhet","144","common","it",1,"NM","nonfoil",false,false,false,0.03,0.07,0.20,0.14,0,0,"1790e532-a728-40d6-8deb-a6a3d1f5c94a","box","Avatar bundle"
"Intrappolatore Erbafrusta","lgn","Legions","26","common","it",1,"NM","nonfoil",false,false,false,0.14,0.16,1.39,0.62,0,0,"cbf152be-668b-444c-b457-2ac2ee1f9a0a","box","Spiderman"
"Inventaire du site de fouilles","sos","Secrets of Strixhaven","10","common","fr",1,"NM","nonfoil",false,false,false,0.16,0.09,0.18,0.09,0,0,"637d0216-03f2-4ccc-9157-33f206a1fc1e","box","Lorwin box"
"Inversione Misteriosa","chk","Champions of Kamigawa","192","uncommon","it",1,"NM","nonfoil",false,false,false,0.28,0.10,0.47,0.42,0,0,"3227c085-ebe5-441a-ab49-20ba636335ae","box","Foundation"
"Investigatrice Wojek","mkm","Murders at Karlov Manor","36","rare","it",1,"NM","nonfoil",false,false,false,0.35,0.02,0.30,0.96,0,0,"63fa4de8-b475-4103-9b84-1b40cb860a80","box","Lorwin box"
"Invisibilità","8ed","Eighth Edition","87","uncommon","it",1,"NM","nonfoil",false,false,false,0.08,0.02,0.49,0.69,0,0,"cf37aed1-1a72-4e9a-ad9e-98cc9c840581","box","Foundation"
"Iperprotezione","blb","Bloomburrow","185","uncommon","it",1,"NM","nonfoil",false,false,false,1.07,1.34,1.29,2.49,0,0,"68bc05cc-94ae-46b4-a982-5d4949a51655","deck","La cosa verde - Main"
"Ipnotizzatrice di Sangue","j25","Foundations Jumpstart","522","uncommon","it",1,"NM","nonfoil",false,false,false,0.17,0.16,0,0,0,0,"63a89997-5c9f-4744-9911-10aafa7c66d6","box","Avatar bundle"
"Ippocampo Guizzante","j25","Foundations Jumpstart","290","common","it",1,"NM","nonfoil",false,false,false,0.25,0.18,0,0,0,0,"d39c3cc2-35cd-41f9-a915-5f1941793e92","box","Avatar bundle"
"Isola Florida","j25","Foundations Jumpstart","778","common","it",4,"NM","nonfoil",false,false,false,0.30,0.07,0,0,0,0,"118c2220-e032-4725-b832-809d7f20d6d7","box","Ff chchobo bundle"
"Ivora, Erede Insaziabile","j25","Foundations Jumpstart","50","uncommon","it",1,"NM","nonfoil",false,false,false,0.62,0.96,0,0,0,0,"538747eb-fabe-47fb-acff-2b901318062f","box","Avatar bundle"
"Jardins des paradoxes","sos","Secrets of Strixhaven","258","common","fr",1,"NM","nonfoil",false,false,false,0.27,0.14,0.38,0.21,0,0,"","box","Lorwin box"
"Jiang Yanggu, Plasmanatura","j25","Foundations Jumpstart","677","uncommon","it",1,"NM","nonfoil",false,false,false,0.32,0.18,0,0,0,0,"779dd951-1017-4492-8407-f13b0746caff","box","Avatar bundle"
"Joute franche","fdn","Foundations","19","uncommon","fr",1,"NM","nonfoil",false,false,false,0.15,0.09,0.18,0.14,0,0,"7ee8e252-f93a-46c5-99b6-241e2816d099","box","Foundation"
"Kami del Ginepraio Spinato","sok","Saviors of Kamigawa","124","uncommon","it",1,"NM","nonfoil",false,false,false,0.11,0.15,0.50,0.65,0,0,"9cb9bbdb-c48b-453b-84d2-fed48e36059a","box","Spiderman"
"Koya, mort venue du ciel","tmt","Teenage Mutant Ninja Turtles","11","uncommon","fr",1,"NM","nonfoil",false,false,false,0.17,0.16,0.23,0.11,0,0,"222ccb56-8cb1-4371-91ec-e57d06c2d5cc","box","Lorwin box"
"Koya, mort venue du ciel","tmt","Teenage Mutant Ninja Turtles","11","uncommon","fr",1,"NM","nonfoil",false,false,false,0.17,0.16,0.23,0.11,0,0,"222ccb56-8cb1-4371-91ec-e57d06c2d5cc","box","Ff gift box"
"Labourage de minuit","ecl","Lorwyn Eclipsed","182","common","fr",1,"NM","nonfoil",false,false,false,0.22,0.09,0.26,0.20,0,0,"0e89ecd5-c3d9-462a-be3b-b35b861229b9","box","Lorwin box"
"Ladro di Speranza","chk","Champions of Kamigawa","147","uncommon","it",1,"NM","nonfoil",false,false,false,0.18,0.14,1.08,1.03,0,0,"27ffd4b3-8c3f-4195-be3c-514e74e2afd8","box","Spiderman"
"Lamento dei Nim","mrd","Mirrodin","81","common","it",1,"NM","nonfoil",false,false,false,0.36,0.24,1.98,0.52,0,0,"6c409026-7130-4834-b33a-5001294a2e01","box","Foundation"
"Lamento dei Sacrileghi","j25","Foundations Jumpstart","461","uncommon","it",1,"NM","nonfoil",false,false,false,0.25,0.05,0,0,0,0,"93cb1f16-35d2-4c44-98a9-6aaa29bc156c","box","Avatar bundle"
"Lamento di Terrore","ons","Onslaught","138","common","it",1,"NM","nonfoil",false,false,false,0.11,0.12,0.66,0.61,0,0,"9400f86b-86b3-47da-9634-68c61ca416c0","box","Spiderman"
"Landa Florida","afc","Forgotten Realms Commander","271","common","it",1,"NM","nonfoil",false,false,false,0.24,0.20,0,0,0,0,"e7ee7a93-2460-4de0-bc01-3adb449e9e09","box","Ff chchobo bundle"
"Landa Florida","j22","Jumpstart 2022","826","common","it",1,"NM","nonfoil",false,false,false,0.16,0.07,0,0.02,0,0,"00dd159c-00af-48b3-8152-df5cbd462dc6","box","Ff chchobo bundle"
"Landa Florida","j25","Foundations Jumpstart","779","common","it",1,"NM","nonfoil",false,false,false,0.28,0.07,0,0,0,0,"770e0846-3c26-4924-976e-48a782c19c2f","box","Ff chchobo bundle"
"Lathliss, Regina dei Draghi","j25","Foundations Jumpstart","74","rare","it",1,"NM","nonfoil",false,false,false,0.57,0.88,0,0,0,0,"f25bc1ce-b7cd-4c3e-baaf-6302c4061470","box","Avatar bundle"
"Le clonage de Shredder","tmt","Teenage Mutant Ninja Turtles","60","mythic","fr",1,"NM","nonfoil",false,false,false,1.67,1.61,3.06,2.07,0,0,"f61b831f-3b43-4f12-8cdb-426860c2131b","box","ProXy"
"Leggere le Ossa","j25","Foundations Jumpstart","479","common","it",1,"NM","nonfoil",false,false,false,0.32,0.30,0,0,0,0,"a4e1d8c8-cc26-420f-a12a-209797b05046","box","Avatar bundle"
"Lettura dell'Anima","j25","Foundations Jumpstart","362","common","it",1,"NM","nonfoil",false,false,false,0.24,0.22,0,0,0,0,"2c3baa33-6110-433f-a236-53489020f1bd","box","Avatar bundle"
"Lince dei Canyon","8ed","Eighth Edition","181","common","it",1,"NM","nonfoil",false,false,false,0.08,0.05,0.49,0.26,0,0,"e7f28af5-8a74-461d-9999-8028dfc1da51","box","Foundation"
"Loubards des Dragons pourpres","tmt","Teenage Mutant Ninja Turtles","100","common","fr",1,"NM","nonfoil",false,false,false,0.06,0.04,0.17,0.07,0,0,"543cdf6d-4c9c-43b0-b78d-649f1cc55949","box","Ff gift box"
"Luce dell'Altare","mrd","Mirrodin","1","uncommon","it",1,"NM","nonfoil",false,false,false,0.17,0.10,0.42,0.40,0,0,"f6b4a976-03ce-4d84-9d5f-dcaa5f6c66c0","box","Foundation"
"Luce Esiliatrice","j25","Foundations Jumpstart","96","uncommon","it",1,"NM","nonfoil",false,false,false,0.26,0.18,0,0,0,0,"5cbca98c-15e2-4348-9c6b-ebcfb75b194c","box","Avatar bundle"
"Lumaret du bourbier","sos","Secrets of Strixhaven","177","common","fr",2,"NM","nonfoil",false,false,false,0.23,0.12,0.31,0.19,0,0,"1241e8e4-ec45-43fb-ae28-9b5d5fe1bfb2","box","Lorwin box"
"Maestra di Spada Markov","dka","Dark Ascension","96","rare","it",1,"NM","nonfoil",false,false,false,0.32,0.43,0.68,1.73,0,0,"f24c131e-9432-426b-9a44-029a137fc016","box","Avatar bundle"
"Magie de feu","fin","Final Fantasy","136","uncommon","fr",1,"NM","nonfoil",false,false,false,0.77,0.85,1.24,2.21,0,0,"1dfc9c75-d7fd-4eba-a960-ee3c0a7ce5ef","box","Ff chchobo bundle"
"Mago delle Fratture","j25","Foundations Jumpstart","549","common","it",1,"NM","nonfoil",false,false,false,0.21,0.15,0,0,0,0,"b753a030-f921-46a1-af67-91e9dac7322f","box","Avatar bundle"
"Maîtresse piquière fidèle","j25","Foundations Jumpstart","3","common","fr",1,"NM","nonfoil",false,false,false,0.12,0.10,0,0,0,0,"be54e0ec-7edb-4112-a713-f72335b6db56","box","Avatar bundle"
"Majordome grenouille","tmt","Teenage Mutant Ninja Turtles","114","common","fr",1,"NM","nonfoil",false,false,false,0.32,0.09,0.37,0.20,0,0,"9f72ad5a-ad18-46ea-bb5b-994d1008da50","box","Ff gift box"
"Maléfice vengeur","ecl","Lorwyn Eclipsed","116","uncommon","fr",2,"NM","nonfoil",false,false,false,0.60,0.64,1.15,1.03,0,0,"0f9ee32f-7fec-41d7-a384-759920f680f6","box","Lorwin box"
"Mangiacarogne","scg","Scourge","59","common","it",1,"NM","nonfoil",false,false,false,4.72,2.68,41.61,29.32,0,0,"03d6a8e3-7ed0-49a0-b2a8-863593744f99","box","Foundation"
"Manipulation de racines","sos","Secrets of Strixhaven","222","uncommon","fr",1,"NM","nonfoil",false,false,false,0.25,0.11,0.28,0.18,0,0,"687dcaa6-84b0-4e0e-b6bb-115e8daf8774","box","Lorwin box"
"Manto Illuminato di Stelle","j25","Foundations Jumpstart","366","common","it",1,"NM","nonfoil",false,false,false,0.28,0.12,0,0,0,0,"1b445eeb-2d33-4436-b953-48d67ef6c78d","box","Avatar bundle"
"Mantoletale dei Nim","som","Scars of Mirrodin","188","rare","it",1,"NM","nonfoil",false,false,false,4.61,2.41,9.72,4.73,0,0,"1e3bc6cc-0413-497a-9878-644d8d267572","deck","Sad Men Parade - Main"
"Marais","avr","Avacyn Restored","238","common","fr",1,"NM","nonfoil",false,false,false,0.26,0.23,2.19,1.27,0,0,"ded8c7a9-82be-4ed5-baa2-998f42599680","box","Ff chchobo bundle"
"Marais","cmm","Commander Masters","793","common","fr",1,"NM","nonfoil",false,false,false,0.19,0.20,0,0,0,0,"f4f7fac4-e7c5-48df-932b-d9d6ac91907f","box","Lorwin box"
"Marchand vodalian","inv","Invasion","85","common","fr",1,"NM","nonfoil",false,false,false,0.14,0.16,0.88,2.75,0,0,"84f973cb-fbc4-4766-b9fa-637743541ece","box","Foundation"
"Marinaio Spettrale","j25","Foundations Jumpstart","363","uncommon","it",2,"NM","nonfoil",false,false,false,0.32,0.15,0,0,0,0,"faefabf1-f0da-403d-890b-20c2006dc863","box","Avatar bundle"
"Maschera della Memoria","mrd","Mirrodin","203","uncommon","it",1,"NM","nonfoil",false,false,false,0.40,0.23,6.43,2.54,0,0,"32397862-958d-4e43-a0c9-8ac9cd5b8cc7","box","Spiderman"
"Mascotte dei Tre Alberi","blb","Bloomburrow","251","common","it",1,"NM","nonfoil",false,false,false,0.27,0.06,0.28,0.17,0,0,"c302fce6-c39b-4cd0-91da-686b8edccc06","box","Ff chchobo bundle"
"Mascotte élémentaire","sos","Secrets of Strixhaven","185","common","fr",1,"NM","nonfoil",false,false,false,0.11,0.06,0.17,0.06,0,0,"14f9ba06-3099-4f06-8ce0-1c50e8152505","box","Lorwin box"
"Mascotte encrelin","sos","Secrets of Strixhaven","196","common","fr",1,"NM","nonfoil",false,false,false,0.08,0.05,0.19,0.07,0,0,"f6794c12-30f9-4144-9a22-a20a1f2d4343","box","Lorwin box"
"Mascotte Festante","j25","Foundations Jumpstart","213","uncommon","it",1,"NM","nonfoil",false,false,false,0.09,0.06,0,0,0,0,"10f530cd-f1a7-4d43-a3ac-32440c111a85","box","Avatar bundle"
"Mascotte fractale","sos","Secrets of Strixhaven","189","common","fr",1,"NM","nonfoil",false,false,false,0.14,0.03,0.16,0.02,0,0,"a9f34bb7-c254-445c-b737-167271c5ffbf","box","Lorwin box"
"Messaggera dei Sentieri","j25","Foundations Jumpstart","642","common","it",1,"NM","nonfoil",false,false,false,0.11,0.08,0,0,0,0,"f69f7ea2-1713-4c0e-9b14-84b6ab45605a","box","Ff chchobo bundle"
"Migrazione di Saprolingi","dom","Dominaria","178","common","it",1,"NM","nonfoil",false,false,false,0.23,0.13,0.73,0.81,0,0,"8c050f19-db1f-4670-ae0c-451aa0ad1254","box","Ff chchobo bundle"
"Minotauro Cornardente","j25","Foundations Jumpstart","540","common","it",1,"NM","nonfoil",false,false,false,0.08,0.12,0,0,0,0,"3e5e2c1e-8617-40af-888c-d04b78ebcb88","box","Avatar bundle"
"Misteri di Ulvenwald","j25","Foundations Jumpstart","735","uncommon","it",1,"NM","nonfoil",false,false,false,0.28,0.11,0,0,0,0,"9135d501-44f7-4838-a7bb-4d9f3dc7686a","box","Ff chchobo bundle"
"Mistico Lossodonte","dst","Darksteel","7","common","it",2,"NM","nonfoil",false,false,false,0.06,0.05,0.33,0.13,0,0,"a30c91e3-c451-403f-b52c-e53a36d6fbc0","box","Spiderman"
"Momento di Eroismo","j25","Foundations Jumpstart","228","common","it",1,"NM","nonfoil",false,false,false,0.10,0.09,0,0,0,0,"8018e842-5020-499f-8bee-bde22b63033c","box","Avatar bundle"
"Monaco Venerabile","8ed","Eighth Edition","55","common","it",1,"NM","nonfoil",false,false,false,0.04,0.02,0.49,0.22,0,0,"bb4d3c96-7f0c-4432-a178-bf35362a8065","box","Spiderman"
"Monile della Febbre","ons","Onslaught","202","common","it",1,"NM","nonfoil",false,false,false,0.08,0.08,0.60,0.75,0,0,"c70e36fc-03f3-41d3-804f-e8d3467198a2","box","Foundation"
"Morsa Cerebrale","dst","Darksteel","140","uncommon","it",1,"NM","nonfoil",false,false,false,6.82,4.08,97.37,35.61,0,0,"52747219-8f9b-4927-ab0a-fe42018dade2","box","Foundation"
"Moseo, nouveau doyen de la Veine","sos","Secrets of Strixhaven","91","rare","fr",1,"NM","nonfoil",false,false,false,1.18,0.86,1.25,1.03,0,0,"0c6cae60-c19b-45d5-bfac-d7070e225602","box","Lorwin box"
"Mowu, Compagno Fedele","j25","Foundations Jumpstart","79","uncommon","it",1,"NM","nonfoil",false,false,false,0.31,0.24,0,0,0,0,"c7a771c3-6274-4014-851b-c34b254f8dcc","box","Avatar bundle"
"Muro dei Pensieri Perduti","j25","Foundations Jumpstart","384","uncommon","it",2,"NM","nonfoil",false,false,false,0.31,0.09,0,0,0,0,"f147db75-a2e8-49e8-97a2-40d8588b55c9","box","Avatar bundle"
"Muro di Sangue","mrd","Mirrodin","82","uncommon","it",1,"NM","nonfoil",false,false,false,2.59,0.50,11.77,3.43,0,0,"15c2bfb7-9ec4-4ab0-b721-a57db0e5a70f","box","Spiderman"
"Mu Yanling, Danzatrice Celeste","j25","Foundations Jumpstart","329","mythic","it",1,"NM","nonfoil",false,false,false,0.47,0.27,0,0,0,0,"969363f0-efc1-466c-8e44-6715f8aca142","box","Avatar bundle"
"Myr Alfa","mrd","Mirrodin","142","common","it",1,"NM","nonfoil",false,false,false,0.12,0.16,3.27,0.44,0,0,"7cba85a2-62d9-4a14-8425-422271f3ef30","box","Spiderman"
"Myr d'Argento","mrd","Mirrodin","241","common","it",1,"NM","nonfoil",false,false,false,0.81,0.23,21.26,6.62,0,0,"96758a4d-48be-421e-904b-fd96e8073cae","box","Spiderman"
"Myr di Piombo","mrd","Mirrodin","191","common","it",2,"NM","nonfoil",false,false,false,0.40,0.29,13.36,5.74,0,0,"aa30000a-7e02-404c-af2c-6d4e0c6d357e","box","Spiderman"
"Naiade delle Baie Nascoste","j25","Foundations Jumpstart","333","common","it",1,"NM","nonfoil",false,false,false,0.31,0.13,0,0,0,0,"7993ce4f-0399-497d-afba-32ffc56ee726","box","Avatar bundle"
"Nécromancien condamné","2xm","Double Masters","88","rare","fr",1,"NM","nonfoil",false,false,false,0.53,0.41,1.16,0.91,0,0,"f9e9fbc2-6fdb-4597-90a9-2a1d68e9f805","box","Foundation"
"Neerdiv, Tuffatrice Subdola","j25","Foundations Jumpstart","36","rare","it",2,"NM","nonfoil",false,false,false,1.85,1.67,0,0,0,0,"ad5df111-b45f-4699-abb9-0415fa076d6c","box","Avatar bundle"
"Nel Nulla","5dn","Fifth Dawn","33","common","it",3,"NM","nonfoil",false,false,false,0.22,0.04,0.30,0.15,0,0,"4d7fbaeb-9e99-4b02-aee4-1f382bee3ede","box","Foundation"
"Nemesi degli Dei","j25","Foundations Jumpstart","204","mythic","it",1,"NM","nonfoil",false,false,false,2.45,2.30,0,0,0,0,"194fd422-b962-4459-8614-5d7c0974d1e1","box","Avatar bundle"
"Neonato Insolente","j25","Foundations Jumpstart","566","common","it",1,"NM","nonfoil",false,false,false,0.33,0.23,0,0,0,0,"a888920c-5271-4a6f-8371-a494c7c469e7","box","Avatar bundle"
"Nezumi Scruta-Ossa","chk","Champions of Kamigawa","127","uncommon","it",4,"NM","nonfoil",false,false,false,0.36,0.24,4.42,1.98,0,0,"68d51702-646d-4ec2-83a5-d93c9ad3f83f","box","Spiderman"
"Ninja Fantasma","j25","Foundations Jumpstart","345","common","it",1,"NM","nonfoil",false,false,false,0.33,0.17,0,0,0,0,"d4da3c0c-1ae9-4d89-93d5-a050b83d9fb9","box","Avatar bundle"
"Ninnolo dell'Evocatore","5dn","Fifth Dawn","112","common","it",1,"NM","nonfoil",false,false,false,1.64,0.65,16.61,5.58,0,0,"ba8a2494-6685-45bc-8501-1869b5b3b0ab","box","Foundation"
"Nobile Falkenrath","lcc","The Lost Caverns of Ixalan Commander","196","uncommon","it",1,"NM","nonfoil",false,false,false,0.26,0.20,0,0.10,0,0,"e055e7c2-16e0-4d0e-b5e1-f5c0891e03cb","box","Avatar bundle"
"Note en fusion","sos","Secrets of Strixhaven","204","uncommon","fr",1,"NM","nonfoil",false,false,false,0.21,0.09,0.19,0.12,0,0,"0d43cc65-01c3-4edc-b542-c389281e9f81","box","Lorwin box"
"Noyau de firdoch","ecl","Lorwyn Eclipsed","255","common","fr",2,"NM","nonfoil",false,false,false,0.28,0.13,0.34,0.21,0,0,"","box","Lorwin box"
"Ogre di Ghiaccio","bok","Betrayers of Kamigawa","102","common","it",1,"NM","nonfoil",false,false,false,0.14,0.03,0.24,0.23,0,0,"a985929b-7185-4f45-a130-5a7cde7cd4ee","box","Foundation"
"Ogre Forsennato","ody","Odyssey","195","uncommon","it",1,"NM","nonfoil",false,false,false,0.10,0.10,0.77,0.68,0,0,"0d111214-f9d9-4344-a1b0-6a400eabffee","box","Foundation"
"Ogre Inarrestabile","j25","Foundations Jumpstart","609","common","it",1,"NM","nonfoil",false,false,false,0.08,0.10,0,0,0,0,"51e5ec54-b143-4d1d-aa1b-1c0921f44e0f","box","Avatar bundle"
"Ogre Infame","chk","Champions of Kamigawa","148","common","it",1,"NM","nonfoil",false,false,false,0.14,0.04,0.25,0.20,0,0,"1b98bfab-2e88-45f8-9ee5-42e5da394eb7","box","Foundation"
"Ogre Ruggifauce","mrd","Mirrodin","103","uncommon","it",1,"NM","nonfoil",false,false,false,0.07,0.04,0.47,0.31,0,0,"a8645167-bb7c-4fe6-a0ac-efb8bd89fc35","box","Foundation"
"Ogre Sbavante","dst","Darksteel","58","common","it",1,"NM","nonfoil",false,false,false,0.14,0.10,0.31,0.18,0,0,"4bd3629d-ff83-48b4-a843-37a506730873","box","Foundation"
"Ombrelance","ltc","Tales of Middle-earth Commander","353","mythic","fr",1,"NM","nonfoil",false,false,false,48.76,51.95,50.58,59.91,0,0,"","deck","La cosa verde - Main"
"Omicidio","j25","Foundations Jumpstart","467","common","it",1,"NM","nonfoil",false,false,false,0.29,0.11,0,0,0,0,"e93389f8-052f-42ad-9367-513595fb6024","box","Avatar bundle"
"On éclate des robots","tmt","Teenage Mutant Ninja Turtles","85","common","fr",1,"NM","nonfoil",false,false,false,0.08,0.10,0.12,0.08,0,0,"6d1dd95f-5c07-4f5d-b154-fa47761d57a7","box","Ff gift box"
"Oplita Favorito","j25","Foundations Jumpstart","196","uncommon","it",1,"NM","nonfoil",false,false,false,0.26,0.26,0,0,0,0,"8d57a36b-53b2-4df7-be2c-53f89f433e93","box","Avatar bundle"
"Opzione","j25","Foundations Jumpstart","339","common","it",2,"NM","nonfoil",false,false,false,0.27,0.13,0,0,0,0,"41868a8b-bada-48e0-be93-afa658fd3e0f","box","Avatar bundle"
"Ordalia dello Zelo","j25","Foundations Jumpstart","604","uncommon","it",1,"NM","nonfoil",false,false,false,0.11,0.06,0,0,0,0,"4c8799e9-e719-4105-ae99-32feb8adbae8","box","Avatar bundle"
"Ordini di Krenko","j25","Foundations Jumpstart","140","common","it",1,"NM","nonfoil",false,false,false,0.27,0.16,0,0,0,0,"ab73e697-b5e2-4dfb-aab9-c8fef1ceba7f","box","Avatar bundle"
"Ordire","dst","Darksteel","24","common","it",1,"NM","nonfoil",false,false,false,0.05,0.05,0.57,0.25,0,0,"cdf62412-d57b-4ae8-869e-ddbf4ccf8964","box","Foundation"
"Orthion, Eroe di Lavariva","mom","March of the Machine","334","rare","it",1,"NM","nonfoil",false,false,false,5.12,4.01,12.72,9.65,0,0,"4c220b6c-cda5-445d-8c1e-0010203e0ff9","deck","Sad Men Parade - Main"
"Ozox, il Re Scricchiolante","j25","Foundations Jumpstart","44","uncommon","it",1,"NM","nonfoil",false,false,false,0.32,0.28,0,0,0,0,"fc68ee71-fa66-451b-83e3-7f693c1b88db","box","Avatar bundle"
"Palabras aladas","j25","Foundations Jumpstart","393","common","es",1,"NM","nonfoil",false,false,false,0.30,0.19,0,0,0,0,"e0d8f0ba-6fb6-4676-9de9-8f6d60b46cc4","box","Avatar bundle"
"Paladina degli Insanguinati","j25","Foundations Jumpstart","235","common","it",1,"NM","nonfoil",false,false,false,0.12,0.08,0,0,0,0,"d02c3dca-bb91-46ef-a7e7-17f4c811fae7","box","Avatar bundle"
"Paresseux des reliques surpris","sos","Secrets of Strixhaven","233","uncommon","fr",1,"NM","nonfoil",false,false,false,0.17,0.08,0.21,0.10,0,0,"a49d73d3-c6f5-4c90-ae87-08848c3ddd46","box","Lorwin box"
"Perita agraciada","chk","Champions of Kamigawa","63","uncommon","es",1,"NM","nonfoil",false,false,false,0.45,0.27,6.35,1.21,0,0,"c914bacc-4a0c-4acb-b467-280453af193a","box","Foundation"
"Pesce Scorpione Pungente","j25","Foundations Jumpstart","367","uncommon","it",1,"NM","nonfoil",false,false,false,0.28,0.09,0,0,0,0,"b8aefbc4-b6b8-42c0-9d7a-76492919e9fe","box","Avatar bundle"
"Phyrexianisches Vollblut","pls","Planeshift","50","common","de",1,"NM","nonfoil",false,false,false,0.14,0.07,0.52,0.60,0,0,"c0e82835-663e-4a19-aa11-cee77b0a4b70","box","Foundation"
"Piazza degli Eroi","dmu","Dominaria United","252","rare","it",1,"NM","nonfoil",false,false,false,9.54,6.89,8.85,7.54,0,0,"170feb7a-af35-4029-92f0-51e35b72536d","box","Lorwin box"
"Picchiatore di Sokenzan","chk","Champions of Kamigawa","188","common","it",2,"NM","nonfoil",false,false,false,0.10,0.04,0.23,0.40,0,0,"39dcd5e2-b345-40ae-a6e1-1dcc39601b56","box","Foundation"
"Piccozza dell'Enclave Celeste","j25","Foundations Jumpstart","712","uncommon","it",1,"NM","nonfoil",false,false,false,0.28,0.09,0,0,0,0,"7a9fd5a3-5ea9-4e51-a7e2-7f5cdac96619","box","Ff chchobo bundle"
"Pifferaio Viscido","j25","Foundations Jumpstart","25","common","it",2,"NM","nonfoil",false,false,false,0.26,0.08,0,0,0,0,"39b9be6a-64ae-4a76-ac93-ab0ef88be5c5","box","Ff chchobo bundle"
"Pillarde kelde","j25","Foundations Jumpstart","570","common","fr",1,"NM","nonfoil",false,false,false,0.12,0.08,0,0,0,0,"a2a181f5-2f50-4266-bb57-88a206415942","box","Avatar bundle"
"Pioggia di Metallo Fuso","mrd","Mirrodin","101","common","it",1,"NM","nonfoil",false,false,false,0.30,0.19,6.97,1.87,0,0,"bffa5240-4590-45a6-82bd-c3cb36a43973","box","Spiderman"
"Pioggia di Pietre","8ed","Eighth Edition","225","common","it",2,"NM","nonfoil",false,false,false,0.19,0.14,0.79,2.78,0,0,"ee569b8d-0584-40d4-8750-11ff1a161a08","box","Foundation"
"Pioggia di Pietre","9ed","Ninth Edition","221","common","it",1,"NM","nonfoil",false,false,false,0.22,0.21,0.99,2.15,0,0,"dc52f912-c00e-4a3d-9144-4bdaf48d0f51","box","Foundation"
"Pirofobia","j25","Foundations Jumpstart","587","common","it",1,"NM","nonfoil",false,false,false,0.12,0.06,0,0,0,0,"c9cdfe23-fb2d-4c57-82e8-1aed54a25792","box","Avatar bundle"
"Pizza au porridge épicée","tmt","Teenage Mutant Ninja Turtles","109","uncommon","fr",1,"NM","nonfoil",false,false,false,0.15,0.11,0.21,0.10,0,0,"a72190ca-8fa6-4e3f-bc3d-6ed7c8bba534","box","Ff gift box"
"Portatore di Larve","8ed","Eighth Edition","142","common","it",1,"NM","nonfoil",false,false,false,0.16,0.08,0.49,0.30,0,0,"9be793d1-1c79-4f8b-8ac3-2378987fc6c7","box","Spiderman"
"Posizione Valorosa","j25","Foundations Jumpstart","277","uncommon","it",1,"NM","nonfoil",false,false,false,0.27,0.08,0,0,0,0,"acffcda2-ef17-4459-9fa6-7f48eeafd7ef","box","Avatar bundle"
"Posture du gardien hamato","tmt","Teenage Mutant Ninja Turtles","8","common","fr",1,"NM","nonfoil",false,false,false,0.10,0.04,0.16,0.14,0,0,"c4e1b4dd-60ad-4316-b50d-e1a63b6de993","box","Ff gift box"
"Potenza Bruta","akh","Amonkhet","122","common","it",1,"NM","nonfoil",false,false,false,0.15,0.13,0.33,0.35,0,0,"102672ef-0125-4cd4-b188-c72fc2dc6662","box","Avatar bundle"
"Pozza della Procreazione","dst","Darksteel","141","uncommon","it",1,"NM","nonfoil",false,false,false,2.75,1.11,19.33,4.17,0,0,"585bc009-cde5-4a98-88af-1834f486036e","box","Foundation"
"Predatore della Lama Funerea","j25","Foundations Jumpstart","451","uncommon","it",1,"NM","nonfoil",false,false,false,0.18,0.11,0,0,0,0,"ea18c06d-a090-4692-9d4e-c1f5d6712459","box","Avatar bundle"
"Predone dei Campi di Battaglia","j25","Foundations Jumpstart","520","uncommon","it",1,"NM","nonfoil",false,false,false,0.08,0.06,0,0,0,0,"eca2c5e4-53f6-4fa1-a3c6-410453149185","box","Avatar bundle"
"Predone Goblin","8ed","Eighth Edition","191","common","it",4,"NM","nonfoil",false,false,false,0.07,0.09,0.49,0.54,0,0,"78dae5b9-3637-4d73-ac26-fc92caa9fa89","box","Foundation"
"Presa Sonica","tor","Torment","115","common","it",2,"NM","nonfoil",false,false,false,0.19,0.06,1.33,0.95,0,0,"1fdabe70-4196-43e0-97fc-c97232c8a0ed","box","Foundation"
"Presenza della Morte","mic","Midnight Hunt Commander","137","rare","it",1,"NM","nonfoil",false,false,false,0.39,0.37,0,0.20,0,0,"2462912d-0e99-45ff-893e-2deace1f14f2","box","Ff chchobo bundle"
"Prisma Profetico","j25","Foundations Jumpstart","758","common","it",1,"NM","nonfoil",false,false,false,0.34,0.15,0,0,0,0,"5de5c948-9832-4f98-80d2-25459d9aa1bd","box","Avatar bundle"
"Professeur de pierre","sos","Secrets of Strixhaven","36","common","fr",1,"NM","nonfoil",false,false,false,0.08,0.02,0.18,0.03,0,0,"e7041ffc-bf28-4aa6-901b-d1fb18a83d70","box","Lorwin box"
"Protocole de transfert d'esprit","tmt","Teenage Mutant Ninja Turtles","45","common","fr",1,"NM","nonfoil",false,false,false,0.05,0.06,0.21,0.05,0,0,"20da192d-f61d-4b68-9802-b5e8801b8e6c","box","Ff gift box"
"Prunellier gangréné","ecl","Lorwyn Eclipsed","90","common","fr",1,"NM","nonfoil",false,false,false,0.17,0.02,0.20,0.07,0,0,"4afed203-743f-428a-bbf0-04c6bcaf962f","box","Lorwin box"
"Pugnalatore Daru","lgn","Legions","10","common","it",1,"NM","nonfoil",false,false,false,0.14,0.10,0.53,0.31,0,0,"68bd74d8-531b-493e-8cef-d7ff999de05e","box","Spiderman"
"Pulce Fastidiosa","j25","Foundations Jumpstart","343","common","it",1,"NM","nonfoil",false,false,false,0.34,0.22,0,0,0,0,"15fc8ebd-3eb3-45a5-a91f-660a0839f46c","box","Avatar bundle"
"Racines d'esprit","sos","Secrets of Strixhaven","203","uncommon","fr",1,"NM","nonfoil",false,false,false,0.22,0.13,0.26,0.21,0,0,"c9adf7de-0cae-4ef8-8aed-0fa1402afa0c","box","Lorwin box"
"Ráfaga de metralla","mrd","Mirrodin","106","uncommon","es",1,"NM","nonfoil",false,false,false,0.36,0.20,3.81,2.00,0,0,"1bdbfc0f-0866-4d73-a2f4-27e6ab3b5929","box","Foundation"
"Raffica di Vento","j25","Foundations Jumpstart","316","common","it",1,"NM","nonfoil",false,false,false,0.30,0.12,0,0,0,0,"b9694d18-a820-4fbd-ae6d-61cdc8eaa2e1","box","Avatar bundle"
"Raggio Accecante","mrd","Mirrodin","7","common","it",1,"NM","nonfoil",false,false,false,0.07,0.05,0.53,0.21,0,0,"012fdab6-32e2-48c6-a3c1-42d2cd76aa9b","box","Spiderman"
"Raggio della Distorsione","ody","Odyssey","42","common","it",1,"NM","nonfoil",false,false,false,0.29,0.09,0.98,0.63,0,0,"6141ac73-9900-41ba-9d7a-046a438e42a4","box","Spiderman"
"Raminga dei Venti","j25","Foundations Jumpstart","389","common","it",1,"NM","nonfoil",false,false,false,0.05,0.15,0,0,0,0,"64518480-ea5a-4c11-bb5a-ca53b720ce18","box","Avatar bundle"
"Raptor canaille","tmt","Teenage Mutant Ninja Turtles","130","common","fr",1,"NM","nonfoil",false,false,false,0.14,0.05,0.20,0.10,0,0,"ce93be26-7276-4f3a-9a64-67503aad3775","box","Lorwin box"
"Ratti del Tifo","frf","Fate Reforged","89","common","it",1,"NM","nonfoil",false,false,false,0.29,0.11,0.68,1.03,0,0,"56c3b896-e62e-46ca-a57e-ef650e63f98a","box","Avatar bundle"
"Reazione Armata","5dn","Fifth Dawn","2","common","it",3,"NM","nonfoil",false,false,false,0.03,0.02,0.35,0.19,0,0,"745ae202-0a2a-4393-9173-0ed76c5d29de","box","Spiderman"
"Reazione Armata","5dn","Fifth Dawn","2","common","it",1,"NM","nonfoil",false,false,false,0.03,0.02,0.35,0.19,0,0,"745ae202-0a2a-4393-9173-0ed76c5d29de","box","Foundation"
"Reclamare il Bottino","j25","Foundations Jumpstart","141","common","it",1,"NM","nonfoil",false,false,false,0.41,0.52,0,0,0,0,"1f9d2d61-f13a-4dac-9f48-e05fafdb2f40","box","Avatar bundle"
"Redimere","8ed","Eighth Edition","37","common","it",2,"NM","nonfoil",false,false,false,0.08,0.02,0.49,0.39,0,0,"275e6e46-1f34-4088-988e-85499e5a7cff","box","Spiderman"
"Regard du surveillant","sos","Secrets of Strixhaven","213","uncommon","fr",1,"NM","nonfoil",false,false,false,0.16,0.07,0.21,0.08,0,0,"12270d86-a2ef-4642-ac1d-41e267fcd553","box","Lorwin box"
"Reietto delle Steppe Sabbiose","j25","Foundations Jumpstart","248","common","it",1,"NM","nonfoil",false,false,false,0.13,0.02,0,0,0,0,"10def5e9-ad30-4d7f-ad69-65b5963276a1","box","Avatar bundle"
"Replicante Goblin","mrd","Mirrodin","178","common","it",1,"NM","nonfoil",false,false,false,0.11,0.09,0.43,0.33,0,0,"cbc6251c-1f3d-45f6-9dd5-b7c2a449d33a","box","Foundation"
"Réponse expéditive","cmm","Commander Masters","64","common","fr",1,"NM","nonfoil",false,false,false,0.10,0.04,0.13,0.08,0,0,"a827e7c7-2813-45a7-b8a3-a7ef989212ed","box","Avatar bundle"
"Retour aux égouts","tmt","Teenage Mutant Ninja Turtles","52","common","fr",1,"NM","nonfoil",false,false,false,0.09,0.13,0.17,0.12,0,0,"c03a31b6-f6b5-4f03-8ca5-0480f3f34e40","box","Lorwin box"
"Revanche de Shredder","tmt","Teenage Mutant Ninja Turtles","76","common","fr",1,"NM","nonfoil",false,false,false,0.19,0.08,0.25,0.14,0,0,"6f881028-98be-4d59-843d-c4037f6c1d3d","box","Lorwin box"
"Rêvasserie","sos","Secrets of Strixhaven","9","uncommon","fr",1,"NM","nonfoil",false,false,false,0.35,0.22,0.48,0.31,0,0,"85313c33-eb10-48b9-8a8f-208e14f3e200","box","Lorwin box"
"Révélation du Brasier final","ecl","Lorwyn Eclipsed","134","rare","fr",1,"NM","nonfoil",false,false,false,0.17,0.18,0.33,0.18,0,0,"c8a2f2e1-b528-4403-b798-3ffcebae5227","box","Spiderman"
"Revocare la Dipartita","j25","Foundations Jumpstart","10","common","it",2,"NM","nonfoil",false,false,false,0.26,0.09,0,0,0,0,"72ce7556-2933-4ead-9b04-34091c6e27ad","box","Avatar bundle"
"Riciclaggio Impareggiabile","blb","Bloomburrow","188","uncommon","it",1,"NM","nonfoil",false,false,false,0.26,0.19,0.35,0.22,0,0,"cc617b56-2801-4ae1-b900-a49c607e0782","deck","La cosa verde - Main"
"Rielle, l'Onnisapiente","iko","Ikoria: Lair of Behemoths","203","mythic","it",1,"NM","nonfoil",false,false,false,4.59,2.65,4.31,3.81,0,0,"e34b3db6-88a4-447e-b8b9-5ca2397700cf","box","Spiderman"
"Riflessi","8ed","Eighth Edition","213","common","it",1,"NM","nonfoil",false,false,false,0.06,0.02,0.49,0.20,0,0,"5bfda22a-e0fb-4c18-a4bf-f8b34397b3d9","box","Foundation"
"Riflesso dell'Alba","c18","Commander 2018","139","common","it",1,"NM","nonfoil",false,false,false,0.40,0.21,0,0,0,0,"04099464-0700-4af5-a082-5415fe3a32c0","box","Ff chchobo bundle"
"Rinchiuso nel Cimitero","j25","Foundations Jumpstart","321","common","it",2,"NM","nonfoil",false,false,false,0.12,0.11,0,0,0,0,"8bb6d352-215c-4dc9-80f3-9b43967701fe","box","Avatar bundle"
"Rincope Trapano","dst","Darksteel","118","common","it",1,"NM","nonfoil",false,false,false,0.10,0.05,0.17,0.21,0,0,"4f333347-5978-4152-b802-6956eb33375b","box","Foundation"
"Riposte mortelle","fdn","Foundations","492","common","fr",1,"NM","nonfoil",false,false,false,0.15,0.29,0,0,0,0,"7cac7334-d0c4-4054-b70d-185154b755a6","box","Avatar bundle"
"Rishkars Expertise","woc","Wilds of Eldraine Commander","130","rare","de",1,"NM","nonfoil",false,false,false,4.19,2.28,0,0,0,0,"7eab0c62-c999-44ff-9d6e-bce724841474","deck","La cosa verde - Main"
"Riti del Villaggio","j25","Foundations Jumpstart","508","common","it",1,"NM","nonfoil",false,false,false,0.36,0.32,0,0,0,0,"35b86631-8fa0-4b58-8ae7-a89d51657125","box","Avatar bundle"
"Riti di Sangue","chk","Champions of Kamigawa","159","uncommon","it",1,"NM","nonfoil",false,false,false,0.10,0.11,0.35,0.28,0,0,"c6b42b45-ac31-4fb0-83e2-e36076f97e60","box","Foundation"
"Rivelazione Improvvisa","j25","Foundations Jumpstart","110","uncommon","it",2,"NM","nonfoil",false,false,false,0.13,0.06,0,0,0,0,"cfc42775-d732-405a-9263-638cd990a699","box","Avatar bundle"
"Rivelazione Sciamanica","ncc","New Capenna Commander","311","rare","it",1,"NM","nonfoil",false,false,false,0.98,0.63,0,0,0,0,"7e63e7ca-2193-42d9-8ffe-316afb5c4ec9","deck","La cosa verde - Main"
"Rivolo Ipnu","j25","Foundations Jumpstart","767","uncommon","it",1,"NM","nonfoil",false,false,false,0.32,0.19,0,0,0,0,"236c9783-096a-4ca9-84b9-95a90a61f72a","box","Avatar bundle"
"Ronin Invasato","chk","Champions of Kamigawa","156","common","it",2,"NM","nonfoil",false,false,false,0.11,0.09,0.95,0.35,0,0,"49cae1e8-2cea-4e94-a678-a4bdaf945cec","box","Foundation"
"Ronin nezumi","chk","Champions of Kamigawa","130","common","fr",8,"NM","nonfoil",false,false,false,0.13,0.08,0.36,0.29,0,0,"05edab22-b6f2-4ac7-a173-81ae31c0249a","box","Spiderman"
"Rovina Riecheggiante","dst","Darksteel","59","common","it",1,"NM","nonfoil",false,false,false,0.21,0.12,0.65,0.32,0,0,"a4912507-fce8-4590-9b07-c5f2105466a1","box","Foundation"
"Rupi di Rapidacque","fdn","Foundations","268","common","it",4,"NM","nonfoil",false,false,false,0.27,0.07,0.25,0.06,0,0,"6dd203f0-b189-47db-935f-d091919b8d38","box","Spiderman"
"Sabbie Verdeggianti","fdn","Foundations","260","common","it",6,"NM","nonfoil",false,false,false,0.24,0.07,0.31,0.14,0,0,"bdcefe7f-bf51-4448-bdd6-2d0b87c9d6f1","box","Spiderman"
"Saccage téméraire","ecl","Lorwyn Eclipsed","152","common","fr",1,"NM","nonfoil",false,false,false,0.23,0.11,0.32,0.25,0,0,"4baaf9b4-4292-499b-b2aa-cd8b598734bd","box","Lorwin box"
"Säer des Chaos","fdn","Foundations","95","common","de",1,"NM","nonfoil",false,false,false,0.12,0.07,0.14,0.04,0,0,"793dfa8c-b30a-498b-93c7-b4f1b01a1a92","box","Foundation"
"Sagesse des ères","sos","Secrets of Strixhaven","71","rare","fr",1,"NM","nonfoil",false,false,false,0.39,0.17,0.34,0.24,0,0,"32c1d4b9-c946-437f-9b24-3433e6a5af13","box","Lorwin box"
"Saggia delle Ombre di Skemfar","j25","Foundations Jumpstart","489","uncommon","it",1,"NM","nonfoil",false,false,false,0.43,0.15,0,0,0,0,"e304b768-5674-46b9-9486-8e45bfc49fde","box","Avatar bundle"
"Saggia di Somberwald","mic","Midnight Hunt Commander","144","rare","it",1,"NM","nonfoil",false,false,false,0.61,0.65,0,0,0,0,"62f1787b-a3bf-4975-a5c9-372915a84458","box","Ff chchobo bundle"
"Salve de grimoire","sos","Secrets of Strixhaven","135","common","fr",1,"NM","nonfoil",false,false,false,0.11,0.02,0.15,0.07,0,0,"07f3bd8e-4991-4d12-be38-90a588097d71","box","Lorwin box"
"Saprofago del Cimitero di Guerra","j25","Foundations Jumpstart","423","common","it",1,"NM","nonfoil",false,false,false,0.13,0.15,0,0,0,0,"a067736d-dbd8-4c50-960c-90dc818df235","box","Avatar bundle"
"Sayi, Maestro Totterista","j25","Foundations Jumpstart","63","rare","it",1,"NM","nonfoil",false,false,false,0.38,0.38,0,0,0,0,"112dc2d1-b8cd-47d0-b0d7-f2b2d95488a8","box","Avatar bundle"
"Scansare","som","Scars of Mirrodin","49","common","it",2,"NM","nonfoil",false,false,false,0.17,0.33,5.27,2.54,0,0,"97067038-b38c-4e2a-a5d3-6c128c97bdf4","box","Spiderman"
"Scarabeo Sciacallo","dst","Darksteel","51","common","it",2,"NM","nonfoil",false,false,false,0.03,0.03,0.25,0.31,0,0,"03e83c38-4c13-4eaf-8d17-c6976d6066cc","box","Foundation"
"Scarica Elettrostatica","mrd","Mirrodin","89","common","it",1,"NM","nonfoil",false,false,false,0.06,0.03,0.61,0.19,0,0,"c1199710-9c79-4a5b-957c-0b57d2efe666","box","Foundation"
"Scatola di Specchi","neo","Kamigawa: Neon Dynasty","250","rare","it",1,"NM","nonfoil",false,false,false,4.66,2.02,5.45,2.90,0,0,"702ecd7a-fa5c-4496-bb4d-b7297b82e1b4","deck","Sad Men Parade - Main"
"Scavatombe","m19","Core Set 2019","98","uncommon","it",1,"NM","nonfoil",false,false,false,0.11,0.10,0.35,0.18,0,0,"52314a37-480c-44f2-828b-621b9232ac26","box","Avatar bundle"
"Schiavista della Cabala","ons","Onslaught","131","uncommon","it",1,"NM","nonfoil",false,false,false,0.26,0.15,2.55,1.60,0,0,"a9053672-5d4e-4ad1-99e9-eeaa62951cd9","box","Spiderman"
"Schlangenhautschleier","fdn","Foundations","233","uncommon","de",1,"NM","nonfoil",false,false,false,0.25,0.09,0.37,0.24,0,0,"c8ac5306-f7f0-4f64-91dd-e0f04af084f5","box","Foundation"
"Sciacalla Moriok","mrd","Mirrodin","68","common","it",1,"NM","nonfoil",false,false,false,0.06,0.03,0.35,0.27,0,0,"66bc14f4-db60-4d0b-bc7f-8aac472fa24d","box","Spiderman"
"Sciame di Spore","j25","Foundations Jumpstart","717","uncommon","it",1,"NM","nonfoil",false,false,false,0.34,0.19,0,0,0,0,"3923e1bc-d3f2-40be-bc76-452ca8c2e848","box","Ff chchobo bundle"
"Sciame Strillante","j25","Foundations Jumpstart","351","uncommon","it",1,"NM","nonfoil",false,false,false,0.23,0.07,0,0,0,0,"5d2e0b91-a370-4d38-b284-bfc4f247bc98","box","Avatar bundle"
"Sciame Strillante","vow","Innistrad: Crimson Vow","75","uncommon","it",1,"NM","nonfoil",false,false,false,0.16,0.04,0.24,0.17,0,0,"148fea74-5f54-4fc1-b8bc-0bb8f8719771","box","Avatar bundle"
"Scientifiques utroms","tmt","Teenage Mutant Ninja Turtles","56","common","fr",1,"NM","nonfoil",false,false,false,0.08,0.05,0.14,0.06,0,0,"c7a9a28a-4a38-4e49-81b6-de6682a9e701","box","Ff gift box"
"Scrutatore di Malcator","j25","Foundations Jumpstart","324","common","it",1,"NM","nonfoil",false,false,false,0.27,0.14,0,0,0,0,"7d68120e-97cf-4999-a6d2-9f42153fd4b8","box","Avatar bundle"
"Sentinella del Bosco Verdeggiante","j25","Foundations Jumpstart","666","common","it",1,"NM","nonfoil",false,false,false,0.14,0.09,0,0,0,0,"7a77058b-e023-4c5a-a708-16e7bc9af67f","box","Avatar bundle"
"Sentinelle calomnieuse","mh3","Modern Horizons 3","108","common","fr",1,"NM","nonfoil",false,false,false,0.14,0.03,0.18,0.14,0,0,"466d6bee-1d73-45b2-b18a-25557843616d","box","Lorwin box"
"Seppellire di Libri","j25","Foundations Jumpstart","292","common","it",1,"NM","nonfoil",false,false,false,0.06,0.11,0,0,0,0,"54541395-fb3f-4a7e-bbc5-2d924257cfee","box","Avatar bundle"
"Serpe Meccanivora","j25","Foundations Jumpstart","314","common","it",1,"NM","nonfoil",false,false,false,0.25,0.15,0,0,0,0,"94adff52-d3f4-475d-ac63-e783f04f9bf9","box","Avatar bundle"
"Servitore della Scaglia","j25","Foundations Jumpstart","711","common","it",1,"NM","nonfoil",false,false,false,0.15,0.14,0,0,0,0,"eb2dd507-ee3c-4f6d-85c1-4d733761cfe2","box","Avatar bundle"
"Servitore di Filigrana","j25","Foundations Jumpstart","312","uncommon","it",1,"NM","nonfoil",false,false,false,0.31,0.24,0,0,0,0,"5dabc8d6-7e17-43db-b1c9-aa7c14ebe982","box","Avatar bundle"
"Shikari della Lancia Solare","j25","Foundations Jumpstart","268","common","it",1,"NM","nonfoil",false,false,false,0.19,0.12,0,0,0,0,"b69b977a-4eb9-4bbe-9c27-31965037609f","box","Avatar bundle"
"Shinen della Paura Infantile","sok","Saviors of Kamigawa","88","common","it",1,"NM","nonfoil",false,false,false,0.13,0.03,0.69,0.39,0,0,"dc31a6de-55c0-4ad7-8df9-d75996e7fd56","box","Spiderman"
"Simbionte Sauriano","j25","Foundations Jumpstart","23","common","it",1,"NM","nonfoil",false,false,false,0.26,0.15,0,0,0,0,"cadd3845-e15b-4968-a9d1-46227173d807","box","Ff chchobo bundle"
"Simbiosi dei Saprolingi","dmr","Dominaria Remastered","175","rare","it",1,"NM","nonfoil",false,false,false,2.35,0.61,1.70,0.52,0,0,"b7a4dca1-f3b9-4e43-a2ef-df6078c3136a","deck","La cosa verde - Main"
"Smembrare","nph","New Phyrexia","57","uncommon","it",1,"NM","nonfoil",false,false,false,3.50,2.94,27.16,18.62,0,0,"af244022-9694-4dc8-828d-46012c538a06","deck","Sad Men Parade - Main"
"S'occuper des pousses","ecl","Lorwyn Eclipsed","197","common","fr",1,"NM","nonfoil",false,false,false,0.19,0.06,0.25,0.04,0,0,"46a24d71-4e08-49fb-985a-83a032084710","box","Lorwin box"
"Sogni Disgustosi","tor","Torment","83","uncommon","it",1,"NM","nonfoil",false,false,false,1.38,2.41,12.14,14.31,0,0,"50728788-ede9-40ce-a80c-a28aacf68fa5","box","Foundation"
"Sommergere nel Fuoco Draconico","j25","Foundations Jumpstart","519","common","it",1,"NM","nonfoil",false,false,false,0.20,0.15,0,0,0,0,"ad65d7db-35ad-4ebc-9b62-aa74c94578ac","box","Avatar bundle"
"Sommo Sacerdote di Tethmos","j25","Foundations Jumpstart","271","common","it",1,"NM","nonfoil",false,false,false,0.31,0.19,0,0,0,0,"fa05e2cc-cb6d-4f0b-b2d0-614be5fd7fa7","box","Avatar bundle"
"Sorcier de sang vengeur","fdn","Foundations","76","uncommon","fr",1,"NM","nonfoil",false,false,false,0.26,0.35,0.40,0.34,0,0,"f36b65d4-62f2-4724-a275-16f214680ecc","box","Ff chchobo bundle"
"Sorpresa Goblin","j25","Foundations Jumpstart","16","uncommon","it",1,"NM","nonfoil",false,false,false,0.24,0.18,0,0,0,0,"ac34e57e-fdcf-4b31-ace4-8afd360e986d","box","Avatar bundle"
"Sortir de la tombe","sos","Secrets of Strixhaven","95","common","fr",1,"NM","nonfoil",false,false,false,0.20,0.10,0.27,0.08,0,0,"85a37c66-bb33-473f-822a-c92a59129f3a","box","Lorwin box"
"Sorvegliante degli Eterni","j25","Foundations Jumpstart","117","uncommon","it",1,"NM","nonfoil",false,false,false,0.24,0.02,0,0,0,0,"70866af4-2474-4ef1-b8c2-287bc16618cf","box","Avatar bundle"
"Sottoposto di Kuro","sok","Saviors of Kamigawa","79","common","it",1,"NM","nonfoil",false,false,false,0.22,0.09,1.66,1.04,0,0,"5f865b70-c159-49f3-acdf-a2a821405802","box","Foundation"
"Soverchiare","m15","Magic 2015","189","uncommon","it",1,"NM","nonfoil",false,false,false,0.04,0.07,0.30,0.25,0,0,"254296f3-c7bd-4345-bffe-4a9b0d6d73d8","box","Ff chchobo bundle"
"Spruzzo di Scintille","scg","Scourge","105","common","it",1,"NM","nonfoil",false,false,false,0.18,0.06,1.82,2.59,0,0,"95e94867-3db3-4f4d-aa66-ba812aa6e712","box","Foundation"
"Stendardo Araldico","fdn","Foundations","254","uncommon","it",1,"NM","nonfoil",false,false,false,0.30,0.19,0.41,0.41,0,0,"f1751941-ebf5-477a-a77d-b4ed609f518e","box","Ff chchobo bundle"
"Straccivendolo","chk","Champions of Kamigawa","138","common","it",1,"NM","nonfoil",false,false,false,0.13,0.02,0.26,0.27,0,0,"8e58bda6-0f32-40fe-848d-aa76ea5f7723","box","Spiderman"
"Strige Vedetta","fdn","Foundations","52","common","it",1,"NM","nonfoil",false,false,false,0.16,0.10,0.20,0.17,0,0,"509d2523-2e9c-429e-a914-2d262e81381c","box","Avatar bundle"
"Strisciante di Spore","j25","Foundations Jumpstart","716","common","it",1,"NM","nonfoil",false,false,false,0.18,0.08,0,0,0,0,"15e0675f-0b7a-41af-a1c4-bc42fcb7cde0","box","Ff chchobo bundle"
"Strisciante Vesproguscio","j25","Foundations Jumpstart","653","common","it",1,"NM","nonfoil",false,false,false,0.22,0.22,0,0,0,0,"331ce7a7-75d2-43e5-bd5c-290c30a2f54a","box","Avatar bundle"
"Suivre les lumarets","sos","Secrets of Strixhaven","148","common","fr",1,"NM","nonfoil",false,false,false,0.15,0.13,0.28,0.12,0,0,"0d81e320-47a1-4ade-a9a3-2f528b57f6ff","box","Lorwin box"
"Suplicante siniestro","j25","Foundations Jumpstart","418","uncommon","es",1,"NM","nonfoil",false,false,false,0.16,0.16,0,0,0,0,"fb280aca-1e26-499b-b9f7-fe008550fb05","box","Avatar bundle"
"Surineur nezumi","chk","Champions of Kamigawa","128","common","fr",1,"NM","nonfoil",false,false,false,0.31,0.15,0.99,0.65,0,0,"5fcf2f96-2887-4bff-8af6-ac65ad0dfe40","box","Foundation"
"Susur Secundi, autel du Vide","eoe","Edge of Eternities","379","mythic","fr",1,"NM","foil",false,false,false,0,0,91.32,48.49,0,0,"","box","ProXy"
"Sutina, Portavoce dei Tajuru","j25","Foundations Jumpstart","56","uncommon","it",1,"NM","nonfoil",false,false,false,0.34,0.47,0,0,0,0,"7b1dbe88-5e8b-41bf-947f-ed87a882cf0c","box","Ff chchobo bundle"
"Sviluppo Bellico","mrd","Mirrodin","113","common","it",1,"NM","nonfoil",false,false,false,0.07,0.04,0.38,0.21,0,0,"abc3ca74-9ab7-4864-b609-70973c71620d","box","Ff chchobo bundle"
"Symposium sur l'échomancie","sos","Secrets of Strixhaven","291","mythic","fr",1,"NM","nonfoil",false,false,false,12.66,3.43,8.56,5.86,0,0,"","box","Lorwin box"
"Tacle chélonien","sos","Secrets of Strixhaven","142","uncommon","fr",1,"NM","nonfoil",false,false,false,0.23,0.10,0.27,0.13,0,0,"a2d566bf-2067-493a-80e9-a9a5d7e36e8b","box","Lorwin box"
"Tagliagole Nezumi","chk","Champions of Kamigawa","128","common","it",3,"NM","nonfoil",false,false,false,0.31,0.15,0.99,0.65,0,0,"dd8a264e-4ac3-41a8-a59e-6ae516e1b75a","box","Foundation"
"Tagliagole Salmastride","j25","Foundations Jumpstart","291","uncommon","it",1,"NM","nonfoil",false,false,false,0.20,0.10,0,0,0,0,"eb3d1311-6f58-41a0-8dbc-384f33ef0f9b","box","Avatar bundle"
"Tattiche di Guerriglia","8ed","Eighth Edition","192","uncommon","it",1,"NM","nonfoil",false,false,false,0.32,0.07,1.49,0.66,0,0,"7c6a752a-6074-4ee5-89e1-edd4468dca2a","box","Foundation"
"Technique d'éclaboussure","sos","Secrets of Strixhaven","231","rare","fr",1,"NM","nonfoil",false,false,false,2.30,0.85,0.89,2.49,0,0,"","box","Spiderman"
"Tempesta dello Yamabushi","chk","Champions of Kamigawa","199","common","it",1,"NM","nonfoil",false,false,false,0.11,0.13,0.69,0.22,0,0,"3438c91f-a224-4cd7-9e9e-00ed88c466d6","box","Foundation"
"Terreno Ondoso","j25","Foundations Jumpstart","667","common","it",1,"NM","nonfoil",false,false,false,0.34,0.32,0,0,0,0,"5da883c5-a91b-41d3-9481-86a6d5fa3ac8","box","Ff chchobo bundle"
"Terre Selvagge in Evoluzione","j25","Foundations Jumpstart","765","common","it",1,"NM","nonfoil",false,false,false,0.21,0.12,0,0,0,0,"1708f7a3-e035-413f-a794-18db228b2a14","box","Ff chchobo bundle"
"Testimone Crudele","j25","Foundations Jumpstart","302","common","it",1,"NM","nonfoil",false,false,false,0.20,0.06,0,0,0,0,"8a2fcdbb-bd4f-4cca-9e82-2fe5a3e78027","box","Avatar bundle"
"Thallid Cinto di Spore","j25","Foundations Jumpstart","718","uncommon","it",1,"NM","nonfoil",false,false,false,0.35,0.26,0,0,0,0,"682eea6d-a779-4f68-9f8d-4108b49eae96","box","Ff chchobo bundle"
"Thallid del Linguatuka","j25","Foundations Jumpstart","733","common","it",1,"NM","nonfoil",false,false,false,0.34,0.24,0,0,0,0,"75d85ec3-73b4-4345-bfa8-af391be33101","box","Ff chchobo bundle"
"Tirapiedi Sacrificabile","j25","Foundations Jumpstart","308","common","it",2,"NM","nonfoil",false,false,false,0.14,0.08,0,0,0,0,"30d79666-c55e-4038-b361-840386b8e338","box","Avatar bundle"
"Tombe du Titan","sos","Secrets of Strixhaven","266","common","fr",1,"NM","nonfoil",false,false,false,0.65,0.13,1.28,0.21,0,0,"","box","Lorwin box"
"Torbran, Signore di Rossocolle","eld","Throne of Eldraine","147","rare","it",1,"NM","nonfoil",false,false,false,3.54,2.68,6.95,4.14,0,0,"12e6b0e2-8173-41cc-9fe7-0ba499848b1a","box","Spiderman"
"Tragico Scivolone","j22","Jumpstart 2022","478","common","it",1,"NM","nonfoil",false,false,false,0.29,0.38,0,0,0,0,"f97db9df-ba69-4355-bc7d-26418d03b1ca","box","Avatar bundle"
"Tramutante Basilare","tsp","Time Spiral","96","common","it",1,"NM","nonfoil",false,false,false,0.68,0.25,17.95,5.52,0,0,"8cb41ca6-7aad-49a5-82e5-d71b2cc953ff","box","Spiderman"
"Transazione Oscura","j25","Foundations Jumpstart","113","common","it",1,"NM","nonfoil",false,false,false,0.21,0.05,0,0,0,0,"357e7c29-6dd1-4a8f-8739-233ddab9d7f2","box","Avatar bundle"
"Trappola di Luce Stellare","fdn","Foundations","514","common","it",2,"NM","nonfoil",false,false,false,0.12,0.14,0,0,0,0,"52ede1c7-e9ec-496c-9a61-15e98054567b","box","Avatar bundle"
"Trappola di Luce Stellare","j25","Foundations Jumpstart","9","common","it",2,"NM","nonfoil",false,false,false,0.11,0.08,0,0,0,0,"2768071e-5098-48b7-b80d-a2ae05226c92","box","Avatar bundle"
"Traviare","jud","Judgment","14","common","it",1,"NM","nonfoil",false,false,false,0.10,0.05,0.28,0.47,0,0,"656e9441-d0e3-4eac-82e2-4ca0235487b1","box","Spiderman"
"Tremore","8ed","Eighth Edition","228","common","it",1,"NM","nonfoil",false,false,false,0.09,0.12,0.49,0.22,0,0,"3fe9790b-4688-49fe-80cb-4bdb73866d3f","box","Foundation"
"Trésor de la potionnière","sos","Secrets of Strixhaven","251","common","fr",1,"NM","nonfoil",false,false,false,0.27,0.19,0.38,0.28,0,0,"","box","Lorwin box"
"Tre Tragedie","bok","Betrayers of Kamigawa","87","uncommon","it",1,"NM","nonfoil",false,false,false,0.10,0.03,0.39,0.45,0,0,"e787cfae-2085-4659-982f-e3db10be0c05","box","Foundation"
"Trionfare","hou","Hour of Devastation","125","uncommon","it",1,"NM","nonfoil",false,false,false,0.06,0.05,0.20,0.21,0,0,"66f11f29-133a-4a56-99ea-c0fc11888adb","box","Ff chchobo bundle"
"Truppe d'Assalto","8ed","Eighth Edition","223","common","it",1,"NM","nonfoil",false,false,false,0.02,0.02,0.49,1.38,0,0,"630a7950-6de6-4e57-be36-d22acfca8635","box","Foundation"
"Trystan, Callous Cultivator // Trystan, Penitent Culler","ecl","Lorwyn Eclipsed","199","rare","fr",1,"NM","nonfoil",false,false,false,0.26,0.02,0.34,0.35,0,0,"","box","Lorwin box"
"Tyrranax Spinato","j25","Foundations Jumpstart","26","uncommon","it",1,"NM","nonfoil",false,false,false,0.22,0.20,0,0,0,0,"f8d5d7a2-890c-45f9-88b4-6de95ab05a17","box","Avatar bundle"
"Ulcération","j25","Foundations Jumpstart","499","uncommon","fr",1,"NM","nonfoil",false,false,false,0.30,0.13,0,0,0,0,"47e5d512-97f2-4d25-b15b-f3e655004098","box","Avatar bundle"
"Ululatore Cacciasangue","lgn","Legions","89","common","it",1,"NM","nonfoil",false,false,false,0.13,0.08,0.72,0.39,0,0,"a9244f17-588a-43d2-ad8f-ea3b38ca980a","box","Foundation"
"Unicorno Risoluto","j25","Foundations Jumpstart","103","common","it",1,"NM","nonfoil",false,false,false,0.30,0.19,0,0,0,0,"88f69eaa-b466-4b82-b863-1330ec6b8ae8","box","Avatar bundle"
"Unire le Forze","j22","Jumpstart 2022","631","common","it",1,"NM","nonfoil",false,false,false,0.13,0.10,0,0,0,0,"13b069fd-2369-4e41-821c-0cc9200bbb6e","box","Ff chchobo bundle"
"Unire le Forze","j25","Foundations Jumpstart","634","common","it",1,"NM","nonfoil",false,false,false,0.23,0.11,0,0,0,0,"ce266ac6-4e4d-46f5-81f1-687bef56f6de","box","Ff chchobo bundle"
"Urdnan, Guerriero Dromoka","j25","Foundations Jumpstart","34","uncommon","it",1,"NM","nonfoil",false,false,false,0.37,0.33,0,0,0,0,"951bdde7-beee-4ea0-93bc-0f119212f522","box","Avatar bundle"
"Ustione dell'Anima","j25","Foundations Jumpstart","599","uncommon","it",1,"NM","nonfoil",false,false,false,0.25,0.06,0,0,0,0,"b2ed966d-e70b-499e-98e6-56819a608d3f","box","Avatar bundle"
"Ustione dell'Anima","m21","Core Set 2021","160","uncommon","it",1,"NM","nonfoil",false,false,false,0.27,0.11,0.25,0.24,0,0,"45a591dd-3a07-44b9-b710-557cb8e6f4d6","box","Avatar bundle"
"Vaguemage de stade","sos","Secrets of Strixhaven","232","common","fr",2,"NM","nonfoil",false,false,false,0.20,0.17,0.25,0.24,0,0,"","box","Lorwin box"
"Vaisseau colonie mondasian","who","Doctor Who","590","common","fr",1,"NM","nonfoil",false,false,false,0.36,0.29,0,0,0,0,"68c95951-d1f2-41d2-989e-79663610da4e","box","ProXy"
"Valanghieri Akki","chk","Champions of Kamigawa","151","common","it",4,"NM","nonfoil",false,false,false,0.07,0.07,0.42,0.42,0,0,"aa20f773-9884-4fcf-9f38-ddcaaf178e52","box","Foundation"
"Valesk Strappaossa","scg","Scourge","82","common","it",1,"NM","nonfoil",false,false,false,0.11,0.07,0.56,0.28,0,0,"46892ead-1f50-405c-ab0a-52dcb63d5d6b","box","Foundation"
"Vampira Scrivana","j25","Foundations Jumpstart","505","uncommon","it",1,"NM","nonfoil",false,false,false,0.31,0.14,0,0,0,0,"789a66fa-b61b-4e96-aeda-6a50d66108ba","box","Avatar bundle"
"Veggente Nembiforme","j25","Foundations Jumpstart","300","common","it",1,"NM","nonfoil",false,false,false,0.33,0.15,0,0,0,0,"67cbc10e-ff04-4954-8452-ba55772aa149","box","Avatar bundle"
"Veglia-Ombre Nezumi","bok","Betrayers of Kamigawa","74","uncommon","it",2,"NM","nonfoil",false,false,false,0.24,0.08,0.71,0.43,0,0,"39226066-31e8-4b06-991a-63e75a860fc6","box","Spiderman"
"Velocità Innaturale","chk","Champions of Kamigawa","197","common","it",1,"NM","nonfoil",false,false,false,0.13,0.08,0.54,0.20,0,0,"a77cb988-c1ac-44f2-85f1-47aeccdf2b22","box","Foundation"
"Velo di Pelle di Serpente","j25","Foundations Jumpstart","713","common","it",1,"NM","nonfoil",false,false,false,0.27,0.12,0,0,0,0,"675c46d1-2199-4178-b886-276119a3637c","box","Avatar bundle"
"Vene Lacerate","chk","Champions of Kamigawa","139","common","it",1,"NM","nonfoil",false,false,false,0.20,0.16,4.54,1.38,0,0,"a2f7912c-d8c3-486e-a64e-d0e6ff52f23b","box","Foundation"
"Venser, Plasmatore Sapiente","j25","Foundations Jumpstart","66","rare","it",2,"NM","nonfoil",false,false,false,0.38,0.54,0,0,0,0,"486998a5-8253-493d-b804-986e54ed27d6","box","Avatar bundle"
"Venus, déchirée entre deux mondes","tmt","Teenage Mutant Ninja Turtles","136","uncommon","fr",1,"NM","nonfoil",false,false,false,0.27,0.13,0.31,0.08,0,0,"330f200d-11b9-4668-9151-65d6d4be92f7","box","Ff gift box"
"Veterano de los Mediadores","snc","Streets of New Capenna","36","common","es",1,"NM","nonfoil",false,false,false,0.15,0.02,0.34,0.18,0,0,"f9db0a0d-6cd6-49d0-8dd4-7eda4b2ac411","box","Ff gift box"
"Vibrazione","ody","Odyssey","225","common","it",1,"NM","nonfoil",false,false,false,0.21,0.22,1.80,1.54,0,0,"8d1161e3-79fa-4e0b-89f9-1767ddce6a79","box","Foundation"
"Virtuose du déluge","sos","Secrets of Strixhaven","42","common","fr",1,"NM","nonfoil",false,false,false,0.13,0.03,0.25,0.02,0,0,"b27d5931-144b-4af0-a423-1a3c74222d7a","box","Lorwin box"
"Vitalità Rubata","j25","Foundations Jumpstart","602","common","it",1,"NM","nonfoil",false,false,false,0.18,0.07,0,0,0,0,"34ed2ae0-0009-4ee9-b358-b68ca9008b72","box","Avatar bundle"
"Vitor, Spina della Rosa del Vespro","j25","Foundations Jumpstart","71","rare","it",1,"NM","nonfoil",false,false,false,9.30,8.55,0,0,0,0,"3e65beb0-ab71-4462-bdeb-0d9d53933155","deck","Disturbi alimentari - Main"
"Volontà Suprema","hou","Hour of Devastation","49","uncommon","it",1,"NM","nonfoil",false,false,false,0.15,0.09,0.73,0.59,0,0,"e5772817-b933-4a15-9e2c-e057be668c8c","box","Avatar bundle"
"Volontà Suprema","j25","Foundations Jumpstart","370","uncommon","it",1,"NM","nonfoil",false,false,false,0.30,0.12,0,0,0,0,"f1c9314b-8665-4846-ab4b-722540727424","box","Avatar bundle"
"Vortice Divorante","chk","Champions of Kamigawa","54","common","it",1,"NM","nonfoil",false,false,false,0.13,0.11,0.58,0.36,0,0,"c25423e2-e525-41cc-b669-12efdff00439","box","Foundation"
"Yeux de Morcant","ecl","Lorwyn Eclipsed","185","uncommon","fr",1,"NM","nonfoil",false,false,false,0.25,0.15,0.30,0.11,0,0,"6ee54a7b-2a11-42e5-b58a-cd03fe08ac55","box","Lorwin box"
"Zombification","fdn","Foundations","187","uncommon","fr",1,"NM","nonfoil",false,false,false,0.26,0.14,0.37,0.20,0,0,"bd6713b6-042a-4e23-8a7f-5c727f4d2557","box","Avatar bundle"
"Zubera Canto-Silente","chk","Champions of Kamigawa","45","common","it",2,"NM","nonfoil",false,false,false,0.07,0.12,0.85,0.50,0,0,"0412756f-dc8f-4adc-a198-9f48e7cc89ec","box","Foundation"
"Богохульный Наставник","mh2","Modern Horizons 2","97","rare","ru",1,"NM","nonfoil",false,false,false,4.00,2.57,5.06,4.81,0,0,"d75e13ab-eef1-4699-b9c9-4e40ee1bf6a0","box","Spiderman"
"大群への給餌","soa","Secrets of Strixhaven Mystical Archive","94","uncommon","ja",1,"NM","nonfoil",false,false,false,1.02,0.91,0,0,0,0,"712c609e-5989-4e38-898f-83e0a913c977","box","Spiderman"
"エルタレルの生存者","clb","Commander Legends: Battle for Baldur's Gate","172","rare","ja",1,"NM","nonfoil",false,false,false,0.74,0.88,0.94,0.84,0,0,"149b6a8f-e094-4978-b047-b20167f1e94c","deck","Sad Men Parade - Main"
"Badlands","2ed","Unlimited Edition","278","rare","en",1,"NM","nonfoil",false,false,false,645.00,533.92,0,0,0,0,"5804dcd3-d41d-4cbd-9f8f-9736f2d37a64","deck","Sad Men Parade - Main"
"Wingsteed Rider","2x2","Double Masters 2022","35","common","en",1,"NM","nonfoil",false,false,false,0.11,0.11,0.03,0.09,0,0,"9e0234e0-6cdd-46b8-91b5-1b8ba7db3014","box","Avatar bundle"
"Damnation","2x2","Double Masters 2022","73","rare","en",1,"NM","nonfoil",false,false,false,21.89,15.41,23.76,20.35,0,0,"d3c0aac5-b9f1-4446-bfea-3e1dd1cf1f2f","deck","Sad Men Parade - Main"
"Supernatural Stamina","2x2","Double Masters 2022","93","common","en",1,"NM","nonfoil",false,false,false,0.28,0.08,0.33,0.25,0,0,"69a0278b-3198-4c8d-b20c-f42e8b1569f4","deck","Sad Men Parade - Main"
"Assassin's Trophy","2x2","Double Masters 2022","372","rare","en",1,"NM","nonfoil",false,false,false,5.41,5.59,6.52,6.94,0,0,"0c4f4ff8-efd2-4d22-8491-54bd6e73006c","box","ProXy"
"Stoneforge Mystic","2xm","Double Masters","31","rare","en",1,"NM","nonfoil",false,false,false,30.01,16.11,32.75,23.56,0,0,"4d3473d0-b46f-41f5-ac1e-ba217f7747d4","box","ProXy"
"Hammer of Nazahn","2xm","Double Masters","260","rare","en",1,"NM","nonfoil",false,false,false,15.88,11.44,18.27,14.36,0,0,"fbce79af-968a-481b-8cd7-a323c083851d","box","ProXy"
"Mana Vault","3ed","Revised Edition","263","rare","en",1,"NM","nonfoil",false,false,false,102.24,51.28,0,0,0,0,"5cbc686e-a8ef-40de-b79a-803ef42f8384","box","ProXy"
"Volcanic Island","3ed","Revised Edition","291","rare","en",1,"NM","nonfoil",false,false,false,858.87,507.26,0,0,0,0,"b12e5430-0e80-47dd-80ac-85728b656a24","box","ProXy"
"Dark Ritual","40k","Warhammer 40,000 Commander","196","common","en",1,"NM","nonfoil",false,false,false,8.42,9.67,13.99,14.36,0,0,"a5dc69ff-b3d4-420e-858c-4880d852c415","deck","Sad Men Parade - Main"
"Chromatic Lantern","40k","Warhammer 40,000 Commander","232","rare","en",1,"NM","nonfoil",false,false,false,3.33,1.78,7.99,4.86,0,0,"e068501e-59d6-4c64-99f4-f3c2aacd5d4d","box","Spiderman"
"Skullclamp","40k","Warhammer 40,000 Commander","248","uncommon","en",1,"NM","nonfoil",false,false,false,8.81,7.32,24.99,15.36,0,0,"04733881-38a3-404c-837f-fad3fc5a5647","deck","La cosa verde - Main"
"Foreboding Ruins","40k","Warhammer 40,000 Commander","279","rare","en",1,"NM","nonfoil",false,false,false,0.38,0.34,1.99,0.96,0,0,"31e1c45c-eb7b-4ae6-9dd2-e65d9ef00686","deck","Sad Men Parade - Main"
"Island","40k","Warhammer 40,000 Commander","307★","common","en",1,"NM","foil",false,false,false,0,0,0.42,0.37,0,0,"b047f821-e82f-437c-8f36-6fff0c59f8b0","box","Lorwin box"
"Reverberate","40k","Warhammer 40,000 Commander","207★","rare","en",1,"NM","foil",false,false,false,0,0,8.35,7.32,0,0,"9614c6f7-b514-46a6-8acc-d6ff3dba7edc","deck","Sad Men Parade - Main"
"Exotic Orchard","40k","Warhammer 40,000 Commander","278★","rare","en",1,"NM","foil",false,false,false,0,0,3.07,1.92,0,0,"6380eae9-9839-4b89-9b5f-cfdb8fad6b6b","box","Spiderman"
"Mana Vault","4ed","Fourth Edition","334","rare","en",1,"NM","nonfoil",false,false,false,98.63,53.22,0,0,0,0,"3be9942c-89b3-422f-bb9d-b55f51a22a37","box","ProXy"
"Strip Mine","4ed","Fourth Edition","363","uncommon","en",2,"NM","nonfoil",false,false,false,21.06,8.35,0,0,0,0,"a5899b46-226b-4be6-8e80-d2396f54210d","box","ProXy"
"Vedalken Orrery","5dn","Fifth Dawn","163","rare","en",1,"NM","nonfoil",false,false,false,20.89,6.52,72.04,21.00,0,0,"94b546fa-af65-4afa-bb16-69b33674d3d1","box","ProXy"
"Sylvan Library","5ed","Fifth Edition","329","rare","en",1,"NM","nonfoil",false,false,false,28.95,26.92,0,0,0,0,"b1b337de-4c43-45b6-a0ca-262a983f3589","deck","La cosa verde - Main"
"Mana Vault","5ed","Fifth Edition","388","rare","en",1,"NM","nonfoil",false,false,false,97.50,57.11,0,0,0,0,"05e9fec4-1e0a-4206-ab2b-cc2543cba667","box","ProXy"
"Worldly Tutor","6ed","Classic Sixth Edition","269","uncommon","en",1,"NM","nonfoil",false,false,false,25.00,15.79,0,0,0,0,"b34d9054-5ad8-4a7d-a5c8-58bc39051834","box","ProXy"
"Lightning Blast","7ed","Seventh Edition","200","common","it",1,"NM","nonfoil",false,false,false,0.20,0.13,3.99,4.40,0,0,"cc59563a-82e1-4eea-aad9-f7ecc5eff868","box","Foundation"
"Tremor","7ed","Seventh Edition","225","common","it",1,"NM","nonfoil",false,false,false,0.10,0.09,1.99,3.93,0,0,"f309f7d9-9e4d-4589-b120-dadd2f357eb3","box","Foundation"
"Wind Drake","8ed","Eighth Edition","114","common","en",1,"NM","nonfoil",false,false,false,0.11,0.06,0.49,0.35,0,0,"f5a57368-881f-4f1b-8fdd-09e76836227e","box","Foundation"
"Demolish","8ed","Eighth Edition","183","uncommon","en",1,"NM","nonfoil",false,false,false,0.14,0.09,0.49,0.48,0,0,"d09770e0-24c0-4842-b31b-61e746ed89d7","box","Foundation"
"Thieving Magpie","8ed","Eighth Edition","107★","uncommon","en",2,"NM","foil",false,false,false,0,0.02,0.74,0.65,0,0,"fc0931dc-c401-48e8-8ec2-19aa44cef58c","box","Foundation"
"Goblin Raider","9ed","Ninth Edition","S8","common","en",1,"NM","nonfoil",false,false,false,0.07,0.08,0,0.10,0,0,"f026d65f-c365-475b-9454-e9935af00ec4","box","Foundation"
"Nekrataal","9ed","Ninth Edition","149","uncommon","en",1,"NM","nonfoil",false,false,false,0.20,0.14,4.49,1.72,0,0,"fc7d0ee9-3053-430a-a6a9-1202316f0648","box","Foundation"
"Biorhythm","9ed","Ninth Edition","231","rare","en",2,"NM","nonfoil",false,false,false,32.70,11.19,99.99,13.90,0,0,"17d1a10f-ce21-4914-9984-c7c559161230","box","ProXy"
"Seedborn Muse","9ed","Ninth Edition","270","rare","en",2,"NM","nonfoil",false,false,false,13.74,8.22,84.99,29.61,0,0,"cb1d0254-985c-4d44-9cce-1d563e11f0a4","box","ProXy"
"Fencing Ace","a25","Masters 25","13","common","en",2,"NM","nonfoil",false,false,false,0.13,0.05,0.24,0.12,0,0,"495d074f-63b8-463f-b7e8-cc20e272208c","box","Avatar bundle"
"Nezumi Cutthroat","a25","Masters 25","99","common","en",3,"NM","nonfoil",false,false,false,0.09,0.17,0.29,0.18,0,0,"8a9c29bf-a177-40d5-9ade-129221222900","box","Foundation"
"Echoing Courage","a25","Masters 25","166","common","en",1,"NM","nonfoil",false,false,false,0.15,0.09,0.34,0.23,0,0,"04367e72-3f8c-4cba-8bdf-5a1ba9c9f01f","box","Ff chchobo bundle"
"Swiftfoot Boots","a25","Masters 25","234","uncommon","en",1,"NM","nonfoil",false,false,false,1.93,1.75,3.10,2.66,0,0,"aae09e17-b881-492c-ba47-8f381c09755d","box","Avatar bundle"
"Tax Collector","acr","Assassin's Creed","9","uncommon","en",1,"NM","nonfoil",false,false,false,0.33,0.23,0.33,0.30,0,0,"a300b5af-9223-4e97-9d33-a9226bd900f3","box","Ff gift box"
"Arno Dorian","acr","Assassin's Creed","47","uncommon","en",1,"NM","nonfoil",false,false,false,0.24,0.11,0.25,0.11,0,0,"41142b10-a493-499a-9fc5-043eeca5d1ee","box","Ff gift box"
"Brotherhood Regalia","acr","Assassin's Creed","71","uncommon","en",1,"NM","nonfoil",false,false,false,7.97,9.15,8.28,9.06,0,0,"8a6439a6-288d-427e-b14b-a99e8ef8c5cd","box","ProXy"
"Cathartic Reunion","acr","Assassin's Creed","94","uncommon","en",1,"NM","nonfoil",false,false,false,0.33,0.16,0.23,0.28,0,0,"55aaab05-db3b-4317-ae32-553c76f6bade","box","Ff gift box"
"Assassin's Trophy","acr","Assassin's Creed","95","rare","en",2,"NM","foil",false,false,false,0.70,1.20,1.78,2.39,0,0,"def90432-6d13-4d28-aa27-f75dd26456bb","box","Ff gift box"
"Island","acr","Assassin's Creed","104","common","en",1,"NM","nonfoil",false,false,false,0.33,0.30,0.48,0.37,0,0,"a76f785d-1972-4bd6-8a43-848d51068712","box","Ff gift box"
"Alexios, Deimos of Kosmos","acr","Assassin's Creed","134","uncommon","en",1,"NM","nonfoil",false,false,false,0.31,0.34,0.41,0.57,0,0,"ab907c09-56c0-40ed-aebd-63b64c7e1c2e","box","ProXy"
"Shao Jun","acr","Assassin's Creed","151","uncommon","en",1,"NM","nonfoil",false,false,false,0.25,0.10,0.28,0.13,0,0,"9313f099-7f76-4b3e-af6a-f62b13cad7b8","box","Ff gift box"
"Brotherhood Regalia","acr","Assassin's Creed","255","uncommon","en",2,"NM","etched",false,false,false,0,10.00,0,13.54,26.77,23.47,"1d2e512d-0aa2-4a1e-82cc-8ed60129bf5e","box","ProXy"
"Dragonborn Champion","afc","Forgotten Realms Commander","45","rare","en",1,"NM","nonfoil",false,false,false,7.43,9.06,0,0,0,0,"9f6e43a7-84b9-4e89-bfe1-442d08df34d8","box","ProXy"
"Old Gnawbone","afr","Adventures in the Forgotten Realms","197","mythic","en",1,"NM","nonfoil",false,false,false,52.52,43.82,53.31,52.96,0,0,"77ceba8b-de19-4db8-b5a7-f5df49bf241f","box","ProXy"
"Anointed Procession","akh","Amonkhet","2","rare","en",1,"NM","nonfoil",false,false,false,54.06,33.97,72.78,43.04,0,0,"9a52c265-6920-4929-ba0a-70da08df01f1","box","ProXy"
"Essence Scatter","akh","Amonkhet","52","common","en",1,"NM","nonfoil",false,false,false,0.16,0.10,0.33,0.38,0,0,"e1e325e1-f1f9-4448-84e3-1fd929b0bc12","box","Avatar bundle"
"Khabál Ghoul","arn","Arabian Nights","30","uncommon","en",1,"NM","nonfoil",false,false,false,122.38,85.12,0,0,0,0,"18607bf6-ce11-41cb-b001-0c9538406ba0","box","ProXy"
"Strip Mine","ath","Anthologies","77","rare","en",1,"NM","nonfoil",false,false,false,19.92,11.92,0,0,0,0,"2bbff39f-f16b-4ae5-aa99-da5bdf482c33","box","ProXy"
"Transmute Artifact","atq","Antiquities","14","uncommon","en",1,"NM","nonfoil",false,false,false,395.35,314.00,0,0,0,0,"6eab6765-eba3-4844-81ca-ae37a6e903df","box","ProXy"
"Candelabra of Tawnos","atq","Antiquities","43","rare","en",3,"NM","nonfoil",false,false,false,2275.12,2341.77,0,0,0,0,"35a335bf-7358-460f-b7c9-1e8bc4300f64","box","ProXy"
"Driver of the Dead","avr","Avacyn Restored","99","common","en",1,"NM","nonfoil",false,false,false,0.04,0.09,0.25,0.23,0,0,"56113cde-4210-46be-bd53-8966c36ef2a3","box","Foundation"
"Exquisite Blood","avr","Avacyn Restored","102","rare","en",1,"NM","nonfoil",false,false,false,37.70,26.18,67.46,43.76,0,0,"4cd54279-57f5-4cd9-b524-4f094bd2fc36","box","ProXy"
"Seedborn Muse","bbd","Battlebond","212","rare","en",1,"NM","nonfoil",false,false,false,16.67,7.13,37.91,24.51,0,0,"5842e1fd-bdf9-45e4-a478-65e80c737581","deck","La cosa verde - Main"
"Stasis Snare","bfz","Battle for Zendikar","50","uncommon","en",1,"NM","nonfoil",false,false,false,0.25,0.23,0.52,0.57,0,0,"ff820544-f4a3-40c4-a48e-84b5e2d06caa","box","Foundation"
"Caretaker's Talent","blb","Bloomburrow","6","rare","en",4,"NM","nonfoil",false,false,false,8.72,8.13,10.65,8.65,0,0,"ad5ea98a-e36e-4ab9-b4da-cc572f3777db","box","ProXy"
"Patchwork Banner","blb","Bloomburrow","247","uncommon","en",1,"NM","nonfoil",false,false,false,2.14,1.91,4.21,3.80,0,0,"a8a982c8-bc08-44ba-b3ed-9e4b124615d6","deck","La cosa verde - Main"
"Maha, Its Feathers Night","blb","Bloomburrow","289","mythic","en",1,"NM","nonfoil",false,false,false,33.67,30.91,58.49,48.74,0,0,"bfd53428-56c3-4c99-828d-665e3c2d15a8","box","ProXy"
"Glarb, Calamity's Augur","blb","Bloomburrow","331","mythic","en",1,"NM","nonfoil",false,false,false,7.26,7.87,18.99,21.08,0,0,"b6fab12e-0f81-4728-9a35-4dc896ba3744","box","ProXy"
"Fabled Passage","blb","Bloomburrow","367","rare","en",1,"NM","nonfoil",false,false,false,4.81,6.91,5.63,7.56,0,0,"0bda8a2e-6bf1-4d8c-b71b-bbc8d8130fff","deck","Sad Men Parade - Main"
"Fabled Passage","blb","Bloomburrow","367","rare","en",1,"NM","nonfoil",false,false,false,4.81,6.91,5.63,7.56,0,0,"0bda8a2e-6bf1-4d8c-b71b-bbc8d8130fff","box","ProXy"
"Sword of the Squeak","blc","Bloomburrow Commander","40","rare","en",1,"NM","nonfoil",false,false,false,0.71,0.52,0,0,0,0,"a3f4d41d-69a5-412f-aa25-f1acc5cacab2","box","Ff chchobo bundle"
"Brightcap Badger // Fungus Frolic","blc","Bloomburrow Commander","62","rare","en",1,"NM","nonfoil",false,false,false,2.85,2.14,0,0.80,0,0,"9df82a20-309e-4581-9f3f-e9ba9250747b","deck","La cosa verde - Main"
"Teferi, Time Raveler","blc","Bloomburrow Commander","92","rare","en",2,"NM","nonfoil",false,false,false,12.85,13.83,16.66,22.86,0,0,"5a47d968-bba0-4277-b5d7-eb9e1acd7953","box","ProXy"
"Jace, the Mind Sculptor","blc","Bloomburrow Commander","93","mythic","en",1,"NM","foil",false,false,false,0,400.00,413.06,391.67,0,0,"97c67e86-5aa5-4136-a15c-c0c5704e2b94","box","ProXy"
"Prosperous Innkeeper","blc","Bloomburrow Commander","121","uncommon","en",1,"NM","nonfoil",false,false,false,0.56,0.36,0,0,0,0,"eed76e15-6456-4ddc-addf-f0e6eff8bb6a","deck","La cosa verde - Main"
"Second Harvest","blc","Bloomburrow Commander","123","rare","en",1,"NM","nonfoil",false,false,false,3.87,2.15,0,0,0,0,"1ee78a73-10af-461a-9fd3-962fc1f0ccb0","deck","La cosa verde - Main"
"An Offer You Can't Refuse","blc","Bloomburrow Commander","170","uncommon","en",1,"NM","nonfoil",false,false,false,3.04,2.90,0,2.44,0,0,"b9ee82ee-4899-496e-80a6-e3403f6b364f","box","ProXy"
"Morbid Opportunist","blc","Bloomburrow Commander","183","uncommon","en",1,"NM","nonfoil",false,false,false,0.33,0.22,0,0,0,0,"318370d0-1c12-4228-b2c9-2a766e234091","deck","Sad Men Parade - Main"
"Tendershoot Dryad","blc","Bloomburrow Commander","242","rare","en",1,"NM","nonfoil",false,false,false,1.40,1.79,0,3.94,0,0,"3a60bdb4-53b3-46f2-b7a1-7954117b42a1","deck","La cosa verde - Main"
"Wolfwillow Haven","blc","Bloomburrow Commander","246","uncommon","en",1,"NM","nonfoil",false,false,false,0.33,0.21,0,0,0,0,"8506e3eb-07c1-4f5c-a2a7-c210acf6be16","box","Spiderman"
"Wolfwillow Haven","blc","Bloomburrow Commander","246","uncommon","en",1,"NM","nonfoil",false,false,false,0.33,0.21,0,0,0,0,"8506e3eb-07c1-4f5c-a2a7-c210acf6be16","maybeboard","La cosa verde - Maybeboard"
"Akroan Skyguard","bng","Born of the Gods","3","common","en",1,"NM","nonfoil",false,false,false,0.10,0.19,0.77,1.27,0,0,"d55e85c3-234e-49c4-a307-96fb4497eea8","box","Avatar bundle"
"Retraction Helix","bng","Born of the Gods","49","common","en",1,"NM","nonfoil",false,false,false,0.25,0.34,9.42,8.47,0,0,"4fe8c0b9-fdf4-4fc0-aa7c-774546cdd792","box","ProXy"
"Reanimate","brb","Battle Royale Box Set","57","uncommon","en",1,"NM","nonfoil",false,false,false,13.95,13.19,0,0,0,0,"e6a75ddc-dd9d-4913-88de-2994edf14306","deck","Sad Men Parade - Main"
"Diabolic Intent","bro","The Brothers' War","89","rare","en",1,"NM","nonfoil",false,false,false,17.36,11.29,17.61,11.42,0,0,"d72ab698-de67-4ca8-8e42-b05346bf52fa","deck","Disturbi alimentari - Main"
"Defense Grid","brr","The Brothers' War Retro Artifacts","76","rare","en",1,"NM","nonfoil",false,false,false,6.99,5.62,12.87,9.24,0,0,"5e161489-ecfb-4018-a907-fd4d11cd3bfb","deck","La cosa verde - Main"
"Angel of Finality","c13","Commander 2013","4","rare","en",1,"NM","nonfoil",false,false,false,0.68,0.31,0,1.08,0,0,"bd3c34c9-2072-4ebb-93ef-34173015bfb8","box","Avatar bundle"
"Sanguine Bond","c13","Commander 2013","92","rare","en",1,"NM","nonfoil",false,false,false,5.38,3.31,0,0.54,0,0,"6296e928-6995-469f-a5fb-acb3e0989659","box","ProXy"
"Conjurer's Closet","c13","Commander 2013","239","rare","en",1,"NM","nonfoil",false,false,false,4.97,2.75,0,5.49,0,0,"12de1008-9c1b-4072-8678-befce9a81cc7","box","ProXy"
"Burnished Hart","c14","Commander 2014","232","uncommon","en",1,"NM","nonfoil",false,false,false,0.24,0.33,0,1.03,0,0,"d8f71a69-85c3-4233-ab3f-04731c81d4f5","box","Avatar bundle"
"Command Beacon","c15","Commander 2015","56","rare","en",1,"NM","nonfoil",false,false,false,6.94,8.01,0,0.43,0,0,"166fa02f-e456-48ca-8ac3-d217afceff4d","deck","La cosa verde - Main"
"Black Market","c15","Commander 2015","116","rare","en",1,"NM","nonfoil",false,false,false,4.63,3.44,0,2.00,0,0,"4e71f0a2-0c22-4be1-b9ba-c4603a5c71e5","box","ProXy"
"Goblin Electromancer","c15","Commander 2015","220","common","en",1,"NM","nonfoil",false,false,false,0.30,0.26,0,0,0,0,"489af7f6-c521-4891-b370-f3907304346b","box","ProXy"
"Swan Song","c16","Commander 2016","98","rare","en",1,"NM","nonfoil",false,false,false,12.82,10.68,0,5.50,0,0,"9d968dde-c406-48ef-a1ab-373aebc24693","box","ProXy"
"Decimate","c16","Commander 2016","193","rare","en",1,"NM","nonfoil",false,false,false,0.27,0.35,0,0,0,0,"df69d744-1fbf-4d17-b3a7-fa696e31e84d","box","Lorwin box"
"Mystic Monastery","c16","Commander 2016","310","uncommon","en",1,"NM","nonfoil",false,false,false,0.19,0.23,0,0,0,0,"2770621f-3906-4762-bfbd-e6e32b52ea92","box","ProXy"
"Plains","c16","Commander 2016","339","common","en",1,"NM","nonfoil",false,false,false,0.19,0.12,0,0,0,0,"27f8ed5d-a63f-4e8f-8f1a-10bde4fea710","box","Lorwin box"
"Island","c16","Commander 2016","342","common","en",1,"NM","nonfoil",false,false,false,0.16,0.14,0,0,0,0,"3b1238c4-dc34-488f-ad4a-308f584d4d75","box","Lorwin box"
"Mountain","c16","Commander 2016","348","common","en",1,"NM","nonfoil",false,false,false,0.25,0.16,0,0,0,0,"1dfead05-dd09-4a07-905f-56c3a69a43d5","box","Lorwin box"
"Think Twice","c19","Commander 2019","99","common","en",1,"NM","nonfoil",false,false,false,0.29,0.13,0,0,0,0,"7b93726a-9ee7-4010-9db1-1e1ac5955398","box","Avatar bundle"
"Mystic Monastery","c19","Commander 2019","262","uncommon","en",1,"NM","nonfoil",false,false,false,0.25,0.21,0,0,0,0,"35978c6a-6d36-452a-a3c5-cf4f3a11263f","box","Lorwin box"
"Tidal Barracuda","c20","Commander 2020","39","rare","en",1,"NM","nonfoil",false,false,false,9.93,8.50,0,0.40,0,0,"aacdf4c2-9bc8-400a-8ffc-d6597d8d7da9","box","ProXy"
"Twinning Staff","c20","Commander 2020","70","rare","en",1,"NM","nonfoil",false,false,false,17.39,14.42,0,2.50,0,0,"e7971306-700e-4677-bf52-83e4f9ac04c1","box","ProXy"
"Irrigated Farmland","c20","Commander 2020","282","rare","en",1,"NM","nonfoil",false,false,false,0.30,0.14,0,0,0,0,"54065d26-39ae-412c-b60e-d22d7f3e78be","box","Lorwin box"
"Adrix and Nev, Twincasters","c21","Commander 2021","9","mythic","en",1,"NM","foil",false,false,false,0,9.97,8.62,6.19,0,0,"d495e084-92ec-4675-b6aa-8ade2775b796","box","ProXy"
"Guardian Augmenter","c21","Commander 2021","389","rare","en",1,"NM","nonfoil",false,false,false,9.70,11.14,0,4.50,0,0,"5c0dfab3-e130-4295-bcc8-da11074497b5","deck","La cosa verde - Main"
"Badlands","cei","Intl. Collectors' Edition","278","rare","en",1,"NM","nonfoil",false,false,false,300.00,232.32,0,0,0,0,"8b9f6057-aa8b-4baa-8336-83a353ba4d00","box","ProXy"
"Akki Lavarunner // Tok-Tok, Volcano Born","chk","Champions of Kamigawa","153","rare","en",1,"NM","nonfoil",false,false,false,0.52,0.33,4.31,4.85,0,0,"6ee6cd34-c117-4d7e-97d1-8f8464bfaac8","box","ProXy"
"Dosan the Falling Leaf","chk","Champions of Kamigawa","205","rare","en",1,"NM","nonfoil",false,false,false,27.36,8.22,135.30,61.82,0,0,"ffb190db-48fc-4c39-ae9f-5e304eabb4f4","deck","La cosa verde - Main"
"Konda's Banner","chk","Champions of Kamigawa","259","rare","en",1,"NM","nonfoil",false,false,false,12.15,3.62,50.15,13.84,0,0,"759b2f39-e1b1-44aa-b49a-00ef6926a6ac","deck","La cosa verde - Main"
"Blade of Selves","clb","Commander Legends: Battle for Baldur's Gate","596","rare","en",1,"NM","nonfoil",false,false,false,3.48,3.73,3.80,3.82,0,0,"8fbaaf68-c97f-443b-9be9-e6567925eddc","deck","Sad Men Parade - Main"
"Luxury Suite","clb","Commander Legends: Battle for Baldur's Gate","602","rare","en",1,"NM","nonfoil",false,false,false,32.74,25.93,34.92,27.02,0,0,"35f76198-f04c-433b-823f-e99ea54c01ee","deck","Sad Men Parade - Main"
"Black Market Connections","clb","Commander Legends: Battle for Baldur's Gate","669","rare","en",1,"NM","nonfoil",false,false,false,19.70,19.49,0,13.48,0,0,"d13cb0d3-3452-4c1f-81ec-024b4c45bbad","deck","Sad Men Parade - Main"
"Black Market","clb","Commander Legends: Battle for Baldur's Gate","739","rare","en",2,"NM","nonfoil",false,false,false,5.57,4.09,0,2.00,0,0,"78c80c6d-f3ae-48d3-ba6a-b9b738e1affb","box","ProXy"
"Inspiring Call","cm2","Commander Anthology Volume II","139","uncommon","en",1,"NM","nonfoil",false,false,false,0.68,0.61,0,0,0,0,"1cd3e09b-0eec-4f1e-b260-d4dc845dcf22","box","Avatar bundle"
"Reclamation Sage","cma","Commander Anthology","140","uncommon","en",1,"NM","nonfoil",false,false,false,0.18,0.20,0,0.85,0,0,"d461ab77-f0b8-4784-b87f-195a210835a9","box","Ff chchobo bundle"
"Conjurer's Closet","cma","Commander Anthology","214","rare","en",1,"NM","nonfoil",false,false,false,3.71,3.31,0,2.14,0,0,"7bfc7d30-2c7c-496b-98b0-b8a166c7348a","deck","Sad Men Parade - Main"
"Conjurer's Closet","cma","Commander Anthology","214","rare","en",1,"NM","nonfoil",false,false,false,3.71,3.31,0,2.14,0,0,"7bfc7d30-2c7c-496b-98b0-b8a166c7348a","box","ProXy"
"Aura Shards","cmd","Commander 2011","182","uncommon","en",1,"NM","nonfoil",false,false,false,28.66,14.49,0,12.00,0,0,"a6222cc6-996e-4b73-af87-e837bf1eb921","box","ProXy"
"Smothering Tithe","cmm","Commander Masters","57","mythic","en",1,"NM","nonfoil",false,false,false,62.83,34.64,59.61,35.97,0,0,"861b5889-0183-4bee-afeb-a4b2aa700a8e","deck","Disturbi alimentari - Main"
"Fierce Guardianship","cmm","Commander Masters","94","rare","en",1,"NM","nonfoil",false,false,false,56.54,42.15,71.06,58.56,0,0,"f7f3dd95-bd14-4e0f-a388-444f9cf1b0dc","box","ProXy"
"Shipwreck Dowser","cmm","Commander Masters","119","common","en",1,"NM","nonfoil",false,false,false,0.18,0.08,0.20,0.16,0,0,"85ce24e4-78cf-4550-866e-108706e82b99","box","Avatar bundle"
"Tragic Slip","cmm","Commander Masters","192","common","en",1,"NM","nonfoil",false,false,false,0.28,0.16,0.36,0.41,0,0,"588332da-8ec5-49d1-a365-455beb7913a2","deck","Sad Men Parade - Main"
"Finale of Devastation","cmm","Commander Masters","289","mythic","en",1,"NM","nonfoil",false,false,false,51.25,29.88,60.31,31.76,0,0,"b10d99bf-b2ce-4443-b924-ff0eb8be1033","deck","La cosa verde - Main"
"Ashnod's Altar","cmm","Commander Masters","368","uncommon","en",1,"NM","nonfoil",false,false,false,14.21,12.95,17.76,14.13,0,0,"3c0f7157-a375-499c-92c7-d47d2e95dbad","deck","Disturbi alimentari - Main"
"Ash Barrens","cmm","Commander Masters","419","common","en",1,"NM","nonfoil",false,false,false,0.21,0.13,0.34,0.51,0,0,"df0693ae-55f9-4864-b5db-383715a04d21","box","Lorwin box"
"Thriving Grove","cmm","Commander Masters","430","common","en",1,"NM","nonfoil",false,false,false,0.18,0.09,0.38,0.17,0,0,"343a1153-03d7-46d5-ad9a-65760eabed55","box","Ff chchobo bundle"
"Thriving Moor","cmm","Commander Masters","433","common","en",1,"NM","nonfoil",false,false,false,0.15,0.15,0.23,0.15,0,0,"06a80fcc-b457-49c6-8c3a-0c5f58d74b2d","box","Ff chchobo bundle"
"Grand Abolisher","cmm","Commander Masters","460","rare","en",1,"NM","etched",false,false,false,0,14.00,0,17.07,46.12,40.43,"565b0c50-4754-4867-a38d-e7d6b6475793","box","ProXy"
"Generous Gift","cmm","Commander Masters","624","common","en",1,"NM","nonfoil",false,false,false,1.11,0.99,2.16,1.41,0,0,"a1cd4438-a25d-4618-9e93-2c62f6bfc5f5","box","Spiderman"
"Storm-Kiln Artist","cmm","Commander Masters","644","uncommon","en",1,"NM","nonfoil",false,false,false,3.86,2.33,10.90,6.41,0,0,"52c896fe-c208-41ec-aad8-fe56c7858942","box","ProXy"
"Ohran Frostfang","cmm","Commander Masters","650","rare","en",1,"NM","nonfoil",false,false,false,12.18,8.89,13.13,10.63,0,0,"05b5e975-bd75-4f7c-829d-e87f8b24bc2f","deck","La cosa verde - Main"
"Deflecting Swat","cmm","Commander Masters","698","rare","en",1,"NM","nonfoil",false,false,false,103.22,79.38,187.99,142.06,0,0,"45e70109-0352-45fc-a2fd-892ca65cac2f","deck","Sad Men Parade - Main"
"Rukarumel, Biologist","cmm","Commander Masters","711","mythic","en",1,"NM","foil",false,false,false,3.39,0.47,1.96,0.80,0,0,"0b2f7397-9d75-4667-8872-e58a39512583","box","Lorwin box"
"Titan of Littjara","cmm","Commander Masters","728","rare","en",1,"NM","nonfoil",false,false,false,6.83,6.90,0,6.28,0,0,"62807f83-b219-4769-afdd-2870deeb93c0","box","Lorwin box"
"Capricious Sliver","cmm","Commander Masters","734","rare","en",1,"NM","nonfoil",false,false,false,0.60,1.16,0,0.50,0,0,"48938cd4-9158-4eb8-acb7-21ce7a11cfa7","box","Lorwin box"
"Anikthea, Hand of Erebos","cmm","Commander Masters","773","mythic","en",1,"NM","nonfoil",false,false,false,10.25,10.75,33.31,18.70,0,0,"a71221a0-c474-4da1-9970-bb5adaad4f4d","box","ProXy"
"Plains","cmm","Commander Masters","786","common","en",1,"NM","nonfoil",false,false,false,0.16,0.19,0,0,0,0,"d7744562-1df1-4aea-ba15-5aa1e50e26a0","box","Lorwin box"
"Island","cmm","Commander Masters","789","common","en",1,"NM","nonfoil",false,false,false,0.14,0.22,0,0,0,0,"efd42c61-1e41-4df9-aa70-a39cc20dff51","box","Lorwin box"
"Swamp","cmm","Commander Masters","793","common","en",1,"NM","nonfoil",false,false,false,0.19,0.20,0,0,0,0,"63803c6b-144c-4c11-b8c1-4a1861085ab7","box","Lorwin box"
"Mountain","cmm","Commander Masters","796","common","en",1,"NM","nonfoil",false,false,false,0.21,0.22,0,0,0,0,"3f64898e-d561-402e-8e4f-dda1ce241869","box","Lorwin box"
"Forest","cmm","Commander Masters","799","common","en",2,"NM","nonfoil",false,false,false,0.26,0.24,0,0,0,0,"9a028172-c148-46fa-9afa-c5fdc7f9ba9e","box","Lorwin box"
"Sinew Sliver","cmm","Commander Masters","837","common","en",1,"NM","nonfoil",false,false,false,0.48,0.33,0,0,0,0,"1ecc983e-bbe3-4bc1-97e9-e40ead987ef0","box","Lorwin box"
"Clot Sliver","cmm","Commander Masters","861","common","en",1,"NM","nonfoil",false,false,false,0.37,0.30,0,0,0,0,"486fb777-0cbb-4c04-8b30-f2806366a957","box","Lorwin box"
"Crippling Fear","cmm","Commander Masters","862","rare","en",1,"NM","nonfoil",false,false,false,2.42,0.38,0,0.30,0,0,"713a28c0-0d12-4c62-bc91-59c2ddfc9ef8","box","Lorwin box"
"Blade Sliver","cmm","Commander Masters","871","uncommon","en",1,"NM","nonfoil",false,false,false,0.43,0.33,0,0,0,0,"6e1165c2-9ea9-459b-a56a-5c0d0e9ae66a","box","Lorwin box"
"Hollowhead Sliver","cmm","Commander Masters","878","uncommon","en",1,"NM","nonfoil",false,false,false,0.35,0.21,0,0,0,0,"c444a566-bcb1-424b-b66b-55ce87e4d98f","box","Lorwin box"
"Striking Sliver","cmm","Commander Masters","882","common","en",1,"NM","nonfoil",false,false,false,1.10,1.11,0,0,0,0,"d4652793-6f02-4bb6-8f71-eef302a001c6","box","Lorwin box"
"Two-Headed Sliver","cmm","Commander Masters","883","common","en",1,"NM","nonfoil",false,false,false,0.40,0.17,0,0,0,0,"1fd73d00-feb0-4ec6-8031-6af5b334bba3","box","Lorwin box"
"Megantic Sliver","cmm","Commander Masters","901","rare","en",1,"NM","nonfoil",false,false,false,1.09,0.65,0,0,0,0,"49c1afd5-d1d3-42b7-8417-bb05c91ef822","box","Lorwin box"
"Firewake Sliver","cmm","Commander Masters","923","uncommon","en",1,"NM","nonfoil",false,false,false,0.42,0.37,0,0,0,0,"f6201bcd-1009-4753-b7ac-5c25cc1a4d79","box","Lorwin box"
"Lavabelly Sliver","cmm","Commander Masters","927","uncommon","en",1,"NM","nonfoil",false,false,false,0.71,0.36,0,0,0,0,"e0de3c85-0662-4374-bd21-65d3a34f2263","box","Lorwin box"
"Pillar of Origins","cmm","Commander Masters","970","uncommon","en",1,"NM","nonfoil",false,false,false,0.52,0.48,0,0,0,0,"c92c8c43-e7b5-4339-8926-1268a89bb2da","box","Lorwin box"
"Flood Plain","cmm","Commander Masters","994","uncommon","en",1,"NM","nonfoil",false,false,false,0.44,0.25,0,0,0,0,"61fc0fba-c285-4fad-85a6-79fd7f3f9c35","box","Spiderman"
"Guildless Commons","cmm","Commander Masters","1003","uncommon","en",1,"NM","nonfoil",false,false,false,3.51,2.77,0,0,0,0,"8f943d5d-e8a1-4fe1-aad5-80c7ccf15435","box","Ff chchobo bundle"
"Prairie Stream","cmm","Commander Masters","1020","rare","en",1,"NM","nonfoil",false,false,false,0.32,0.31,0,0,0,0,"53ac634a-d792-4cca-8735-41a9a663f775","box","Spiderman"
"Scattered Groves","cmm","Commander Masters","1026","rare","en",1,"NM","nonfoil",false,false,false,0.33,0.24,0,0,0,0,"ebce2f7a-1879-49f1-b4f7-98e5931c5fb9","box","Lorwin box"
"Opposition Agent","cmr","Commander Legends","141","rare","en",5,"NM","nonfoil",false,false,false,19.72,23.19,27.41,30.91,0,0,"086f97e9-8b62-44f3-b467-149c2ac5ca78","box","ProXy"
"Scroll Rack","cmr","Commander Legends","337","mythic","en",1,"NM","nonfoil",false,false,false,33.98,24.71,33.06,26.31,0,0,"dfaaa58d-89bb-4cb3-96a6-b480e6f6954e","box","ProXy"
"Fists of Flame","cmr","Commander Legends","414","common","en",1,"NM","nonfoil",false,false,false,0.29,0.20,0,0.31,0,0,"1897b60d-7e15-488c-84d5-505187739b00","box","ProXy"
"Exploration","cns","Conspiracy","164","rare","en",1,"NM","nonfoil",false,false,false,33.84,23.96,52.32,32.16,0,0,"2b20d3e1-62ef-44db-8109-a33d4fa3e7f1","box","ProXy"
"Consider","dbl","Innistrad: Double Feature","44","common","en",1,"NM","nonfoil",false,false,false,2.38,0.76,15.49,6.61,0,0,"0461a1be-c463-4b4b-bd8c-7b4134982ec0","box","ProXy"
"Giant Growth","dd1","Duel Decks: Elves vs. Goblins","21","common","en",1,"NM","nonfoil",false,false,false,0.12,0.09,0,0,0,0,"8d68d4c8-854c-45bd-a6c0-2f4e686c7943","box","Avatar bundle"
"Dawnstrike Paladin","ddl","Duel Decks: Heroes vs. Monsters","14","common","en",1,"NM","nonfoil",false,false,false,0.10,0.07,0,0,0,0,"549ca818-f7bf-47a8-9005-18ddabd3c360","box","Lorwin box"
"Krovikan Mist","ddm","Duel Decks: Jace vs. Vraska","8","common","en",1,"NM","nonfoil",false,false,false,0.23,0.10,0,0,0,0,"6152487a-4b9b-4c26-9430-afab60e43101","box","Avatar bundle"
"Grazing Gladehart","ddp","Duel Decks: Zendikar vs. Eldrazi","14","common","en",1,"NM","nonfoil",false,false,false,0.29,0.18,0,0,0,0,"06dda49d-25a2-4fa3-80f2-0d784e1ad30f","box","Ff chchobo bundle"
"Rocky Tar Pit","ddp","Duel Decks: Zendikar vs. Eldrazi","69","uncommon","en",1,"NM","nonfoil",false,false,false,0.25,0.12,0,0,0,0,"869a0c02-2a67-4847-ae38-21752159adf9","box","Lorwin box"
"Dwynen's Elite","ddu","Duel Decks: Elves vs. Inventors","3","uncommon","en",1,"NM","nonfoil",false,false,false,0.25,0.23,0,0,0,0,"8abb79f6-e54c-4c37-8cc5-115a737898a0","box","Ff chchobo bundle"
"Oran-Rief, the Vastwood","ddu","Duel Decks: Elves vs. Inventors","28","rare","en",1,"NM","nonfoil",false,false,false,0.69,0.83,0,0,0,0,"0d307dc2-7897-4394-b437-c1fc7c199e68","deck","La cosa verde - Main"
"Seat of the Synod","ddu","Duel Decks: Elves vs. Inventors","69","common","en",1,"NM","nonfoil",false,false,false,0.97,1.00,0,0,0,0,"27b10829-fd16-4bef-8aa7-d47acdb3f53f","box","Avatar bundle"
"Ride's End","dft","Aetherdrift","25","common","en",2,"NM","nonfoil",false,false,false,0.18,0.19,0.21,0.19,0,0,"2f96b33b-c952-45ac-9626-40169b2bd4ef","box","Foundation"
"Scrounging Skyray","dft","Aetherdrift","60","uncommon","en",4,"NM","nonfoil",false,false,false,0.25,0.18,0.40,0.35,0,0,"d60bece3-6f63-4d9e-bca0-cef2d38f1472","box","Foundation"
"Gastal Thrillroller","dft","Aetherdrift","129","rare","en",1,"NM","nonfoil",false,false,false,0.27,0.09,0.30,0.21,0,0,"d8b1762b-ff03-4312-afcc-cb6b5f280ade","box","Foundation"
"Marauding Mako","dft","Aetherdrift","138","uncommon","en",2,"NM","nonfoil",false,false,false,0.56,0.71,0.90,1.00,0,0,"9efbfd67-e0f5-43e0-9fff-1eb4a2bed0d8","box","Foundation"
"Broadside Barrage","dft","Aetherdrift","192","uncommon","en",2,"NM","nonfoil",false,false,false,0.32,0.18,0.37,0.27,0,0,"d086e4e5-98fa-437e-85aa-d8849c94ce94","box","Foundation"
"Captain Howler, Sea Scourge","dft","Aetherdrift","194","rare","en",2,"NM","nonfoil",false,false,false,0.31,0.29,0.43,0.51,0,0,"0957c90f-e10d-40f8-a4be-9e9ef623dd43","box","Foundation"
"Fearless Swashbuckler","dft","Aetherdrift","204","rare","en",3,"NM","nonfoil",false,false,false,0.30,0.15,0.35,0.37,0,0,"0d86d66b-481f-44ec-86d8-6fc91b52ef38","box","Foundation"
"Marauding Mako","dft","Aetherdrift","419","uncommon","en",2,"NM","nonfoil",false,false,false,2.22,0.92,3.67,1.72,0,0,"194ebb23-fecd-4aa5-96b7-447c9768794e","box","Foundation"
"The Aetherspark","dft","Aetherdrift","496","mythic","en",2,"NM","foil",false,false,false,0,16.22,78.49,37.89,0,0,"c0ea3cfc-64f1-4289-ac6c-82d55bab65de","box","ProXy"
"Activated Sleeper","dmc","Dominaria United Commander","24","rare","en",1,"NM","nonfoil",false,false,false,1.36,0.79,1.16,1.08,0,0,"343d01cf-9806-4c2d-a993-ddc9ed248d7f","deck","Sad Men Parade - Main"
"Frontier Bivouac","dmc","Dominaria United Commander","212","uncommon","en",1,"NM","nonfoil",false,false,false,0.37,0.25,0,0,0,0,"cd5d50df-b555-4e81-bf21-756ed71a64de","box","Lorwin box"
"Grasslands","dmc","Dominaria United Commander","214","uncommon","en",1,"NM","nonfoil",false,false,false,0.43,0.25,0,0.20,0,0,"60bef70c-ded1-4645-8c6d-3f9ad032957f","box","Lorwin box"
"Mountain Valley","dmc","Dominaria United Commander","219","uncommon","en",1,"NM","nonfoil",false,false,false,0.36,0.25,0,0,0,0,"1acef291-70ad-4196-9276-de7b4d31016d","box","Lorwin box"
"Nomad Outpost","dmc","Dominaria United Commander","222","uncommon","en",1,"NM","nonfoil",false,false,false,0.33,0.23,0,0,0,0,"9c003287-993d-4cc2-8b91-47919dbaa1ec","box","Lorwin box"
"Opulent Palace","dmc","Dominaria United Commander","223","uncommon","en",1,"NM","nonfoil",false,false,false,0.66,0.24,0,0,0,0,"ef77912d-b9f5-4785-a57c-077275605d06","box","Lorwin box"
"Sandsteppe Citadel","dmc","Dominaria United Commander","229","uncommon","en",1,"NM","nonfoil",false,false,false,0.33,0.30,0,0.25,0,0,"b5265db7-5165-469c-bdff-978a5cefc034","box","Lorwin box"
"Yawgmoth, Thran Physician","dmr","Dominaria Remastered","110","mythic","en",3,"NM","nonfoil",false,false,false,33.11,27.15,40.00,27.16,0,0,"b5a79f5d-d0df-4799-ac3a-84305e3af0c9","box","ProXy"
"Sylvan Library","dmr","Dominaria Remastered","179","mythic","en",1,"NM","nonfoil",false,false,false,29.37,23.34,27.36,23.77,0,0,"6ada256f-2e55-4c1f-b4d3-d7b10b498956","deck","Disturbi alimentari - Main"
"Urza's Incubator","dmr","Dominaria Remastered","392","mythic","en",2,"NM","nonfoil",false,false,false,24.38,20.47,30.89,26.37,0,0,"fd254044-2b66-4fd8-9f72-3c30226c2a9c","box","ProXy"
"Tolarian Terror","dmu","Dominaria United","72","common","en",2,"NM","nonfoil",false,false,false,0.27,0.46,0.36,0.87,0,0,"42f01cba-43d4-46ad-b7a5-d7631b0e1347","box","Avatar bundle"
"Braids, Arisen Nightmare","dmu","Dominaria United","84","rare","en",1,"NM","nonfoil",false,false,false,4.75,3.62,6.08,4.84,0,0,"4ff97c69-6a6b-401c-b0a1-55fa81045d19","box","ProXy"
"Pilfer","dmu","Dominaria United","102","uncommon","en",1,"NM","nonfoil",false,false,false,0.15,0.15,0.19,0.15,0,0,"6d872c10-4126-4130-a74a-1331ed418ca8","box","Avatar bundle"
"Bite Down","dmu","Dominaria United","155","common","en",2,"NM","nonfoil",false,false,false,0.17,0.13,0.25,0.31,0,0,"0eacd3de-b803-4322-8d88-d533761aa748","box","Avatar bundle"
"Broken Wings","dmu","Dominaria United","157","common","en",2,"NM","nonfoil",false,false,false,0.10,0.02,0.07,0.07,0,0,"0ced8d87-ac22-41b0-a632-298159cbb316","box","Avatar bundle"
"Balmor, Battlemage Captain","dmu","Dominaria United","196","uncommon","en",1,"NM","nonfoil",false,false,false,0.26,0.15,0.39,0.25,0,0,"959ba62e-bb3a-49ad-8b1b-e787e413e5d4","box","Avatar bundle"
"Grow from the Ashes","dom","Dominaria","164","common","en",1,"NM","nonfoil",false,false,false,0.23,0.09,0.29,0.30,0,0,"51d4d1c2-671c-498c-a232-7d076e3dc3bb","box","Avatar bundle"
"Vigor","dpa","Duels of the Planeswalkers","88","rare","en",1,"NM","nonfoil",false,false,false,16.25,9.66,0,5.69,0,0,"c3c8cc70-a8c8-41db-99c1-b8be6f020180","deck","La cosa verde - Main"
"Vigor","dpa","Duels of the Planeswalkers","88","rare","en",1,"NM","nonfoil",false,false,false,16.25,9.66,0,5.69,0,0,"c3c8cc70-a8c8-41db-99c1-b8be6f020180","box","ProXy"
"Renewed Solidarity","drc","Aetherdrift Commander","23","rare","en",1,"NM","nonfoil",false,false,false,5.85,6.35,0,4.00,0,0,"8b7e679d-c99e-49c7-91e6-e2b3d6b57482","box","ProXy"
"Maskwood Nexus","drc","Aetherdrift Commander","132","rare","en",1,"NM","nonfoil",false,false,false,1.17,0.87,0,0,0,0,"c6f2c543-9b01-4760-966a-f0609c24f53e","deck","La cosa verde - Main"
"Adarkar Wastes","drc","Aetherdrift Commander","144","rare","en",1,"NM","nonfoil",false,false,false,0.37,0.59,0,0,0,0,"eabb8cd7-3f5c-40ea-b339-f0b6fed3489a","box","ProXy"
"Valgavoth, Harrower of Souls","dsc","Duskmourn: House of Horror Commander","6","mythic","en",1,"NM","nonfoil",false,false,false,19.71,14.93,21.29,15.99,0,0,"8d7c1f6c-af45-4449-8cf8-e13830b3df8a","deck","Sad Men Parade - Main"
"Professor Onyx","dsc","Duskmourn: House of Horror Commander","153","mythic","en",1,"NM","nonfoil",false,false,false,5.59,5.16,0,1.00,0,0,"b8d8e608-6de4-4b90-aeb7-d060d1f44844","box","ProXy"
"Smoldering Marsh","dsc","Duskmourn: House of Horror Commander","299","rare","en",1,"NM","nonfoil",false,false,false,0.36,0.38,0,0,0,0,"b73bf995-678e-484d-8df8-ae63873f3118","box","Lorwin box"
"Split Up","dsk","Duskmourn: House of Horror","32","rare","en",2,"NM","nonfoil",false,false,false,1.97,2.00,2.50,2.09,0,0,"1bb9a5b1-48d2-453e-8991-c788bc63e482","box","Foundation"
"Enduring Curiosity","dsk","Duskmourn: House of Horror","51","rare","en",1,"NM","nonfoil",false,false,false,6.56,6.37,8.08,7.66,0,0,"8616629e-08f9-41ad-bfec-f86c8096f1cb","box","ProXy"
"Come Back Wrong","dsk","Duskmourn: House of Horror","86","rare","en",1,"NM","nonfoil",false,false,false,0.36,0.33,0.42,0.66,0,0,"72ee3b45-aa4e-4c5b-a9e6-608bfbd93f8b","deck","Sad Men Parade - Main"
"Untimely Malfunction","dsk","Duskmourn: House of Horror","161","uncommon","en",1,"NM","nonfoil",false,false,false,7.70,5.15,8.43,6.82,0,0,"857bfb0e-17dc-4dda-bc37-3df927a9eae6","deck","Sad Men Parade - Main"
"Gloomlake Verge","dsk","Duskmourn: House of Horror","260","rare","en",1,"NM","nonfoil",false,false,false,9.13,10.41,11.51,9.71,0,0,"83f510b7-4cbd-4883-9c26-c8824bc668ac","box","ProXy"
"Kaito, Bane of Nightmares","dsk","Duskmourn: House of Horror","328","mythic","en",1,"NM","nonfoil",false,false,false,24.24,20.00,31.98,31.36,0,0,"79d24cf8-107e-4b5b-a4f5-a7498647abef","box","ProXy"
"Blazemire Verge","dsk","Duskmourn: House of Horror","329","rare","en",1,"NM","nonfoil",false,false,false,10.53,10.09,19.42,13.32,0,0,"73a926c5-ba2b-4ac5-9717-6c9181f9a827","deck","Sad Men Parade - Main"
"Floodfarm Verge","dsk","Duskmourn: House of Horror","330","rare","en",1,"NM","nonfoil",false,false,false,10.87,10.69,17.97,14.09,0,0,"025152a1-4fdf-4e4e-a792-c540dd43fccd","box","ProXy"
"Screaming Nemesis","dsk","Duskmourn: House of Horror","348","mythic","en",2,"NM","nonfoil",false,false,false,8.15,9.37,13.10,13.12,0,0,"ad3f4c72-ff6e-4d7f-8eb8-45a0a9605fc0","box","ProXy"
"Enduring Curiosity","dsk","Duskmourn: House of Horror","371","rare","en",1,"NM","nonfoil",false,false,false,7.20,8.09,11.56,9.50,0,0,"ce740fb7-d2d1-451b-bfa0-27364b804161","box","ProXy"
"Enduring Innocence","dsk","Duskmourn: House of Horror","386","mythic","en",2,"NM","foil",false,false,false,0,10.00,32.71,17.83,0,0,"7aca1ee8-c1ae-4052-b9d0-1a2903f61c88","box","ProXy"
"Enduring Curiosity","dsk","Duskmourn: House of Horror","388","mythic","en",2,"NM","foil",false,false,false,0,16.90,63.95,38.17,0,0,"86b3b6b0-ad74-43d1-bf2d-fc830214bdb4","box","ProXy"
"Overlord of the Balemurk","dsk","Duskmourn: House of Horror","391","mythic","en",2,"NM","foil",false,false,false,0,44.99,73.92,44.53,0,0,"49993a18-f733-4d1f-b629-12fc45cbb327","box","ProXy"
"Enduring Courage","dsk","Duskmourn: House of Horror","392","mythic","en",2,"NM","foil",false,false,false,0,6.89,42.10,21.88,0,0,"82c7fa72-3c5f-49db-95f0-9a1c5d404651","box","ProXy"
"Enduring Vitality","dsk","Duskmourn: House of Horror","394","mythic","en",2,"NM","foil",false,false,false,0,11.00,75.79,23.03,0,0,"2999c030-66c1-41f3-b59a-8ba1ef5a756c","box","ProXy"
"Relief Captain","e01","Archenemy: Nicol Bolas","19","uncommon","en",1,"NM","nonfoil",false,false,false,0.26,0.08,0,0,0,0,"77eb6eed-8942-41f0-af34-1148548ed56c","box","Avatar bundle"
"Ashling, the Limitless","ecc","Lorwyn Eclipsed Commander","1","mythic","en",1,"NM","nonfoil",false,false,false,0.42,0.63,0.33,0.60,0,0,"5924c01f-2815-4e37-b700-3ba6cc81e0e4","box","bulk"
"Auntie Ool, Cursewretch","ecc","Lorwyn Eclipsed Commander","2","mythic","en",1,"NM","nonfoil",false,false,false,0.35,0.44,0.28,1.33,0,0,"9a2e4252-9fbc-4d43-8935-db2cafaa7b5f","box","bulk"
"Mass of Mysteries","ecc","Lorwyn Eclipsed Commander","3","mythic","en",1,"NM","nonfoil",false,false,false,0.35,0.37,0.35,0.43,0,0,"871decb1-82e7-48f7-84be-96dde2d35770","box","bulk"
"The Reaper, King No More","ecc","Lorwyn Eclipsed Commander","4","mythic","en",1,"NM","nonfoil",false,false,false,0.56,0.83,0.41,0.62,0,0,"d2119f3f-27d2-4d43-a5ef-35c1b73d182a","box","bulk"
"Belonging","ecc","Lorwyn Eclipsed Commander","5","rare","en",1,"NM","nonfoil",false,false,false,0.24,0.19,0,0,0,0,"a930c3f1-9c59-4627-829a-3cefb87ae2f4","box","bulk"
"Subterfuge","ecc","Lorwyn Eclipsed Commander","6","rare","en",1,"NM","nonfoil",false,false,false,0.31,0.29,0,0,0,0,"fdbf0034-c28a-44ed-b817-519b2a3df3c4","box","bulk"
"Aberrant Return","ecc","Lorwyn Eclipsed Commander","7","rare","en",1,"NM","nonfoil",false,false,false,0.31,0.43,0,0,0,0,"a27a3d4b-caa7-4c5e-b1f3-aa607d3b157d","box","bulk"
"Eventide's Shadow","ecc","Lorwyn Eclipsed Commander","8","rare","en",1,"NM","nonfoil",false,false,false,0.26,0.29,0,0,0,0,"9c5d71a6-8e68-4aee-b781-486276d17fce","box","bulk"
"Grave Venerations","ecc","Lorwyn Eclipsed Commander","9","rare","en",1,"NM","nonfoil",false,false,false,0.48,1.26,0,0,0,0,"ec52f819-038a-41c3-91ef-91b1975d094c","box","bulk"
"Lamentation","ecc","Lorwyn Eclipsed Commander","10","rare","en",1,"NM","nonfoil",false,false,false,0.28,0.26,0,0,0,0,"2dbc775a-ec2b-442f-a817-4108c05d7fab","box","bulk"
"Oft-Nabbed Goat","ecc","Lorwyn Eclipsed Commander","11","rare","en",1,"NM","nonfoil",false,false,false,0.27,0.42,0,0,0,0,"4030bfab-867c-4724-904e-3e8b631f075e","box","bulk"
"Sinister Gnarlbark","ecc","Lorwyn Eclipsed Commander","12","rare","en",1,"NM","nonfoil",false,false,false,0.28,0.66,0,0,0,0,"939a4eaa-4d9b-47d1-94a4-fb1e9a95e539","box","bulk"
"Impulsivity","ecc","Lorwyn Eclipsed Commander","13","rare","en",1,"NM","nonfoil",false,false,false,0.30,0.35,0,0,0,0,"c1c9ff71-b818-4d8b-8e0a-432becb7bf09","box","bulk"
"Village Pillagers","ecc","Lorwyn Eclipsed Commander","14","rare","en",1,"NM","nonfoil",false,false,false,0.31,0.41,0,0,0,0,"a1e34ec4-6a85-4e22-9be9-f27dda5752d6","box","bulk"
"Elemental Spectacle","ecc","Lorwyn Eclipsed Commander","15","rare","en",1,"NM","nonfoil",false,false,false,0.20,0.09,0,0,0,0,"b012cbef-c9bc-41ac-8318-f1687340c5fa","box","bulk"
"Ferrafor, Young Yew","ecc","Lorwyn Eclipsed Commander","16","rare","en",1,"NM","nonfoil",false,false,false,0.31,0.27,0,0,0,0,"d6313ef4-c1a0-4315-8db9-a3666e49daa8","box","bulk"
"Jubilation","ecc","Lorwyn Eclipsed Commander","17","rare","en",1,"NM","nonfoil",false,false,false,0.29,0.42,0,0,0,0,"a8eef44d-113c-428f-89e1-821418def041","box","bulk"
"Puca's Covenant","ecc","Lorwyn Eclipsed Commander","18","rare","en",1,"NM","nonfoil",false,false,false,0.24,0.24,0,0,0,0,"1966dbd2-963a-4d37-ab26-c0a0715f523f","box","bulk"
"Springleaf Parade","ecc","Lorwyn Eclipsed Commander","19","rare","en",1,"NM","nonfoil",false,false,false,9.14,8.04,0,0,0,0,"44265489-645a-43b0-bc1f-726905b06876","box","bulk"
"Dread Tiller","ecc","Lorwyn Eclipsed Commander","20","rare","en",1,"NM","nonfoil",false,false,false,0.25,0.26,0,0,0,0,"5e2692eb-5a01-4b62-9d4d-263a553975ab","box","bulk"
"Wickersmith's Tools","ecc","Lorwyn Eclipsed Commander","21","rare","en",1,"NM","nonfoil",false,false,false,0.20,0.19,0,0,0,0,"3758af07-68ed-42da-8a13-ec321e7cd06e","box","bulk"
"Abundant Countryside","ecc","Lorwyn Eclipsed Commander","22","rare","en",1,"NM","nonfoil",false,false,false,3.26,6.02,0,0,0,0,"37478625-dd07-476d-bd9b-b2e0d71ac0d1","box","bulk"
"Rain-Slicked Copse","ecc","Lorwyn Eclipsed Commander","23","rare","en",1,"NM","nonfoil",false,false,false,0.24,0.31,0,0,0,0,"07be68c1-1272-4209-84b9-4fff9211b23e","box","bulk"
"Sodden Verdure","ecc","Lorwyn Eclipsed Commander","24","rare","en",1,"NM","nonfoil",false,false,false,0.36,0.94,0,0,0,0,"fd5e526a-2507-4c3c-ad6f-98d4253962df","box","bulk"
"Belonging","ecc","Lorwyn Eclipsed Commander","25","rare","en",1,"NM","nonfoil",false,false,false,0.36,0.37,0,0,0,0,"e97c95ac-f992-4e99-9469-bc1bc695e49f","box","Lorwin box"
"Springleaf Parade","ecc","Lorwyn Eclipsed Commander","39","rare","en",1,"NM","nonfoil",false,false,false,10.23,7.59,0,0,0,0,"4b0042a6-1391-4406-9058-3711f189508b","deck","La cosa verde - Main"
"Distant Melody","ecc","Lorwyn Eclipsed Commander","45","common","en",1,"NM","nonfoil",false,false,false,0.37,0.53,0,0,0,0,"f1d7e8c9-0936-47eb-8996-309e7a7edcad","box","bulk"
"Blowfly Infestation","ecc","Lorwyn Eclipsed Commander","46","uncommon","en",1,"NM","nonfoil",false,false,false,0.34,0.89,0,0,0,0,"77e5dc0c-f4db-4540-b8d1-a07d7c96a374","box","bulk"
"Hoarder's Greed","ecc","Lorwyn Eclipsed Commander","47","uncommon","en",1,"NM","nonfoil",false,false,false,0.25,0.17,0,0,0,0,"1293ed24-781c-465f-8561-39b01e7ba388","box","bulk"
"Necroskitter","ecc","Lorwyn Eclipsed Commander","48","rare","en",1,"NM","nonfoil",false,false,false,0.74,2.05,0,0,0,0,"1743ff46-7bfe-46f7-a2cf-170dd92bf28f","box","bulk"
"Tree of Perdition","ecc","Lorwyn Eclipsed Commander","49","mythic","en",1,"NM","nonfoil",false,false,false,2.67,3.28,0,0,0,0,"750b4c88-26c7-43ec-b6b9-ece3263dfd59","box","bulk"
"Fury","ecc","Lorwyn Eclipsed Commander","50","mythic","en",1,"NM","nonfoil",false,false,false,0.54,1.58,0,0,0,0,"932d0fb9-382d-464a-9427-b91fa2398cdb","box","bulk"
"Endurance","ecc","Lorwyn Eclipsed Commander","51","mythic","en",1,"NM","nonfoil",false,false,false,4.00,4.78,0,0,0,0,"b770471c-1bf7-4179-8418-dcd790ca5405","box","bulk"
"Ignoble Hierarch","ecc","Lorwyn Eclipsed Commander","52","rare","en",1,"NM","nonfoil",false,false,false,0.99,1.21,0,0,0,0,"e802cfe1-45e0-47cd-8745-363ccc0f2af8","box","bulk"
"Faeburrow Elder","ecc","Lorwyn Eclipsed Commander","53","rare","en",1,"NM","nonfoil",false,false,false,0.39,0.59,0,0,0,0,"145dcac4-2c53-4ae9-9ede-24dc07474b01","box","bulk"
"Fire Covenant","ecc","Lorwyn Eclipsed Commander","54","uncommon","en",1,"NM","nonfoil",false,false,false,0.33,0.68,0,0,0,0,"1a13437b-e0c7-4ca9-a0e2-b8cb1b5813ec","box","bulk"
"Arcane Signet","ecc","Lorwyn Eclipsed Commander","55","uncommon","en",2,"NM","nonfoil",false,false,false,0.45,0.65,0,0,0,0,"aa9e7f3c-e752-4cee-9e9d-fae38ba27dc9","box","bulk"
"Sol Ring","ecc","Lorwyn Eclipsed Commander","57","uncommon","en",2,"NM","nonfoil",false,false,false,1.62,1.74,0,0,0,0,"04002706-2236-4b79-bdea-4f263e43cb9c","box","bulk"
"Command Tower","ecc","Lorwyn Eclipsed Commander","59","common","en",2,"NM","nonfoil",false,false,false,0.31,0.40,0,0,0,0,"da4d9f44-9079-4144-8dd9-076be04032d4","box","bulk"
"Festering Thicket","ecc","Lorwyn Eclipsed Commander","61","rare","en",1,"NM","nonfoil",false,false,false,0.29,0.28,0,0,0,0,"89891685-d4cf-4aaf-8179-210ed135f171","box","bulk"
"Secluded Courtyard","ecc","Lorwyn Eclipsed Commander","62","uncommon","en",1,"NM","nonfoil",false,false,false,0.38,0.47,0,0,0,0,"98563d19-fa5d-4395-ba6c-2bd724d9c410","box","bulk"
"Vernal Fen","ecc","Lorwyn Eclipsed Commander","63","rare","en",1,"NM","nonfoil",false,false,false,0.55,0.85,0,0,0,0,"82253d45-587b-48a9-b6dc-e372f9adb2a6","box","bulk"
"Hoofprints of the Stag","ecc","Lorwyn Eclipsed Commander","64","rare","en",1,"NM","nonfoil",false,false,false,0.21,0.14,0,0,0,0,"af609bbd-2ed0-4a2b-b3e3-7120e86da9ce","box","bulk"
"Path to Exile","ecc","Lorwyn Eclipsed Commander","65","uncommon","en",1,"NM","nonfoil",false,false,false,1.13,1.54,0,0,0,0,"35649ef0-b2fd-429f-be5f-766d5cea5994","box","bulk"
"Shatter the Sky","ecc","Lorwyn Eclipsed Commander","66","rare","en",1,"NM","nonfoil",false,false,false,0.28,0.14,0,0,0,0,"e79f7e98-2f80-444b-8ca2-d529472ba798","box","bulk"
"Mulldrifter","ecc","Lorwyn Eclipsed Commander","67","uncommon","en",1,"NM","nonfoil",false,false,false,0.35,0.38,0,0,0,0,"3de308cc-14ac-407e-99e7-568572ecd0e7","box","bulk"
"Reality Shift","ecc","Lorwyn Eclipsed Commander","68","uncommon","en",1,"NM","nonfoil",false,false,false,0.27,0.23,0,0,0,0,"459f0dd1-3a52-4642-8c3e-11de9467507a","box","bulk"
"Slithermuse","ecc","Lorwyn Eclipsed Commander","69","rare","en",1,"NM","nonfoil",false,false,false,0.26,0.10,0,0,0,0,"58b1e5df-de53-4452-90a9-9ff13c4a0bd6","box","bulk"
"Archfiend of Ifnir","ecc","Lorwyn Eclipsed Commander","70","rare","en",1,"NM","nonfoil",false,false,false,0.36,0.55,0,0,0,0,"83057af6-cb88-4401-92ef-5b5d10463140","box","bulk"
"Black Sun's Zenith","ecc","Lorwyn Eclipsed Commander","71","rare","en",1,"NM","nonfoil",false,false,false,0.31,0.27,0,0,0,0,"eda98f51-a918-4ef7-a123-7d4200c79620","box","bulk"
"Carnifex Demon","ecc","Lorwyn Eclipsed Commander","72","rare","en",1,"NM","nonfoil",false,false,false,0.29,0.20,0,0,0,0,"7eec26a5-1d2b-43ff-b340-bc72f4a71ae8","box","bulk"
"Dusk Urchins","ecc","Lorwyn Eclipsed Commander","73","rare","en",1,"NM","nonfoil",false,false,false,0.21,0.16,0,0,0,0,"fce69f5c-c4c4-4c8b-aa29-8cc8a84587d1","box","bulk"
"Grave Titan","ecc","Lorwyn Eclipsed Commander","74","mythic","en",1,"NM","nonfoil",false,false,false,0.38,0.43,0,0,0,0,"3b4faa6e-5013-4c59-80f5-662a386672eb","box","bulk"
"Haunting Voyage","ecc","Lorwyn Eclipsed Commander","75","mythic","en",1,"NM","nonfoil",false,false,false,0.30,0.41,0,0,0,0,"203ddc5e-3824-4a97-b97d-aeda7b82c704","box","bulk"
"Incremental Blight","ecc","Lorwyn Eclipsed Commander","76","uncommon","en",1,"NM","nonfoil",false,false,false,0.24,0.10,0,0,0,0,"67028351-3023-4433-96fe-f5c32710bdf0","box","bulk"
"Infernal Grasp","ecc","Lorwyn Eclipsed Commander","77","uncommon","en",1,"NM","nonfoil",false,false,false,0.26,0.28,0,0,0,0,"2430acb7-b371-4a03-88e7-0660a51836dd","box","bulk"
"Liliana, Death Wielder","ecc","Lorwyn Eclipsed Commander","78","mythic","en",1,"NM","nonfoil",false,false,false,0.38,0.41,0,0,0,0,"6f874b0e-32e3-421f-8109-522638b3f38d","box","bulk"
"Massacre Girl, Known Killer","ecc","Lorwyn Eclipsed Commander","79","mythic","en",1,"NM","nonfoil",false,false,false,0.62,1.14,0,0,0,0,"8ef53e5e-709c-4613-a5ab-6bf12961b2e1","box","bulk"
"Midnight Banshee","ecc","Lorwyn Eclipsed Commander","80","rare","en",1,"NM","nonfoil",false,false,false,0.20,0.36,0,0,0,0,"f0a38737-22e6-469f-94d8-12b9a62f4495","box","bulk"
"Night's Whisper","ecc","Lorwyn Eclipsed Commander","81","common","en",1,"NM","nonfoil",false,false,false,0.39,0.43,0,0,0,0,"c6627166-bf0e-49f2-9077-252cfb0fab4d","box","bulk"
"Painful Truths","ecc","Lorwyn Eclipsed Commander","82","rare","en",1,"NM","nonfoil",false,false,false,0.29,0.19,0,0,0,0,"faa82f09-0693-4cc6-8770-8c6a35aa627b","box","bulk"
"Persist","ecc","Lorwyn Eclipsed Commander","83","rare","en",1,"NM","nonfoil",false,false,false,1.11,1.50,0,0,0,0,"b7a56356-91bf-42f5-ab21-af2c48e78fc3","box","bulk"
"Puppeteer Clique","ecc","Lorwyn Eclipsed Commander","84","rare","en",1,"NM","nonfoil",false,false,false,0.31,0.22,0,0,0,0,"ffb08d08-9936-4525-bd72-3c2b77783d7d","box","bulk"
"Shriekmaw","ecc","Lorwyn Eclipsed Commander","85","uncommon","en",1,"NM","nonfoil",false,false,false,0.28,0.25,0,0,0,0,"ed2d62c2-85c9-4fd4-8a7e-0017640606be","box","bulk"
"Skinrender","ecc","Lorwyn Eclipsed Commander","86","uncommon","en",1,"NM","nonfoil",false,false,false,0.28,0.06,0,0,0,0,"178bca8c-8686-414f-8c71-a582eecd273d","box","bulk"
"Soul Snuffers","ecc","Lorwyn Eclipsed Commander","87","uncommon","en",1,"NM","nonfoil",false,false,false,0.28,0.13,0,0,0,0,"c3313376-cda8-4458-baa8-be3eac236192","box","bulk"
"Vraska, Betrayal's Sting","ecc","Lorwyn Eclipsed Commander","88","mythic","en",1,"NM","nonfoil",false,false,false,0.73,1.33,0,0,0,0,"9f1fa1c5-ff87-4bbc-89aa-dbebc91eada0","box","bulk"
"Blasphemous Act","ecc","Lorwyn Eclipsed Commander","89","rare","en",1,"NM","nonfoil",false,false,false,0.77,1.90,0,0,0,0,"f349a283-a3ee-468b-92c5-d74f53f4d621","box","bulk"
"Cathartic Pyre","ecc","Lorwyn Eclipsed Commander","90","uncommon","en",1,"NM","nonfoil",false,false,false,0.27,0.19,0,0,0,0,"0d762a71-ee49-49fd-a54a-0c066277c88c","box","bulk"
"Cathartic Reunion","ecc","Lorwyn Eclipsed Commander","91","common","en",1,"NM","nonfoil",false,false,false,0.34,0.13,0,0,0,0,"e3bca51a-b9be-4be2-a256-b15853fde433","box","bulk"
"Chain Reaction","ecc","Lorwyn Eclipsed Commander","92","rare","en",1,"NM","nonfoil",false,false,false,0.26,0.15,0,0,0,0,"b6c0d5df-1195-49c1-9b8f-befed9faa401","box","bulk"
"Descendants' Fury","ecc","Lorwyn Eclipsed Commander","93","rare","en",1,"NM","nonfoil",false,false,false,0.29,0.26,0,0,0,0,"55af97c0-3377-4a77-8a8a-5bc894d7d678","box","bulk"
"Incandescent Soulstoke","ecc","Lorwyn Eclipsed Commander","94","uncommon","en",1,"NM","nonfoil",false,false,false,0.24,0.21,0,0,0,0,"c1597a95-3175-42f7-abce-2f6f969c5faa","box","bulk"
"Ingot Chewer","ecc","Lorwyn Eclipsed Commander","95","common","en",1,"NM","nonfoil",false,false,false,0.28,0.18,0,0,0,0,"c2086d4e-c202-4677-8dee-ecabd61cf921","box","bulk"
"Smokebraider","ecc","Lorwyn Eclipsed Commander","96","common","en",1,"NM","nonfoil",false,false,false,0.29,0.16,0,0,0,0,"d5975979-12ca-4cb5-9897-71a683104eda","box","bulk"
"Abundant Growth","ecc","Lorwyn Eclipsed Commander","97","common","en",1,"NM","nonfoil",false,false,false,0.20,0.23,0,0,0,0,"88b8b051-3f05-4cc1-9506-732faa25553a","box","bulk"
"Avenger of Zendikar","ecc","Lorwyn Eclipsed Commander","98","mythic","en",1,"NM","nonfoil",false,false,false,0.46,0.54,0,0,0,0,"c6f1e60f-a195-4590-80b0-86767de6c423","box","bulk"
"Bane of Progress","ecc","Lorwyn Eclipsed Commander","99","rare","en",1,"NM","nonfoil",false,false,false,0.35,0.51,0,0,0,0,"54c98a43-d358-4bb5-ba65-dff25c2f12ea","box","bulk"
"Cavalier of Thorns","ecc","Lorwyn Eclipsed Commander","100","mythic","en",1,"NM","nonfoil",false,false,false,0.31,0.32,0,0,0,0,"ace83f5b-2349-46b8-b27f-bf705912a6df","box","bulk"
"Channeler Initiate","ecc","Lorwyn Eclipsed Commander","101","rare","en",1,"NM","nonfoil",false,false,false,0.25,0.13,0,0,0,0,"9011936a-ec69-4c1b-ae8e-c2d212047ca4","box","bulk"
"Cream of the Crop","ecc","Lorwyn Eclipsed Commander","102","rare","en",1,"NM","nonfoil",false,false,false,0.40,1.00,0,0,0,0,"943be0ee-cab1-4678-9ee0-960919ed519e","box","bulk"
"Cultivate","ecc","Lorwyn Eclipsed Commander","103","common","en",1,"NM","nonfoil",false,false,false,0.36,0.47,0,0,0,0,"4d36559d-3b91-46e4-bc39-c489842adcbf","box","bulk"
"Devoted Druid","ecc","Lorwyn Eclipsed Commander","104","uncommon","en",1,"NM","nonfoil",false,false,false,0.42,0.61,0,0,0,0,"22589a81-3ea8-4e78-98c9-c015e7539cf9","box","bulk"
"Evolution Sage","ecc","Lorwyn Eclipsed Commander","105","uncommon","en",1,"NM","nonfoil",false,false,false,2.30,2.48,0,0,0,0,"1d58d08d-cd62-416d-8d8e-7d9c56d5c4da","box","bulk"
"Fertile Ground","ecc","Lorwyn Eclipsed Commander","106","common","en",1,"NM","nonfoil",false,false,false,0.57,0.35,0,0,0,0,"83778d03-6196-4994-8f78-4db6cec823fb","box","bulk"
"Flourishing Defenses","ecc","Lorwyn Eclipsed Commander","107","uncommon","en",1,"NM","nonfoil",false,false,false,1.29,1.92,0,0,0,0,"37a678b3-53ba-48c7-9846-6454f8b34127","box","bulk"
"Foundation Breaker","ecc","Lorwyn Eclipsed Commander","108","uncommon","en",1,"NM","nonfoil",false,false,false,0.30,0.17,0,0,0,0,"d990b59f-2ad1-4224-9f1e-2574eadce1a3","box","bulk"
"Garruk's Uprising","ecc","Lorwyn Eclipsed Commander","109","uncommon","en",1,"NM","nonfoil",false,false,false,0.40,0.56,0,0,0,0,"b58c4033-f764-42f6-966f-b7202a2babbf","box","bulk"
"Garruk's Uprising","ecc","Lorwyn Eclipsed Commander","109","uncommon","en",1,"NM","nonfoil",false,false,false,0.40,0.56,0,0,0,0,"b58c4033-f764-42f6-966f-b7202a2babbf","box","Foundation"
"Greenwarden of Murasa","ecc","Lorwyn Eclipsed Commander","110","mythic","en",1,"NM","nonfoil",false,false,false,0.23,0.28,0,0,0,0,"24249343-8274-4c16-bb51-4d37b4b60741","box","bulk"
"Harmonize","ecc","Lorwyn Eclipsed Commander","111","uncommon","en",1,"NM","nonfoil",false,false,false,0.28,0.20,0,0,0,0,"754c9a93-bbd6-4b2c-9158-70341be6b912","box","bulk"
"Kindred Summons","ecc","Lorwyn Eclipsed Commander","112","rare","en",1,"NM","nonfoil",false,false,false,0.55,1.64,0,0,0,0,"3485e240-4957-421b-86f4-2aa494563747","box","bulk"
"Kodama's Reach","ecc","Lorwyn Eclipsed Commander","113","common","en",1,"NM","nonfoil",false,false,false,1.46,1.33,0,0,0,0,"90c423cc-1264-4067-9c50-e7c88c68ef2d","box","bulk"
"Realmwalker","ecc","Lorwyn Eclipsed Commander","114","rare","en",1,"NM","nonfoil",false,false,false,1.00,1.55,0,0,0,0,"52733829-27b7-40ec-a897-cabab35b3729","box","bulk"
"Return of the Wildspeaker","ecc","Lorwyn Eclipsed Commander","115","rare","en",1,"NM","nonfoil",false,false,false,0.94,0.93,0,0,0,0,"2fa1dac5-51ba-403e-b48b-d2c0d23a8146","box","bulk"
"Selvala, Heart of the Wilds","ecc","Lorwyn Eclipsed Commander","116","mythic","en",1,"NM","nonfoil",false,false,false,3.44,2.60,0,0,0,0,"812856be-cf51-42de-96d2-4ac91e71d442","box","bulk"
"Titan of Industry","ecc","Lorwyn Eclipsed Commander","117","mythic","en",1,"NM","nonfoil",false,false,false,0.32,0.60,0,0,0,0,"432f2b57-4e7e-4717-8707-8cdbc1aae154","box","bulk"
"Wickerbough Elder","ecc","Lorwyn Eclipsed Commander","118","common","en",1,"NM","nonfoil",false,false,false,0.25,0.09,0,0,0,0,"83e0b855-0259-4229-a6b9-d0faaf225355","box","bulk"
"Assassin's Trophy","ecc","Lorwyn Eclipsed Commander","119","rare","en",1,"NM","nonfoil",false,false,false,0.74,1.27,0,0,0,0,"5e530961-1cb5-4208-ac49-f0963bac0134","box","bulk"
"Binding the Old Gods","ecc","Lorwyn Eclipsed Commander","120","uncommon","en",1,"NM","nonfoil",false,false,false,0.29,0.19,0,0,0,0,"41802f18-7d46-431a-acb3-dbcc82eb415a","box","bulk"
"Everlasting Torment","ecc","Lorwyn Eclipsed Commander","121","rare","en",1,"NM","nonfoil",false,false,false,0.30,0.28,0,0,0,0,"a1e79115-bb2d-4455-b6dc-aaf2d0e26c60","box","bulk"
"Glissa Sunslayer","ecc","Lorwyn Eclipsed Commander","122","rare","en",1,"NM","nonfoil",false,false,false,0.40,0.75,0,0,0,0,"682b1b62-338a-49d1-9d4e-2d8ee2e6fc76","box","bulk"
"Hapatra, Vizier of Poisons","ecc","Lorwyn Eclipsed Commander","123","rare","en",1,"NM","nonfoil",false,false,false,0.31,0.35,0,0,0,0,"d19e17fc-ae3e-4533-ab94-70d5f2e1b8cd","box","bulk"
"Horde of Notions","ecc","Lorwyn Eclipsed Commander","124","rare","en",1,"NM","nonfoil",false,false,false,0.27,0.16,0,0,0,0,"e7d3e472-5589-4655-b246-6f2d7ccf029e","box","bulk"
"Jegantha, the Wellspring","ecc","Lorwyn Eclipsed Commander","125","rare","en",1,"NM","nonfoil",false,false,false,0.28,0.22,0,0,0,0,"79ec30d9-daf7-4f1d-ac16-4d11e8160d97","box","bulk"
"Kulrath Knight","ecc","Lorwyn Eclipsed Commander","126","uncommon","en",1,"NM","nonfoil",false,false,false,0.26,0.23,0,0,0,0,"c28c15bd-6fb3-4250-81c4-d42f3efdb6f6","box","bulk"
"Maelstrom Wanderer","ecc","Lorwyn Eclipsed Commander","127","rare","en",1,"NM","nonfoil",false,false,false,0.32,0.37,0,0,0,0,"5685b28a-b943-4143-b9ed-4796c1ffbf9c","box","bulk"
"Muldrotha, the Gravetide","ecc","Lorwyn Eclipsed Commander","128","mythic","en",1,"NM","nonfoil",false,false,false,0.47,0.90,0,0,0,0,"705b4d97-2f50-47f7-9053-d748f4337553","box","bulk"
"Omnath, Locus of Rage","ecc","Lorwyn Eclipsed Commander","129","mythic","en",1,"NM","nonfoil",false,false,false,0.67,0.38,0,0,0,0,"637c5910-f835-496e-b1b9-445bfb71da97","box","bulk"
"Omnath, Locus of the Roil","ecc","Lorwyn Eclipsed Commander","130","mythic","en",1,"NM","nonfoil",false,false,false,0.31,0.55,0,0,0,0,"6da6957b-8f52-4fc9-affe-e1e0db03fbe2","box","bulk"
"Putrefy","ecc","Lorwyn Eclipsed Commander","131","uncommon","en",1,"NM","nonfoil",false,false,false,0.28,0.22,0,0,0,0,"ad6ed9f1-2014-49e2-91c6-2b55c8d60cdc","box","bulk"
"Risen Reef","ecc","Lorwyn Eclipsed Commander","132","uncommon","en",1,"NM","nonfoil",false,false,false,0.32,0.25,0,0,0,0,"715ad2ff-7eae-42f1-bb3c-a3afc2c9b82a","box","bulk"
"The Scorpion God","ecc","Lorwyn Eclipsed Commander","133","mythic","en",1,"NM","nonfoil",false,false,false,0.25,0.46,0,0,0,0,"792eabed-6c49-41f0-a9ce-0184e5c577e9","box","bulk"
"Terminate","ecc","Lorwyn Eclipsed Commander","134","common","en",1,"NM","nonfoil",false,false,false,0.35,0.39,0,0,0,0,"21f579c9-4b74-4461-8812-dcfd68fd2b97","box","bulk"
"Vernal Sovereign","ecc","Lorwyn Eclipsed Commander","135","rare","en",1,"NM","nonfoil",false,false,false,0.31,0.15,0,0,0,0,"7c54fe0b-56f6-4cff-adde-56aa5326194d","box","bulk"
"Yarok, the Desecrated","ecc","Lorwyn Eclipsed Commander","136","mythic","en",1,"NM","nonfoil",false,false,false,0.37,0.40,0,0,0,0,"c08a2da8-3ce7-4e0d-bdb0-81b6cdf3126a","box","bulk"
"Chimil, the Inner Sun","ecc","Lorwyn Eclipsed Commander","137","mythic","en",1,"NM","nonfoil",false,false,false,6.48,5.04,0,0,0,0,"7b696878-bf6c-4323-baa5-93c44dde075e","box","bulk"
"Chromatic Lantern","ecc","Lorwyn Eclipsed Commander","138","rare","en",1,"NM","nonfoil",false,false,false,0.93,1.16,0,0,0,0,"bf810ace-f866-457c-8671-a84c73b6f733","box","bulk"
"Commander's Sphere","ecc","Lorwyn Eclipsed Commander","139","common","en",1,"NM","nonfoil",false,false,false,0.30,0.15,0,0,0,0,"a0d50603-e31f-4cd7-b4b6-49847d99eb2e","box","bulk"
"Contagion Clasp","ecc","Lorwyn Eclipsed Commander","140","uncommon","en",1,"NM","nonfoil",false,false,false,0.33,0.24,0,0,0,0,"edd7f08a-3baf-4fb0-921e-b0e7b4a1a545","box","bulk"
"Fellwar Stone","ecc","Lorwyn Eclipsed Commander","141","uncommon","en",1,"NM","nonfoil",false,false,false,0.77,1.02,0,0,0,0,"bbfb3591-1f81-4576-828b-fd00fea599dd","box","bulk"
"Grim Poppet","ecc","Lorwyn Eclipsed Commander","142","rare","en",1,"NM","nonfoil",false,false,false,0.26,0.14,0,0,0,0,"7b23f412-c5eb-48f1-ad84-ae42171944c8","box","bulk"
"Timeless Lotus","ecc","Lorwyn Eclipsed Commander","143","mythic","en",1,"NM","nonfoil",false,false,false,2.48,2.20,0,0,0,0,"0fbbab5f-657a-4e6a-8bdd-69f11547fe25","box","bulk"
"Ancient Ziggurat","ecc","Lorwyn Eclipsed Commander","144","uncommon","en",1,"NM","nonfoil",false,false,false,0.35,0.86,0,0,0,0,"136f1e4e-ca24-45cb-a39c-4dd159bb1488","deck","Disturbi alimentari - Main"
"Canyon Slough","ecc","Lorwyn Eclipsed Commander","145","rare","en",1,"NM","nonfoil",false,false,false,0.26,0.16,0,0,0,0,"d2ba7cfa-36f2-410f-80c3-5a06f4b48372","box","bulk"
"Cinder Glade","ecc","Lorwyn Eclipsed Commander","146","rare","en",1,"NM","nonfoil",false,false,false,0.36,0.25,0,0,0,0,"306a7feb-f254-4ef1-a813-709601e87905","box","bulk"
"Dragonskull Summit","ecc","Lorwyn Eclipsed Commander","147","rare","en",1,"NM","nonfoil",false,false,false,0.53,0.91,0,0,0,0,"92964d76-3a01-4ab6-abf9-66b754708f90","box","bulk"
"Exotic Orchard","ecc","Lorwyn Eclipsed Commander","148","rare","en",2,"NM","nonfoil",false,false,false,0.31,0.19,0,0,0,0,"dc0a1bc1-ba94-4494-a196-5363fde85194","box","bulk"
"Flamekin Village","ecc","Lorwyn Eclipsed Commander","149","rare","en",1,"NM","nonfoil",false,false,false,0.29,0.42,0,0,0,0,"df0affe7-92d8-422f-833d-74089626b829","box","bulk"
"Frontier Bivouac","ecc","Lorwyn Eclipsed Commander","150","uncommon","en",1,"NM","nonfoil",false,false,false,0.36,0.21,0,0,0,0,"48810b27-0646-4ff9-9d4d-c6d09b2e0267","box","bulk"
"Golgari Rot Farm","ecc","Lorwyn Eclipsed Commander","151","uncommon","en",1,"NM","nonfoil",false,false,false,0.34,0.18,0,0,0,0,"42486edd-24b7-4299-84fa-50559917b2a8","box","bulk"
"Gruul Turf","ecc","Lorwyn Eclipsed Commander","152","uncommon","en",1,"NM","nonfoil",false,false,false,0.31,0.20,0,0,0,0,"f19d2b68-1415-4a0c-bb68-cfacb611c4d2","box","bulk"
"Ifnir Deadlands","ecc","Lorwyn Eclipsed Commander","153","uncommon","en",1,"NM","nonfoil",false,false,false,0.23,0.14,0,0,0,0,"902e260d-71ba-4342-9794-fefe2b531c00","box","bulk"
"Jungle Shrine","ecc","Lorwyn Eclipsed Commander","154","uncommon","en",1,"NM","nonfoil",false,false,false,0.32,0.35,0,0,0,0,"0b1a84b6-4202-4413-80ed-4142c51e619a","box","bulk"
"Nesting Grounds","ecc","Lorwyn Eclipsed Commander","155","rare","en",1,"NM","nonfoil",false,false,false,0.34,0.20,0,0,0,0,"c25ad164-4076-496d-833c-d607391b1ac8","box","bulk"
"Opal Palace","ecc","Lorwyn Eclipsed Commander","156","common","en",1,"NM","nonfoil",false,false,false,0.26,0.15,0,0,0,0,"5d772414-a85f-45f2-bb85-9fdca0f87fd6","box","bulk"
"Opulent Palace","ecc","Lorwyn Eclipsed Commander","157","uncommon","en",1,"NM","nonfoil",false,false,false,0.27,0.22,0,0,0,0,"f0001153-dbcb-44e5-99be-2c186c9b10b0","box","bulk"
"Path of Ancestry","ecc","Lorwyn Eclipsed Commander","158","common","en",2,"NM","nonfoil",false,false,false,0.23,0.20,0,0,0,0,"3b792a6a-beac-4d4a-91b6-f5a5e3539ecd","box","bulk"
"Primal Beyond","ecc","Lorwyn Eclipsed Commander","159","rare","en",1,"NM","nonfoil",false,false,false,0.22,0.22,0,0,0,0,"cf01949c-1aa3-4ce6-aabf-00c6d0498f5c","box","bulk"
"Raging Ravine","ecc","Lorwyn Eclipsed Commander","160","rare","en",1,"NM","nonfoil",false,false,false,0.19,0.15,0,0,0,0,"3964c3a5-3ce7-4b73-89ec-ed1b9799aef8","box","bulk"
"Rakdos Carnarium","ecc","Lorwyn Eclipsed Commander","161","uncommon","en",1,"NM","nonfoil",false,false,false,0.35,0.22,0,0,0,0,"20c799a9-ab94-46e6-9111-00505e071c41","box","bulk"
"Riveteers Overlook","ecc","Lorwyn Eclipsed Commander","162","common","en",1,"NM","nonfoil",false,false,false,0.32,0.25,0,0,0,0,"65ce9590-87c0-4057-bddb-fadc0de552f6","box","bulk"
"Rootbound Crag","ecc","Lorwyn Eclipsed Commander","163","rare","en",1,"NM","nonfoil",false,false,false,0.33,0.40,0,0,0,0,"bc0f449a-01e2-4c22-8eb0-17ad1efb62e4","box","bulk"
"Sandsteppe Citadel","ecc","Lorwyn Eclipsed Commander","164","uncommon","en",1,"NM","nonfoil",false,false,false,0.31,0.17,0,0,0,0,"e7482def-e87e-4a7f-9c18-7859483b2a66","deck","Disturbi alimentari - Main"
"Savage Lands","ecc","Lorwyn Eclipsed Commander","165","uncommon","en",2,"NM","nonfoil",false,false,false,0.31,0.21,0,0,0,0,"55187461-2ff3-424b-85d5-2ca09567d44e","box","bulk"
"Seaside Citadel","ecc","Lorwyn Eclipsed Commander","166","uncommon","en",1,"NM","nonfoil",false,false,false,0.30,0.27,0,0,0,0,"b681599f-aa7a-4b3a-a36a-dc6d70fd6a11","box","bulk"
"Sheltered Thicket","ecc","Lorwyn Eclipsed Commander","167","rare","en",1,"NM","nonfoil",false,false,false,0.25,0.17,0,0,0,0,"ad7f87dd-1c43-4b6f-9d68-cc09ef76dbc2","box","bulk"
"Smoldering Marsh","ecc","Lorwyn Eclipsed Commander","168","rare","en",1,"NM","nonfoil",false,false,false,0.28,0.28,0,0,0,0,"d6890462-aeb0-4356-93dc-b2eda0df0c0e","box","bulk"
"Terramorphic Expanse","ecc","Lorwyn Eclipsed Commander","169","common","en",1,"NM","nonfoil",false,false,false,0.23,0.22,0,0,0,0,"0bea079a-a972-4988-a561-9783b2515166","box","bulk"
"Thriving Bluff","ecc","Lorwyn Eclipsed Commander","170","common","en",1,"NM","nonfoil",false,false,false,0.33,0.11,0,0,0,0,"8a6d17e6-c7f3-4433-a3f2-82076fb10031","box","bulk"
"Thriving Bluff","ecc","Lorwyn Eclipsed Commander","170","common","en",1,"NM","nonfoil",false,false,false,0.33,0.11,0,0,0,0,"8a6d17e6-c7f3-4433-a3f2-82076fb10031","box","Ff chchobo bundle"
"Thriving Grove","ecc","Lorwyn Eclipsed Commander","171","common","en",1,"NM","nonfoil",false,false,false,0.29,0.13,0,0,0,0,"434904b5-3614-4843-9cc0-03da115bdbef","box","bulk"
"Thriving Heath","ecc","Lorwyn Eclipsed Commander","172","common","en",1,"NM","nonfoil",false,false,false,0.23,0.12,0,0,0,0,"13348735-d12e-4858-989f-a74c031ed518","box","bulk"
"Thriving Isle","ecc","Lorwyn Eclipsed Commander","173","common","en",1,"NM","nonfoil",false,false,false,0.21,0.03,0,0,0,0,"68614de9-2b44-4043-94e9-cbd2249d5f75","box","bulk"
"Thriving Isle","ecc","Lorwyn Eclipsed Commander","173","common","en",1,"NM","nonfoil",false,false,false,0.21,0.03,0,0,0,0,"68614de9-2b44-4043-94e9-cbd2249d5f75","box","Ff chchobo bundle"
"Thriving Moor","ecc","Lorwyn Eclipsed Commander","174","common","en",1,"NM","nonfoil",false,false,false,0.23,0.13,0,0,0,0,"672eed05-1392-40ff-aa6f-2aac74d28ae9","box","bulk"
"Unclaimed Territory","ecc","Lorwyn Eclipsed Commander","175","uncommon","en",1,"NM","nonfoil",false,false,false,0.31,0.32,0,0,0,0,"7f5ad03d-77ae-4e06-96f2-4f03bdfbb226","box","bulk"
"Woodland Cemetery","ecc","Lorwyn Eclipsed Commander","176","rare","en",1,"NM","nonfoil",false,false,false,0.46,0.81,0,0,0,0,"0c20aa48-58a0-4dee-970f-ba1292affa28","box","bulk"
"Changeling Wayfinder","ecl","Lorwyn Eclipsed","1","common","en",3,"NM","nonfoil",false,false,false,0.35,0.07,0.33,0.18,0,0,"6c6061aa-a4da-4115-85b6-d0aa22f2386c","box","Lorwin box"
"Rooftop Percher","ecl","Lorwyn Eclipsed","2","common","en",1,"NM","nonfoil",false,false,false,0.17,0.10,0.21,0.25,0,0,"2d89595c-1542-41fe-8d23-997522922698","box","Lorwin box"
"Appeal to Eirdu","ecl","Lorwyn Eclipsed","5","common","en",1,"NM","nonfoil",false,false,false,0.07,0.03,0.11,0.08,0,0,"68ce9752-21f9-48e9-bf48-7f76f1cecbc5","box","Lorwin box"
"Bark of Doran","ecl","Lorwyn Eclipsed","6","uncommon","en",1,"NM","nonfoil",false,false,false,0.20,0.09,0.35,0.17,0,0,"98210276-1b85-4db5-8ab4-ecb08f5d2ee2","box","Lorwin box"
"Clachan Festival","ecl","Lorwyn Eclipsed","10","uncommon","en",1,"NM","nonfoil",false,false,false,0.20,0.06,0.26,0.15,0,0,"324b5234-ffbf-4801-a475-8f693679ae2f","box","Lorwin box"
"Crib Swap","ecl","Lorwyn Eclipsed","11","uncommon","en",1,"NM","nonfoil",false,false,false,0.23,0.06,0.30,0.11,0,0,"8f2fb3c6-af75-47a3-9f97-521872c32890","box","Lorwin box"
"Crib Swap","ecl","Lorwyn Eclipsed","11","uncommon","en",1,"NM","nonfoil",false,false,false,0.23,0.06,0.30,0.11,0,0,"8f2fb3c6-af75-47a3-9f97-521872c32890","box","bulk"
"Encumbered Reejerey","ecl","Lorwyn Eclipsed","14","uncommon","en",2,"NM","nonfoil",false,false,false,0.14,0.06,0.19,0.07,0,0,"15ff6797-f59c-4333-98ea-5711150fd5b8","box","Lorwin box"
"Evershrike's Gift","ecl","Lorwyn Eclipsed","15","uncommon","en",1,"NM","nonfoil",false,false,false,0.19,0.08,0.24,0.11,0,0,"231e46b6-b91a-4582-8894-e7de1c50213f","box","Lorwin box"
"Gallant Fowlknight","ecl","Lorwyn Eclipsed","17","common","en",2,"NM","nonfoil",false,false,false,0.07,0.06,0.11,0.12,0,0,"fb6096ba-8083-4207-9a3f-c1e4ff095204","box","Lorwin box"
"Goldmeadow Nomad","ecl","Lorwyn Eclipsed","18","common","en",2,"NM","nonfoil",false,false,false,0.17,0.06,0.09,0.21,0,0,"00ddbe6c-11de-4bc6-aabe-d6d8385a838a","box","Lorwin box"
"Keep Out","ecl","Lorwyn Eclipsed","19","common","en",3,"NM","nonfoil",false,false,false,0.15,0.03,0.20,0.11,0,0,"4ab1601c-634c-4f21-8926-ba3cb92008c1","box","Lorwin box"
"Kinbinding","ecl","Lorwyn Eclipsed","20","rare","en",1,"NM","nonfoil",false,false,false,0.31,0.22,0.37,0.23,0,0,"b6e35fd5-de7e-40a8-a23c-00d07fd1ac56","box","Lorwin box"
"Kinsbaile Aspirant","ecl","Lorwyn Eclipsed","21","uncommon","en",1,"NM","nonfoil",false,false,false,0.11,0.11,0.23,0.09,0,0,"56dfdab1-ea3f-4663-a855-a9e72505f85e","box","Lorwin box"
"Kithkeeper","ecl","Lorwyn Eclipsed","23","uncommon","en",1,"NM","nonfoil",false,false,false,0.11,0.10,0.20,0.07,0,0,"ef29eff7-72be-46e6-9275-0f0a44d29233","box","Lorwin box"
"Liminal Hold","ecl","Lorwyn Eclipsed","24","common","en",3,"NM","nonfoil",false,false,false,0.17,0.04,0.13,0.05,0,0,"a5a40c16-7a5c-4ad1-be53-6b1b1be2affe","box","Lorwin box"
"Moonlit Lamenter","ecl","Lorwyn Eclipsed","26","uncommon","en",2,"NM","nonfoil",false,false,false,0.19,0.08,0.28,0.15,0,0,"fb8fc509-cff6-470f-abf6-b07f6c3f94e1","box","Lorwin box"
"Personify","ecl","Lorwyn Eclipsed","28","uncommon","en",1,"NM","nonfoil",false,false,false,0.26,0.20,0.30,0.37,0,0,"1172582d-fb2d-4022-95b1-e48b03df3a95","box","Lorwin box"
"Protective Response","ecl","Lorwyn Eclipsed","29","uncommon","en",1,"NM","nonfoil",false,false,false,0.14,0.06,0.21,0.10,0,0,"113975e1-7712-4760-96ad-405f8b4e41e3","box","Lorwin box"
"Reluctant Dounguard","ecl","Lorwyn Eclipsed","31","common","en",2,"NM","nonfoil",false,false,false,0.08,0.07,0.15,0.05,0,0,"dbce93c0-5efc-4b60-9cef-9d9b374d397b","box","Lorwin box"
"Riverguard's Reflexes","ecl","Lorwyn Eclipsed","33","common","en",2,"NM","nonfoil",false,false,false,0.07,0.07,0.13,0.05,0,0,"88a79f3e-ca74-467c-b0a8-22802ac5b465","box","Lorwin box"
"Shore Lurker","ecl","Lorwyn Eclipsed","34","common","en",2,"NM","nonfoil",false,false,false,0.08,0.02,0.10,0.08,0,0,"bb353c27-e311-4677-9277-cab6820562ce","box","Lorwin box"
"Spiral into Solitude","ecl","Lorwyn Eclipsed","36","common","en",4,"NM","nonfoil",false,false,false,0.14,0.03,0.18,0.13,0,0,"e7a12664-a930-4159-8311-19862488fb05","box","Lorwin box"
"Sun-Dappled Celebrant","ecl","Lorwyn Eclipsed","37","common","en",3,"NM","nonfoil",false,false,false,0.11,0.02,0.13,0.05,0,0,"91c715a5-6643-4064-a8a8-3e05dce15979","box","Lorwin box"
"Thoughtweft Imbuer","ecl","Lorwyn Eclipsed","38","uncommon","en",1,"NM","nonfoil",false,false,false,0.17,0.10,0.19,0.04,0,0,"7e585a6c-2d95-450e-98cb-8794d7d8ecca","box","Lorwin box"
"Timid Shieldbearer","ecl","Lorwyn Eclipsed","39","common","en",3,"NM","nonfoil",false,false,false,0.14,0.04,0.10,0.08,0,0,"1c672d38-a1a6-4912-a9a6-b11e7bf0cc67","box","Lorwin box"
"Tributary Vaulter","ecl","Lorwyn Eclipsed","40","common","en",1,"NM","nonfoil",false,false,false,0.07,0.03,0.10,0.04,0,0,"a1db2c83-41d1-4cc6-b9a3-fed504b01127","box","Lorwin box"
"Wanderbrine Preacher","ecl","Lorwyn Eclipsed","41","common","en",2,"NM","nonfoil",false,false,false,0.15,0.04,0.17,0.06,0,0,"3fc3f5f2-5a83-4358-8f23-42f26f345140","box","Lorwin box"
"Wanderbrine Trapper","ecl","Lorwyn Eclipsed","42","uncommon","en",1,"NM","nonfoil",false,false,false,0.23,0.08,0.23,0.14,0,0,"f4c134ed-adbf-4e88-80e0-75c176ce94c3","box","Lorwin box"
"Aquitect's Defenses","ecl","Lorwyn Eclipsed","44","common","en",3,"NM","nonfoil",false,false,false,0.19,0.07,0.22,0.08,0,0,"9af9a907-fd2e-4ae0-ac7b-529074b79a14","box","Lorwin box"
"Blossombind","ecl","Lorwyn Eclipsed","45","common","en",2,"NM","nonfoil",false,false,false,0.18,0.10,0.22,0.09,0,0,"382b83c0-bbbc-4db8-bc04-cfea79aed1b3","box","Lorwin box"
"Champions of the Shoal","ecl","Lorwyn Eclipsed","46","rare","en",1,"NM","nonfoil",false,false,false,0.33,0.18,0.30,0.14,0,0,"e1acdd9c-4a6d-4373-950c-f5539b54679f","box","Lorwin box"
"Glamermite","ecl","Lorwyn Eclipsed","50","common","en",2,"NM","nonfoil",false,false,false,0.16,0.14,0.23,0.11,0,0,"b8b7c23a-0034-453c-ab44-f6ec0f31d1eb","box","Lorwin box"
"Glen Elendra Guardian","ecl","Lorwyn Eclipsed","51","rare","en",1,"NM","nonfoil",false,false,false,0.44,0.93,0.75,0.77,0,0,"388d2e4a-0aa5-4b82-a86c-4777ca60161c","box","Lorwin box"
"Glen Elendra's Answer","ecl","Lorwyn Eclipsed","52","mythic","en",1,"NM","nonfoil",false,false,false,1.30,1.81,1.88,2.14,0,0,"fa5bfbf9-dca2-42b7-a431-f9afedb54528","box","Lorwin box"
"Gravelgill Scoundrel","ecl","Lorwyn Eclipsed","53","common","en",4,"NM","nonfoil",false,false,false,0.10,0.02,0.13,0.04,0,0,"320bc30c-7a8a-411a-9f36-9c69126e131b","box","Lorwin box"
"Illusion Spinners","ecl","Lorwyn Eclipsed","55","uncommon","en",1,"NM","nonfoil",false,false,false,0.11,0.06,0.14,0.16,0,0,"eb4229a9-8df4-4adc-9d3e-acd2221fa3e9","box","Lorwin box"
"Kulrath Mystic","ecl","Lorwyn Eclipsed","56","common","en",3,"NM","nonfoil",false,false,false,0.04,0.02,0.09,0.03,0,0,"377d257c-920c-4dd4-a4b1-01cbc631ef8f","box","Lorwin box"
"Loch Mare","ecl","Lorwyn Eclipsed","57","mythic","en",1,"NM","nonfoil",false,false,false,0.82,1.53,1.42,1.25,0,0,"ad6c4baf-a803-45e4-81ac-708a41631a28","box","Lorwin box"
"Lofty Dreams","ecl","Lorwyn Eclipsed","58","uncommon","en",1,"NM","nonfoil",false,false,false,0.16,0.03,0.19,0.08,0,0,"a2908ed1-517e-4f1a-94e5-b06fb033c1a6","box","Lorwin box"
"Omni-Changeling","ecl","Lorwyn Eclipsed","62","uncommon","en",2,"NM","nonfoil",false,false,false,0.31,0.23,0.57,0.50,0,0,"f29ce8f9-42a3-43fa-8197-666cc26e2c76","box","Lorwin box"
"Rime Chill","ecl","Lorwyn Eclipsed","64","uncommon","en",2,"NM","nonfoil",false,false,false,0.10,0.08,0.13,0.18,0,0,"a9a425f4-2103-4f96-88a0-91fe554037d7","box","Lorwin box"
"Rimekin Recluse","ecl","Lorwyn Eclipsed","66","uncommon","en",2,"NM","nonfoil",false,false,false,0.21,0.10,0.17,0.25,0,0,"ba6b5368-3262-4002-bf1e-fce62f7f7901","box","Lorwin box"
"Silvergill Mentor","ecl","Lorwyn Eclipsed","69","uncommon","en",1,"NM","nonfoil",false,false,false,0.24,0.13,0.30,0.23,0,0,"e6e37fe8-459c-4992-8ae9-f782cddab2fe","box","Lorwin box"
"Silvergill Peddler","ecl","Lorwyn Eclipsed","70","common","en",2,"NM","nonfoil",false,false,false,0.08,0.06,0.16,0.09,0,0,"feba2bb6-6005-4ade-a4c5-97bbd54b43a3","box","Lorwin box"
"Spell Snare","ecl","Lorwyn Eclipsed","71","uncommon","en",2,"NM","nonfoil",false,false,false,0.39,0.34,0.80,0.60,0,0,"b7551b61-656e-4f37-b9da-73174db983b7","box","Foundation"
"Spell Snare","ecl","Lorwyn Eclipsed","71","uncommon","en",2,"NM","nonfoil",false,false,false,0.39,0.34,0.80,0.60,0,0,"b7551b61-656e-4f37-b9da-73174db983b7","box","Lorwin box"
"Stratosoarer","ecl","Lorwyn Eclipsed","72","common","en",1,"NM","nonfoil",false,false,false,0.08,0.04,0.10,0.07,0,0,"4f607889-6f3f-4511-8920-88a39f3b28ca","box","Lorwin box"
"Summit Sentinel","ecl","Lorwyn Eclipsed","73","common","en",1,"NM","nonfoil",false,false,false,0.09,0.02,0.10,0.05,0,0,"81251057-f270-4f05-9dc5-205c70e1f295","box","Lorwin box"
"Tanufel Rimespeaker","ecl","Lorwyn Eclipsed","77","uncommon","en",1,"NM","nonfoil",false,false,false,0.27,0.11,0.31,0.24,0,0,"b357022c-7cd5-4e82-a183-7144f5a84102","box","Lorwin box"
"Temporal Cleansing","ecl","Lorwyn Eclipsed","78","common","en",1,"NM","nonfoil",false,false,false,0.15,0.11,0.17,0.03,0,0,"50ee7315-ec53-43d2-841e-8ec192b850f1","box","Lorwin box"
"Unexpected Assistance","ecl","Lorwyn Eclipsed","80","common","en",1,"NM","nonfoil",false,false,false,0.29,0.14,0.25,0.11,0,0,"7b540a5f-7f1b-421a-864f-5af469556fc6","box","Lorwin box"
"Wanderwine Distracter","ecl","Lorwyn Eclipsed","82","common","en",3,"NM","nonfoil",false,false,false,0.06,0.02,0.11,0.02,0,0,"cbf593a7-d4ae-4771-926a-3c1b2c8c901a","box","Lorwin box"
"Wild Unraveling","ecl","Lorwyn Eclipsed","84","common","en",2,"NM","nonfoil",false,false,false,0.18,0.11,0.23,0.09,0,0,"01522fec-9136-4fa6-91a3-370a8bb08b42","box","Lorwin box"
"Auntie's Sentence","ecl","Lorwyn Eclipsed","85","common","en",1,"NM","nonfoil",false,false,false,0.16,0.05,0.24,0.11,0,0,"e64bfe16-7362-4982-9136-1f4e0d335441","box","Lorwin box"
"Barbed Bloodletter","ecl","Lorwyn Eclipsed","86","common","en",2,"NM","nonfoil",false,false,false,0.15,0.04,0.18,0.13,0,0,"8ff1a13c-e338-42e9-8eb3-b303fabd67de","box","Lorwin box"
"Bile-Vial Boggart","ecl","Lorwyn Eclipsed","87","common","en",2,"NM","nonfoil",false,false,false,0.19,0.05,0.27,0.10,0,0,"2c0fcf98-1f3c-4cff-9234-7f3d0c8b22e9","box","Lorwin box"
"Blight Rot","ecl","Lorwyn Eclipsed","89","common","en",3,"NM","nonfoil",false,false,false,0.19,0.06,0.33,0.12,0,0,"5201bdeb-ba47-459b-ac0d-603367914578","box","Lorwin box"
"Blighted Blackthorn","ecl","Lorwyn Eclipsed","90","common","en",2,"NM","nonfoil",false,false,false,0.17,0.02,0.20,0.07,0,0,"3515531a-45d6-4fe0-96a3-7ca1ce545068","box","Lorwin box"
"Boggart Mischief","ecl","Lorwyn Eclipsed","92","uncommon","en",1,"NM","nonfoil",false,false,false,0.28,0.18,0.32,0.29,0,0,"aaeb9c9c-0f15-49dc-ae6d-2a958680f327","box","Lorwin box"
"Boggart Prankster","ecl","Lorwyn Eclipsed","93","common","en",2,"NM","nonfoil",false,false,false,0.15,0.04,0.13,0.09,0,0,"eb228ea6-9235-4093-aea7-708e743b1b44","box","Lorwin box"
"Bogslither's Embrace","ecl","Lorwyn Eclipsed","94","common","en",2,"NM","nonfoil",false,false,false,0.27,0.15,0.21,0.11,0,0,"4beca2e7-9c6d-493b-b15f-69e483a8dfff","box","Lorwin box"
"Creakwood Safewright","ecl","Lorwyn Eclipsed","96","uncommon","en",1,"NM","nonfoil",false,false,false,0.15,0.02,0.26,0.13,0,0,"3bcc24cf-776a-4182-bf77-a611ad90b28f","box","Lorwin box"
"Darkness Descends","ecl","Lorwyn Eclipsed","97","uncommon","en",1,"NM","nonfoil",false,false,false,0.26,0.17,0.32,0.15,0,0,"c8aa3895-df83-4f8e-9e23-1a665614b662","box","Lorwin box"
"Dawnhand Eulogist","ecl","Lorwyn Eclipsed","99","common","en",4,"NM","nonfoil",false,false,false,0.19,0.05,0.24,0.15,0,0,"75a97f69-f3dc-4d33-8008-c1f1a7c15a2f","box","Lorwin box"
"Dose of Dawnglow","ecl","Lorwyn Eclipsed","100","uncommon","en",2,"NM","nonfoil",false,false,false,0.18,0.05,0.20,0.06,0,0,"47414323-ca30-45b7-a0b2-6668312bee04","box","Lorwin box"
"Dream Seizer","ecl","Lorwyn Eclipsed","101","common","en",3,"NM","nonfoil",false,false,false,0.21,0.08,0.22,0.05,0,0,"3573f425-9251-4c17-9619-15278ce5d8fb","box","Lorwin box"
"Gnarlbark Elm","ecl","Lorwyn Eclipsed","103","uncommon","en",1,"NM","nonfoil",false,false,false,0.17,0.08,0.28,0.10,0,0,"1e9d65b6-22ff-49f2-8b2a-aeaef91088d3","box","Lorwin box"
"Heirloom Auntie","ecl","Lorwyn Eclipsed","107","common","en",2,"NM","nonfoil",false,false,false,0.15,0.03,0.20,0.14,0,0,"cac251b2-d2cc-45b6-9ca8-678e0eab56ea","box","Lorwin box"
"Iron-Shield Elf","ecl","Lorwyn Eclipsed","108","uncommon","en",1,"NM","nonfoil",false,false,false,0.30,0.16,0.33,0.08,0,0,"9e0140b2-0185-4adb-b365-2611ce89a0e2","box","Lorwin box"
"Moonglove Extractor","ecl","Lorwyn Eclipsed","109","common","en",2,"NM","nonfoil",false,false,false,0.13,0.04,0.23,0.09,0,0,"8383e0ab-81b4-4a6b-b87b-dd9180dca1c2","box","Lorwin box"
"Mudbutton Cursetosser","ecl","Lorwyn Eclipsed","112","uncommon","en",3,"NM","nonfoil",false,false,false,0.24,0.09,0.29,0.18,0,0,"35bc841a-9a21-4c17-a60a-a3ee01472fcb","box","Lorwin box"
"Nameless Inversion","ecl","Lorwyn Eclipsed","113","uncommon","en",1,"NM","nonfoil",false,false,false,0.22,0.10,0.26,0.20,0,0,"7a4944ac-839e-4aa1-8200-78cff36bb2ed","box","Lorwin box"
"Nightmare Sower","ecl","Lorwyn Eclipsed","114","uncommon","en",1,"NM","nonfoil",false,false,false,0.22,0.09,0.27,0.18,0,0,"35dfa0f9-faf3-4a85-b02d-0c5830783511","box","Lorwin box"
"Perfect Intimidation","ecl","Lorwyn Eclipsed","115","uncommon","en",2,"NM","nonfoil",false,false,false,0.18,0.07,0.32,0.06,0,0,"ff05b7f4-e0d0-4304-99b3-66ac804129fe","box","Lorwin box"
"Requiting Hex","ecl","Lorwyn Eclipsed","116","uncommon","en",1,"NM","nonfoil",false,false,false,0.60,0.64,1.15,1.03,0,0,"f21b0fb7-91b6-403f-a81a-562665961276","box","Lorwin box"
"Retched Wretch","ecl","Lorwyn Eclipsed","117","uncommon","en",1,"NM","nonfoil",false,false,false,0.12,0.05,0.13,0.13,0,0,"c7a4d7f1-976a-4a28-97a9-ff089a241c9d","box","Lorwin box"
"Scarblade Scout","ecl","Lorwyn Eclipsed","118","common","en",3,"NM","nonfoil",false,false,false,0.19,0.06,0.20,0.08,0,0,"c2412fea-4591-4345-913f-edc2da9ad975","box","Lorwin box"
"Scarblade's Malice","ecl","Lorwyn Eclipsed","119","common","en",3,"NM","nonfoil",false,false,false,0.18,0.05,0.28,0.12,0,0,"aea9b5c0-3b32-44be-9773-566b9daafa6b","box","Lorwin box"
"Shimmercreep","ecl","Lorwyn Eclipsed","120","uncommon","en",1,"NM","nonfoil",false,false,false,0.19,0.11,0.18,0.07,0,0,"f7c02899-5f0f-4b38-bbbc-fbc8c46419a6","box","bulk"
"Shimmercreep","ecl","Lorwyn Eclipsed","120","uncommon","en",1,"NM","nonfoil",false,false,false,0.19,0.11,0.18,0.07,0,0,"f7c02899-5f0f-4b38-bbbc-fbc8c46419a6","box","Lorwin box"
"Unbury","ecl","Lorwyn Eclipsed","123","uncommon","en",3,"NM","nonfoil",false,false,false,0.23,0.12,0.34,0.15,0,0,"b00766db-4109-4225-a62a-fa12fd526970","box","Lorwin box"
"Ashling, Rekindled // Ashling, Rimebound","ecl","Lorwyn Eclipsed","124","rare","en",1,"NM","nonfoil",false,false,false,1.46,1.21,1.84,1.77,0,0,"7d7faefe-9c0d-45b6-8ea4-5fa666762a2c","box","Lorwin box"
"Boldwyr Aggressor","ecl","Lorwyn Eclipsed","125","uncommon","en",2,"NM","nonfoil",false,false,false,0.18,0.09,0.26,0.16,0,0,"76bbccd2-8a90-49a7-921a-6565b495efdf","box","Lorwin box"
"Boneclub Berserker","ecl","Lorwyn Eclipsed","126","common","en",3,"NM","nonfoil",false,false,false,0.22,0.04,0.28,0.14,0,0,"b3dbbe30-3d6e-46f8-92c1-caee995cba1a","box","Lorwin box"
"Boulder Dash","ecl","Lorwyn Eclipsed","127","uncommon","en",2,"NM","nonfoil",false,false,false,0.17,0.08,0.22,0.19,0,0,"657a2a24-22d1-4bc2-9f22-ed361ae487e3","box","Lorwin box"
"Brambleback Brute","ecl","Lorwyn Eclipsed","128","common","en",1,"NM","nonfoil",false,false,false,0.11,0.03,0.13,0.11,0,0,"5ebb8365-c6e1-46e8-a242-6aa27b21e68a","box","Lorwin box"
"Burning Curiosity","ecl","Lorwyn Eclipsed","129","common","en",2,"NM","nonfoil",false,false,false,0.15,0.10,0.19,0.09,0,0,"689ed288-6228-4d7e-b198-56a12b8be299","box","Lorwin box"
"Burning Curiosity","ecl","Lorwyn Eclipsed","129","common","en",1,"NM","nonfoil",false,false,false,0.15,0.10,0.19,0.09,0,0,"689ed288-6228-4d7e-b198-56a12b8be299","box","bulk"
"Cinder Strike","ecl","Lorwyn Eclipsed","131","common","en",3,"NM","nonfoil",false,false,false,0.18,0.08,0.23,0.11,0,0,"6fb6faa4-236c-4cae-9140-0981c44d2392","box","Lorwin box"
"Elder Auntie","ecl","Lorwyn Eclipsed","133","common","en",1,"NM","nonfoil",false,false,false,0.14,0.09,0.22,0.10,0,0,"84678e98-2258-4ea1-aaf0-8ac4cc2ecf8d","box","Lorwin box"
"Enraged Flamecaster","ecl","Lorwyn Eclipsed","135","common","en",1,"NM","nonfoil",false,false,false,0.13,0.09,0.20,0.24,0,0,"104baa2c-75c5-44fc-a3b9-b19efcf3d7c2","box","Lorwin box"
"Feed the Flames","ecl","Lorwyn Eclipsed","137","common","en",2,"NM","nonfoil",false,false,false,0.16,0.09,0.08,0.02,0,0,"59740755-c353-4b6c-a84c-3b76133ce3ec","box","Lorwin box"
"Flame-Chain Mauler","ecl","Lorwyn Eclipsed","138","common","en",2,"NM","nonfoil",false,false,false,0.08,0.04,0.08,0.07,0,0,"752d7e8e-0dd0-4ace-9c89-a8f9ce73775e","box","Lorwin box"
"Flamebraider","ecl","Lorwyn Eclipsed","139","uncommon","en",1,"NM","nonfoil",false,false,false,0.24,0.09,0.34,0.20,0,0,"b8aa428c-5a77-444f-b75e-a113e46fe4e0","box","bulk"
"Flamekin Gildweaver","ecl","Lorwyn Eclipsed","140","common","en",1,"NM","nonfoil",false,false,false,0.09,0.06,0.12,0.05,0,0,"b1628ece-a028-49d4-9065-ee997838c20a","box","Lorwin box"
"Giantfall","ecl","Lorwyn Eclipsed","141","uncommon","en",1,"NM","nonfoil",false,false,false,0.21,0.14,0.27,0.08,0,0,"1ac52728-adb3-4220-8392-73f7bd379ab4","box","Lorwin box"
"Goatnap","ecl","Lorwyn Eclipsed","142","uncommon","en",1,"NM","nonfoil",false,false,false,0.15,0.02,0.23,0.11,0,0,"7d8dbec5-ae71-4f82-898a-b930ec677403","box","Lorwin box"
"Goliath Daydreamer","ecl","Lorwyn Eclipsed","143","rare","en",2,"NM","nonfoil",false,false,false,0.32,0.19,0.37,0.20,0,0,"88e8cd13-2a29-4df6-937c-1bed68fbeafa","box","Lorwin box"
"Gristle Glutton","ecl","Lorwyn Eclipsed","144","common","en",3,"NM","nonfoil",false,false,false,0.19,0.07,0.21,0.23,0,0,"a4164af6-356e-4de2-8377-dbe70434a996","box","Lorwin box"
"Hexing Squelcher","ecl","Lorwyn Eclipsed","145","rare","en",1,"NM","nonfoil",false,false,false,19.22,17.89,22.26,20.97,0,0,"674960ce-ff33-4d5e-a24a-a4582b2e9809","box","Foundation"
"Kindle the Inner Flame","ecl","Lorwyn Eclipsed","147","uncommon","en",1,"NM","nonfoil",false,false,false,0.23,0.10,0.33,0.26,0,0,"9a2adcea-f6b1-4611-b8b8-f19fdee2c571","box","Lorwin box"
"Kulrath Zealot","ecl","Lorwyn Eclipsed","148","common","en",3,"NM","nonfoil",false,false,false,0.13,0.03,0.20,0.10,0,0,"3502685d-4e57-4c5c-94c6-ae69048cdfbf","box","Lorwin box"
"Lasting Tarfire","ecl","Lorwyn Eclipsed","149","uncommon","en",1,"NM","nonfoil",false,false,false,0.25,0.11,0.34,0.14,0,0,"9c4a95ac-072f-4219-80a0-1ce71f1b8411","box","bulk"
"Reckless Ransacking","ecl","Lorwyn Eclipsed","152","common","en",2,"NM","nonfoil",false,false,false,0.23,0.11,0.32,0.25,0,0,"24a5b025-4cdb-416d-aad6-0fc7e8da3df2","box","Lorwin box"
"Sear","ecl","Lorwyn Eclipsed","154","uncommon","en",2,"NM","nonfoil",false,false,false,0.33,0.30,0.35,0.33,0,0,"aeb4612c-758b-4492-ba03-eb6741b4176e","box","Lorwin box"
"Sizzling Changeling","ecl","Lorwyn Eclipsed","155","uncommon","en",1,"NM","nonfoil",false,false,false,0.18,0.09,0.33,0.16,0,0,"e58f0722-9ad1-4952-9aee-ea8137c58911","box","Lorwin box"
"Soulbright Seeker","ecl","Lorwyn Eclipsed","157","uncommon","en",1,"NM","nonfoil",false,false,false,0.21,0.19,0.23,0.08,0,0,"895ac890-608a-47de-8bc8-9337fd2064e8","box","Lorwin box"
"Sourbread Auntie","ecl","Lorwyn Eclipsed","158","uncommon","en",2,"NM","nonfoil",false,false,false,0.21,0.12,0.29,0.14,0,0,"32fd226f-d1c6-432c-b846-9482f1944363","box","Lorwin box"
"Squawkroaster","ecl","Lorwyn Eclipsed","160","uncommon","en",1,"NM","nonfoil",false,false,false,0.08,0.05,0.11,0.06,0,0,"4112f960-70af-4e2d-bcd4-9e9cf7aac4fb","box","Lorwin box"
"Tweeze","ecl","Lorwyn Eclipsed","162","common","en",1,"NM","nonfoil",false,false,false,0.06,0.08,0.13,0.04,0,0,"3ceab0e6-1bb8-487d-ab4b-2da8457b970a","box","Lorwin box"
"Warren Torchmaster","ecl","Lorwyn Eclipsed","163","uncommon","en",2,"NM","nonfoil",false,false,false,0.23,0.09,0.32,0.16,0,0,"8f067a14-6667-4acf-b33d-e1149188a84d","box","Lorwin box"
"Assert Perfection","ecl","Lorwyn Eclipsed","164","common","en",1,"NM","nonfoil",false,false,false,0.11,0.03,0.16,0.08,0,0,"6995b308-5582-4ca1-ab10-a536d5ca0a6d","box","Lorwin box"
"Bloom Tender","ecl","Lorwyn Eclipsed","166","mythic","en",1,"NM","nonfoil",false,false,false,12.62,11.94,13.37,11.94,0,0,"ba86688d-18f0-4b5c-a797-42bf125a6c9f","box","Spiderman"
"Bristlebane Battler","ecl","Lorwyn Eclipsed","168","rare","en",1,"NM","nonfoil",false,false,false,0.35,0.41,0.37,0.44,0,0,"c857fa32-1b5d-4139-8809-b4d0df44b472","box","Lorwin box"
"Bristlebane Outrider","ecl","Lorwyn Eclipsed","169","uncommon","en",2,"NM","nonfoil",false,false,false,0.13,0.05,0.16,0.14,0,0,"38b17a3c-4457-47e3-986e-ff0b94c41b1a","box","Lorwin box"
"Chomping Changeling","ecl","Lorwyn Eclipsed","172","uncommon","en",1,"NM","nonfoil",false,false,false,1.12,0.45,1.19,0.72,0,0,"e187dcc6-19ad-4cf6-94b4-daf07f5144e5","box","Lorwin box"
"Chomping Changeling","ecl","Lorwyn Eclipsed","172","uncommon","en",1,"NM","nonfoil",false,false,false,1.12,0.45,1.19,0.72,0,0,"e187dcc6-19ad-4cf6-94b4-daf07f5144e5","box","Ff chchobo bundle"
"Chomping Changeling","ecl","Lorwyn Eclipsed","172","uncommon","en",1,"NM","nonfoil",false,false,false,1.12,0.45,1.19,0.72,0,0,"e187dcc6-19ad-4cf6-94b4-daf07f5144e5","box","Foundation"
"Crossroads Watcher","ecl","Lorwyn Eclipsed","173","common","en",4,"NM","nonfoil",false,false,false,0.11,0.07,0.11,0.04,0,0,"6d62fcbb-f1a0-46ce-a4af-2a33bcc3ac8e","box","Lorwin box"
"Dawn's Light Archer","ecl","Lorwyn Eclipsed","174","common","en",4,"NM","nonfoil",false,false,false,0.10,0.06,0.22,0.10,0,0,"76e80656-6bcb-4d99-8bd2-ca5f75f40daf","box","Lorwin box"
"Gilt-Leaf's Embrace","ecl","Lorwyn Eclipsed","177","common","en",4,"NM","nonfoil",false,false,false,0.17,0.02,0.22,0.10,0,0,"739e5ab5-d562-407a-906e-c5c5173ad325","box","Lorwin box"
"Great Forest Druid","ecl","Lorwyn Eclipsed","178","common","en",2,"NM","nonfoil",false,false,false,0.26,0.10,0.33,0.14,0,0,"8793a19e-6743-4031-86d9-2ff55f384549","box","Lorwin box"
"Luminollusk","ecl","Lorwyn Eclipsed","179","uncommon","en",3,"NM","nonfoil",false,false,false,0.10,0.09,0.11,0.05,0,0,"3d591e66-4bf9-47e7-bcef-57769ec3edc6","box","Lorwin box"
"Midnight Tilling","ecl","Lorwyn Eclipsed","182","common","en",1,"NM","nonfoil",false,false,false,0.22,0.09,0.26,0.20,0,0,"c5112bbf-752c-41e7-9c61-4c81e6a77463","box","Lorwin box"
"Mistmeadow Council","ecl","Lorwyn Eclipsed","183","common","en",2,"NM","nonfoil",false,false,false,0.06,0.08,0.11,0.05,0,0,"d4a7c9bc-81c8-4c31-96a9-eb6ba7715e7f","box","Lorwin box"
"Morcant's Eyes","ecl","Lorwyn Eclipsed","185","uncommon","en",1,"NM","nonfoil",false,false,false,0.25,0.15,0.30,0.11,0,0,"a730b254-ff7c-4f89-a559-b44ad7fd6c6c","box","Lorwin box"
"Prismabasher","ecl","Lorwyn Eclipsed","188","uncommon","en",3,"NM","nonfoil",false,false,false,0.21,0.05,0.17,0.11,0,0,"65c057a7-70af-4464-bd8d-1e7e158d1ae7","box","Lorwin box"
"Safewright Cavalry","ecl","Lorwyn Eclipsed","191","common","en",4,"NM","nonfoil",false,false,false,0.12,0.04,0.12,0.04,0,0,"f7de412a-9731-4bfc-8fbc-c95988a3dd70","box","Lorwin box"
"Selfless Safewright","ecl","Lorwyn Eclipsed","193","rare","en",1,"NM","nonfoil",false,false,false,0.51,0.66,1.00,0.71,0,0,"ac95b1c3-9eb2-4f80-bb32-72b36817d622","box","Lorwin box"
"Shimmerwilds Growth","ecl","Lorwyn Eclipsed","194","uncommon","en",1,"NM","nonfoil",false,false,false,0.28,0.21,0.34,0.37,0,0,"c122719c-f0d1-4170-a0d1-d62172df1d21","box","Lorwin box"
"Shimmerwilds Growth","ecl","Lorwyn Eclipsed","194","uncommon","en",1,"NM","nonfoil",false,false,false,0.28,0.21,0.34,0.37,0,0,"c122719c-f0d1-4170-a0d1-d62172df1d21","box","Ff chchobo bundle"
"Spry and Mighty","ecl","Lorwyn Eclipsed","195","rare","en",1,"NM","nonfoil",false,false,false,0.33,0.18,0.31,0.23,0,0,"152b7374-e991-443f-b6ca-914415635c4a","box","Lorwin box"
"Surly Farrier","ecl","Lorwyn Eclipsed","196","common","en",2,"NM","nonfoil",false,false,false,0.09,0.06,0.14,0.08,0,0,"056f7f51-18a9-4d80-8928-decaf4d12c0d","box","Lorwin box"
"Tend the Sprigs","ecl","Lorwyn Eclipsed","197","common","en",2,"NM","nonfoil",false,false,false,0.19,0.06,0.25,0.04,0,0,"388f6d9d-bb9a-4a3d-93c5-701db194863c","box","Lorwin box"
"Thoughtweft Charge","ecl","Lorwyn Eclipsed","198","uncommon","en",1,"NM","nonfoil",false,false,false,0.12,0.06,0.19,0.18,0,0,"19cfc015-b6d5-4918-99a7-990209e77441","box","Lorwin box"
"Unforgiving Aim","ecl","Lorwyn Eclipsed","200","common","en",1,"NM","nonfoil",false,false,false,0.17,0.03,0.19,0.05,0,0,"0bef3905-24f8-419b-aeca-396adfc6d0dc","box","Lorwin box"
"Vinebred Brawler","ecl","Lorwyn Eclipsed","201","uncommon","en",1,"NM","nonfoil",false,false,false,0.10,0.09,0.21,0.12,0,0,"63c573fe-e74c-48ca-ad05-92f37dc466f1","box","Lorwin box"
"Virulent Emissary","ecl","Lorwyn Eclipsed","202","uncommon","en",2,"NM","nonfoil",false,false,false,0.91,0.52,0.93,1.17,0,0,"0702efed-915e-466a-96bb-ac09af06b21e","box","Lorwin box"
"Wildvine Pummeler","ecl","Lorwyn Eclipsed","203","common","en",4,"NM","nonfoil",false,false,false,0.10,0.04,0.13,0.05,0,0,"11bad5c7-fe9a-4d89-a531-8d4f03d5a0e4","box","Lorwin box"
"Boggart Cursecrafter","ecl","Lorwyn Eclipsed","206","uncommon","en",2,"NM","nonfoil",false,false,false,0.30,0.16,0.34,0.15,0,0,"b0b67eb9-0d88-4f2c-8063-e8bedfa78556","box","Lorwin box"
"Chitinous Graspling","ecl","Lorwyn Eclipsed","211","common","en",2,"NM","nonfoil",false,false,false,0.09,0.02,0.19,0.08,0,0,"a9767360-d536-4902-9d2d-1f3474ce89d6","box","Lorwin box"
"Deepchannel Duelist","ecl","Lorwyn Eclipsed","213","uncommon","en",1,"NM","nonfoil",false,false,false,0.27,0.12,0.28,0.17,0,0,"1b742172-7118-45e7-9945-62bd77d94e85","box","Lorwin box"
"Eclipsed Flamekin","ecl","Lorwyn Eclipsed","219","uncommon","en",1,"NM","nonfoil",false,false,false,0.20,0.10,0.24,0.15,0,0,"d907ae44-cd07-4409-946c-e97f584d9a81","box","Lorwin box"
"Eclipsed Flamekin","ecl","Lorwyn Eclipsed","219","uncommon","en",1,"NM","nonfoil",false,false,false,0.20,0.10,0.24,0.15,0,0,"d907ae44-cd07-4409-946c-e97f584d9a81","box","bulk"
"Eclipsed Kithkin","ecl","Lorwyn Eclipsed","220","uncommon","en",1,"NM","nonfoil",false,false,false,0.15,0.08,0.18,0.10,0,0,"29e1cfa4-0ad8-4228-9f7e-cbab114d1d5f","box","Lorwin box"
"Feisty Spikeling","ecl","Lorwyn Eclipsed","223","common","en",1,"NM","nonfoil",false,false,false,0.18,0.07,0.24,0.10,0,0,"f69f3a27-ecda-4d27-82fe-612ed57dbb28","box","Lorwin box"
"Flaring Cinder","ecl","Lorwyn Eclipsed","225","common","en",3,"NM","nonfoil",false,false,false,0.16,0.03,0.13,0.12,0,0,"0691a1a9-18e7-44b7-9a34-764b1ab45a76","box","Lorwin box"
"Gangly Stompling","ecl","Lorwyn Eclipsed","226","common","en",1,"NM","nonfoil",false,false,false,0.18,0.05,0.23,0.23,0,0,"502000a7-a3c1-4259-aea5-ff01724396a1","box","Lorwin box"
"Glister Bairn","ecl","Lorwyn Eclipsed","227","uncommon","en",1,"NM","nonfoil",false,false,false,0.09,0.08,0.12,0.09,0,0,"dcccdd98-a1ba-41f4-a9ae-84d263da0af9","box","Lorwin box"
"High Perfect Morcant","ecl","Lorwyn Eclipsed","229","rare","en",1,"NM","nonfoil",false,false,false,1.12,1.24,1.52,1.63,0,0,"dfe7b8bf-c150-4be0-aef4-e8bb6f09787a","box","Lorwin box"
"Hovel Hurler","ecl","Lorwyn Eclipsed","230","uncommon","en",2,"NM","nonfoil",false,false,false,0.07,0.02,0.14,0.08,0,0,"adc6a4c5-4e92-43ee-8d0c-204042965eb7","box","Lorwin box"
"Merrow Skyswimmer","ecl","Lorwyn Eclipsed","234","common","en",2,"NM","nonfoil",false,false,false,0.18,0.07,0.14,0.08,0,0,"075b419a-fd44-4a9a-8c40-474562b7e11a","box","Lorwin box"
"Mischievous Sneakling","ecl","Lorwyn Eclipsed","235","common","en",2,"NM","nonfoil",false,false,false,0.22,0.02,0.20,0.10,0,0,"3b66fa00-2fa6-4060-9e7f-8e3fde6deb73","box","Lorwin box"
"Noggle Robber","ecl","Lorwyn Eclipsed","237","uncommon","en",2,"NM","nonfoil",false,false,false,0.12,0.07,0.18,0.05,0,0,"0082ca96-10f3-4823-be16-117556b2afc3","box","Lorwin box"
"Prideful Feastling","ecl","Lorwyn Eclipsed","238","common","en",3,"NM","nonfoil",false,false,false,0.10,0.06,0.28,0.06,0,0,"7578cb61-f606-4559-a10a-343a583228ab","box","Lorwin box"
"Stoic Grove-Guide","ecl","Lorwyn Eclipsed","243","common","en",2,"NM","nonfoil",false,false,false,0.10,0.04,0.20,0.04,0,0,"3d5a3e25-c17a-47b1-a36d-d24d50e5bab3","box","Lorwin box"
"Sygg's Command","ecl","Lorwyn Eclipsed","244","rare","en",1,"NM","nonfoil",false,false,false,0.24,0.07,0.35,0.19,0,0,"8bc13fc2-e254-4db5-ad4d-f92711a1a6ca","box","Lorwin box"
"Thoughtweft Lieutenant","ecl","Lorwyn Eclipsed","246","uncommon","en",1,"NM","nonfoil",false,false,false,0.14,0.05,0.20,0.11,0,0,"2c54ec67-9317-455e-a045-fa4ed9cb676f","box","Lorwin box"
"Wary Farmer","ecl","Lorwyn Eclipsed","251","common","en",3,"NM","nonfoil",false,false,false,0.11,0.03,0.13,0.15,0,0,"22d20c0d-176d-49c9-aa0b-2c5778548cc5","box","Lorwin box"
"Dawn-Blessed Pennant","ecl","Lorwyn Eclipsed","254","uncommon","en",2,"NM","nonfoil",false,false,false,0.33,0.19,0.39,0.61,0,0,"294266b6-0343-4fa5-90b8-0adf7df490e4","box","Lorwin box"
"Firdoch Core","ecl","Lorwyn Eclipsed","255","common","en",3,"NM","nonfoil",false,false,false,0.32,0.15,0.57,0.46,0,0,"8e45cd37-bf97-4742-978d-96f96ed653cd","box","Lorwin box"
"Firdoch Core","ecl","Lorwyn Eclipsed","255","common","en",1,"NM","nonfoil",false,false,false,0.32,0.15,0.57,0.46,0,0,"8e45cd37-bf97-4742-978d-96f96ed653cd","box","Spiderman"
"Firdoch Core","ecl","Lorwyn Eclipsed","255","common","en",1,"NM","nonfoil",false,false,false,0.32,0.15,0.57,0.46,0,0,"8e45cd37-bf97-4742-978d-96f96ed653cd","maybeboard","La cosa verde - Maybeboard"
"Foraging Wickermaw","ecl","Lorwyn Eclipsed","256","common","en",2,"NM","nonfoil",false,false,false,0.20,0.05,0.21,0.11,0,0,"f524bc08-caeb-4362-b960-eb8e0e4159d0","box","Lorwin box"
"Puca's Eye","ecl","Lorwyn Eclipsed","259","uncommon","en",1,"NM","nonfoil",false,false,false,0.12,0.09,0.22,0.14,0,0,"c3a5ca02-3829-4c42-b0dc-98b660f8a8f0","box","Lorwin box"
"Springleaf Drum","ecl","Lorwyn Eclipsed","260","uncommon","en",1,"NM","nonfoil",false,false,false,0.35,0.31,0.51,0.48,0,0,"e15ab0aa-4059-4923-9816-6f7a9e5b5a18","box","Lorwin box"
"Stalactite Dagger","ecl","Lorwyn Eclipsed","261","common","en",4,"NM","nonfoil",false,false,false,0.22,0.09,0.27,0.27,0,0,"6954df09-95f3-46cf-9ba8-2a1aea653d8f","box","Lorwin box"
"Evolving Wilds","ecl","Lorwyn Eclipsed","264","common","en",1,"NM","nonfoil",false,false,false,0.17,0.06,0.32,0.10,0,0,"8c632984-5176-4c37-91df-6577cc294b85","box","bulk"
"Evolving Wilds","ecl","Lorwyn Eclipsed","264","common","en",1,"NM","nonfoil",false,false,false,0.17,0.06,0.32,0.10,0,0,"8c632984-5176-4c37-91df-6577cc294b85","box","Lorwin box"
"Plains","ecl","Lorwyn Eclipsed","269","common","en",4,"NM","nonfoil",false,false,false,0.13,0.16,0.23,0.12,0,0,"3a438199-54f8-4702-81cf-a9d42e7cd9f1","box","Lorwin box"
"Island","ecl","Lorwyn Eclipsed","270","common","en",4,"NM","nonfoil",false,false,false,0.15,0.10,0.31,0.11,0,0,"b0da67fb-1cb2-4105-ab5c-b7c680b8116c","box","Lorwin box"
"Swamp","ecl","Lorwyn Eclipsed","271","common","en",7,"NM","nonfoil",false,false,false,0.13,0.15,0.30,0.10,0,0,"1dd4d605-02a2-4183-b191-0bca8dfbf962","box","Lorwin box"
"Mountain","ecl","Lorwyn Eclipsed","272","common","en",3,"NM","nonfoil",false,false,false,0.18,0.11,0.23,0.12,0,0,"295b92bc-d66f-45d8-9bbe-5f5f13e39fd4","box","Lorwin box"
"Forest","ecl","Lorwyn Eclipsed","273","common","en",5,"NM","nonfoil",false,false,false,0.17,0.12,0.23,0.07,0,0,"b460f5f7-c7c9-400c-8419-23d614f45bf9","box","Lorwin box"
"Swamp","ecl","Lorwyn Eclipsed","276","common","en",4,"NM","nonfoil",false,false,false,0.29,0.17,0.40,0.25,0,0,"0cf904da-496c-4d88-a62b-c736ba895078","box","Lorwin box"
"Forest","ecl","Lorwyn Eclipsed","278","common","en",4,"NM","nonfoil",false,false,false,0.32,0.26,0.44,0.30,0,0,"b43297de-7378-474f-a85f-910fa7cbb4f4","box","Lorwin box"
"Plains","ecl","Lorwyn Eclipsed","279","common","en",2,"NM","nonfoil",false,false,false,0.27,0.18,0.37,0.24,0,0,"d8fdfa7d-fd11-4c11-8743-a21538474314","box","bulk"
"Island","ecl","Lorwyn Eclipsed","280","common","en",2,"NM","nonfoil",false,false,false,0.33,0.22,0.50,0.36,0,0,"d6a5ba11-3156-4a0c-958d-5756e18b767b","box","bulk"
"Swamp","ecl","Lorwyn Eclipsed","281","common","en",10,"NM","nonfoil",false,false,false,0.35,0.26,0.56,0.42,0,0,"35fe42f9-dd55-4ca4-af0a-59ecdff0dba8","box","bulk"
"Mountain","ecl","Lorwyn Eclipsed","282","common","en",6,"NM","nonfoil",false,false,false,0.33,0.45,0.36,0.34,0,0,"96e14936-5614-46ba-874c-c1357243fe02","box","bulk"
"Forest","ecl","Lorwyn Eclipsed","283","common","en",14,"NM","nonfoil",false,false,false,0.32,0.19,0.39,0.50,0,0,"bdbce923-c05e-4554-8c4c-5c4e6d791856","box","bulk"
"Forest","ecl","Lorwyn Eclipsed","283","common","en",2,"NM","nonfoil",false,false,false,0.32,0.19,0.39,0.50,0,0,"bdbce923-c05e-4554-8c4c-5c4e6d791856","box","Lorwin box"
"Glen Elendra's Answer","ecl","Lorwyn Eclipsed","306","mythic","en",1,"NM","nonfoil",false,false,false,2.17,2.73,5.68,4.83,0,0,"8375ad0c-5d8d-47f6-bd04-ffd59fa9c0be","box","Ff chchobo bundle"
"Sapling Nursery","ecl","Lorwyn Eclipsed","328","rare","en",1,"NM","nonfoil",false,false,false,2.04,1.48,3.82,2.26,0,0,"ff984cb9-cd72-47a4-adce-2521c025679b","deck","La cosa verde - Main"
"Sapling Nursery","ecl","Lorwyn Eclipsed","328","rare","en",1,"NM","nonfoil",false,false,false,2.04,1.48,3.82,2.26,0,0,"ff984cb9-cd72-47a4-adce-2521c025679b","box","Lorwin box"
"Chronicle of Victory","ecl","Lorwyn Eclipsed","346","mythic","en",1,"NM","nonfoil",false,false,false,22.23,18.30,38.77,21.58,0,0,"44407660-79ed-442d-a215-d388c27c5130","deck","La cosa verde - Main"
"Hallowed Fountain // Hallowed Fountain","ecl","Lorwyn Eclipsed","347","rare","en",2,"NM","nonfoil",false,false,false,13.25,11.77,25.67,20.68,0,0,"19cba6be-7291-4788-9241-87dad3b68363","box","ProXy"
"Steam Vents // Steam Vents","ecl","Lorwyn Eclipsed","348","rare","en",2,"NM","nonfoil",false,false,false,16.78,14.86,32.92,22.97,0,0,"eb96c335-9ed3-4f7d-b07a-185ff4044976","box","ProXy"
"Blood Crypt // Blood Crypt","ecl","Lorwyn Eclipsed","349","rare","en",3,"NM","nonfoil",false,false,false,13.98,13.23,23.74,19.78,0,0,"28d37803-d3f9-4806-9a0b-79362a517a7a","box","ProXy"
"Blood Crypt // Blood Crypt","ecl","Lorwyn Eclipsed","349","rare","en",1,"NM","nonfoil",false,false,false,13.98,13.23,23.74,19.78,0,0,"28d37803-d3f9-4806-9a0b-79362a517a7a","deck","Sad Men Parade - Main"
"Overgrown Tomb // Overgrown Tomb","ecl","Lorwyn Eclipsed","350","rare","en",3,"NM","nonfoil",false,false,false,13.48,12.54,23.77,18.11,0,0,"307fdde3-43f6-4d80-884a-4a85314ab8e4","box","ProXy"
"Temple Garden // Temple Garden","ecl","Lorwyn Eclipsed","351","rare","en",3,"NM","nonfoil",false,false,false,10.93,9.78,20.37,16.86,0,0,"ec75b840-420d-4512-a74a-d70f19be0085","box","ProXy"
"Rimefire Torque","ecl","Lorwyn Eclipsed","358","rare","en",1,"NM","nonfoil",false,false,false,0.43,0.29,1.02,0.76,0,0,"23d41fc1-5b74-4ab5-9b14-43aaf3a7d125","box","Lorwin box"
"Mornsong Aria","ecl","Lorwyn Eclipsed","361","rare","en",1,"NM","nonfoil",false,false,false,0.72,0.53,1.25,0.85,0,0,"05a553f3-3ff4-4601-bbf6-2f8b5ca6aaca","box","Lorwin box"
"Mornsong Aria","ecl","Lorwyn Eclipsed","361","rare","en",1,"NM","nonfoil",false,false,false,0.72,0.53,1.25,0.85,0,0,"05a553f3-3ff4-4601-bbf6-2f8b5ca6aaca","box","Foundation"
"End-Blaze Epiphany","ecl","Lorwyn Eclipsed","364","rare","en",1,"NM","nonfoil",false,false,false,0.28,0.17,0.32,0.62,0,0,"d8adeb65-f6f4-4d21-bca7-71fe8ef71f3b","box","Lorwin box"
"Dream Harvest","ecl","Lorwyn Eclipsed","371","rare","en",1,"NM","nonfoil",false,false,false,0.65,0.51,1.64,1.20,0,0,"be97b021-0844-4bac-8d17-c96b4920744e","box","Lorwin box"
"Sanar, Innovative First-Year","ecl","Lorwyn Eclipsed","378","rare","en",1,"NM","nonfoil",false,false,false,0.56,0.26,0.71,0.41,0,0,"31075628-a238-4ed5-b126-16ef5c23d364","box","Lorwin box"
"Shadow Urchin","ecl","Lorwyn Eclipsed","379","rare","en",1,"NM","nonfoil",false,false,false,0.33,0.29,0.42,0.50,0,0,"ec1b5c33-2025-4d01-9b51-433a40a105ed","box","Lorwin box"
"Glen Elendra Guardian","ecl","Lorwyn Eclipsed","383","mythic","en",1,"NM","foil",false,false,false,0,0.02,6.68,7.19,0,0,"a7c5b57c-f6da-4de0-9645-42e30c25ca32","box","Lorwin box"
"Personify","ecl","Lorwyn Eclipsed","402","uncommon","en",2,"NM","nonfoil",false,false,false,0.24,0.24,0.88,0.45,0,0,"08ed333b-358a-4e44-954e-562ecf5666b3","box","Foundation"
"Return of the Wildspeaker","eld","Throne of Eldraine","373","rare","en",1,"NM","nonfoil",false,false,false,5.36,5.01,23.73,12.44,0,0,"8183abc4-c4b3-409a-908f-cc549a545e69","deck","La cosa verde - Main"
"Animate Dead","ema","Eternal Masters","78","uncommon","en",1,"NM","nonfoil",false,false,false,9.85,5.18,17.28,12.69,0,0,"7b83536a-efa4-41f3-9424-75b0efc0aea5","deck","Sad Men Parade - Main"
"Argothian Enchantress","ema","Eternal Masters","158","mythic","en",1,"NM","nonfoil",false,false,false,66.46,41.33,99.98,47.54,0,0,"b99ff81f-08d9-4b4a-a879-de5e5e402802","box","ProXy"
"Ashnod's Altar","ema","Eternal Masters","218","uncommon","en",1,"NM","nonfoil",false,false,false,17.77,12.63,19.81,14.29,0,0,"87da5ad8-b35f-4f9c-b17a-bb2563cbc186","box","ProXy"
"Ashnod's Altar","ema","Eternal Masters","218","uncommon","en",1,"NM","nonfoil",false,false,false,17.77,12.63,19.81,14.29,0,0,"87da5ad8-b35f-4f9c-b17a-bb2563cbc186","deck","Sad Men Parade - Main"
"Horizon Explorer","eoc","Edge of Eternities Commander","15","rare","en",1,"NM","nonfoil",false,false,false,2.24,3.02,0,0,0,0,"a5873a4d-ab6e-4dd2-9380-5eaa367a8396","box","Spiderman"
"Beast Within","eoc","Edge of Eternities Commander","93","uncommon","en",1,"NM","nonfoil",false,false,false,0.54,0.75,0,0,0,0,"ccac70d4-6e04-4802-8bb8-021368a40e14","box","Spiderman"
"Starfield Shepherd","eoe","Edge of Eternities","37","uncommon","en",4,"NM","nonfoil",false,false,false,0.42,0.30,0.47,0.80,0,0,"1226e575-aa78-4c68-be1d-6e5c2dc6315b","box","Foundation"
"Sothera, the Supervoid","eoe","Edge of Eternities","115","mythic","en",2,"NM","nonfoil",false,false,false,2.24,3.08,3.98,3.95,0,0,"e99d6fc0-dcf2-4b25-81c2-02c230a36246","box","ProXy"
"Forest","eoe","Edge of Eternities","266","common","en",5,"NM","nonfoil",false,false,false,0.97,1.14,1.13,1.35,0,0,"8335b9f1-e726-423b-8ba7-6151448ab3fd","deck","La cosa verde - Main"
"Forest","eoe","Edge of Eternities","266","common","en",1,"NM","nonfoil",false,false,false,0.97,1.14,1.13,1.35,0,0,"8335b9f1-e726-423b-8ba7-6151448ab3fd","box","bulk"
"Forest","eoe","Edge of Eternities","371","common","en",4,"NM","foil",false,false,false,0,1.60,5.63,2.84,0,0,"0d6250d3-728b-4412-8efc-911bb6f5e910","deck","La cosa verde - Main"
"Sothera, the Supervoid","eoe","Edge of Eternities","382","mythic","en",1,"NM","foil",false,false,false,0,939.00,1133.22,851.11,0,0,"07b10f1b-b03b-4f19-bc7e-69d5eaa5ff07","box","ProXy"
"Ancient Tomb","eos","Edge of Eternities: Stellar Sights","1","mythic","en",1,"NM","nonfoil",false,false,false,115.71,95.84,192.56,134.78,0,0,"3afebe8a-9f21-4260-8e93-1ab1dff13c09","deck","Sad Men Parade - Main"
"Scavenger Grounds","eos","Edge of Eternities: Stellar Sights","37","rare","en",1,"NM","nonfoil",false,false,false,0.85,0.94,2.49,2.49,0,0,"c287ec37-c54e-4df8-a7be-50d6c4ffc744","box","Ff chchobo bundle"
"Contested War Zone","eos","Edge of Eternities: Stellar Sights","98","rare","en",1,"NM","foil",false,false,false,0,3.00,4.36,4.38,0,0,"e1d41bbc-a1e6-4706-99cd-99113db258a2","deck","La cosa verde - Main"
"Inventors' Fair","eos","Edge of Eternities: Stellar Sights","111","mythic","en",1,"NM","foil",false,false,false,0,32.99,41.92,27.94,0,0,"b89155de-2fd1-4799-8571-c2d51be94c79","box","ProXy"
"Giant Growth","evg","Duel Decks Anthology: Elves vs. Goblins","21","common","en",1,"NM","nonfoil",false,false,false,0.28,0.15,0,0,0,0,"9832bb9d-8323-4fb3-83e1-f2c2273660f3","box","Ff chchobo bundle"
"Coat of Arms","exo","Exodus","131","rare","en",1,"NM","nonfoil",false,false,false,25.06,13.83,0,4.85,0,0,"9e32c939-1d64-4082-bafe-59dfa9c054f6","box","ProXy"
"Bloodstained Mire","exp","Zendikar Expeditions","18","mythic","en",1,"NM","foil",false,false,false,0,69.99,166.74,124.82,0,0,"212f9fbc-ebb9-474a-b3c4-cbde8e69af77","box","ProXy"
"Lightning Greaves","f09","Friday Night Magic 2009","8","rare","en",1,"NM","foil",false,false,false,0,6.18,19.06,10.72,0,0,"342408be-4280-4c91-b431-ffa02d317aff","box","ProXy"
"Savage Lands","f11","Friday Night Magic 2011","12","rare","en",1,"NM","foil",false,false,false,0,0.30,3.08,1.33,0,0,"e5a9bbcf-b0d4-4040-bf46-fb9d6f3fd425","box","Lorwin box"
"Evolving Wilds","f12","Friday Night Magic 2012","10","rare","en",1,"NM","foil",false,false,false,0,0.45,3.21,2.10,0,0,"fe2ddb54-c111-4612-aba5-b5e87b888251","box","Avatar bundle"
"Evolving Wilds","f12","Friday Night Magic 2012","10","rare","en",1,"NM","foil",false,false,false,0,0.45,3.21,2.10,0,0,"fe2ddb54-c111-4612-aba5-b5e87b888251","box","Ff chchobo bundle"
"Arcane Signet","fdc","Foundations Commander","1","uncommon","en",1,"NM","foil",false,false,false,0,1.11,0.47,0.66,0,0,"7b4b3e1c-1dc4-46d9-9234-f9d1d2ebb8f8","box","Foundation"
"Armasaur Guide","fdn","Foundations","3","common","en",1,"NM","nonfoil",false,false,false,0.18,0.03,0.14,0.14,0,0,"c80fc380-0499-4499-8a60-c43844c02c9b","box","Ff chchobo bundle"
"Armasaur Guide","fdn","Foundations","3","common","en",1,"NM","nonfoil",false,false,false,0.18,0.03,0.14,0.14,0,0,"c80fc380-0499-4499-8a60-c43844c02c9b","box","Foundation"
"Armasaur Guide","fdn","Foundations","3","common","en",2,"NM","nonfoil",false,false,false,0.18,0.03,0.14,0.14,0,0,"c80fc380-0499-4499-8a60-c43844c02c9b","box","Avatar bundle"
"Cat Collector","fdn","Foundations","4","uncommon","en",2,"NM","nonfoil",false,false,false,0.23,0.13,0.38,0.37,0,0,"526fe356-bff1-4211-9e88-bf913ac76b1d","box","Foundation"
"Cat Collector","fdn","Foundations","4","uncommon","en",1,"NM","nonfoil",false,false,false,0.23,0.13,0.38,0.37,0,0,"526fe356-bff1-4211-9e88-bf913ac76b1d","box","Avatar bundle"
"Cat Collector","fdn","Foundations","4","uncommon","en",1,"NM","nonfoil",false,false,false,0.23,0.13,0.38,0.37,0,0,"526fe356-bff1-4211-9e88-bf913ac76b1d","box","Ff chchobo bundle"
"Celestial Armor","fdn","Foundations","5","rare","en",1,"NM","nonfoil",false,false,false,0.40,0.36,0.45,0.67,0,0,"809ee8ad-1573-49e5-9e84-b7cdd29efcae","box","Avatar bundle"
"Claws Out","fdn","Foundations","6","uncommon","en",1,"NM","nonfoil",false,false,false,0.35,0.17,0.33,0.26,0,0,"4396049c-b976-4b7f-8ecd-564e24ebd631","box","Ff chchobo bundle"
"Crystal Barricade","fdn","Foundations","7","rare","en",1,"NM","nonfoil",false,false,false,1.78,1.75,2.07,2.25,0,0,"905d3e02-ea06-45e7-9adb-c8e7583323a2","box","Avatar bundle"
"Dauntless Veteran","fdn","Foundations","8","uncommon","en",1,"NM","nonfoil",false,false,false,0.11,0.08,0.15,0.06,0,0,"7a136f26-ac66-407f-b389-357222d2c4a2","box","Ff chchobo bundle"
"Divine Resilience","fdn","Foundations","10","uncommon","en",1,"NM","nonfoil",false,false,false,0.22,0.18,0.36,0.31,0,0,"f3a08245-a535-4d24-b8c0-78759bb9c4b0","box","Avatar bundle"
"Divine Resilience","fdn","Foundations","10","uncommon","en",1,"NM","nonfoil",false,false,false,0.22,0.18,0.36,0.31,0,0,"f3a08245-a535-4d24-b8c0-78759bb9c4b0","box","Foundation"
"Felidar Savior","fdn","Foundations","12","common","en",1,"NM","nonfoil",false,false,false,0.18,0.10,0.33,0.02,0,0,"cd092b14-d72f-4de0-8f19-1338661b9e3b","box","Ff chchobo bundle"
"Felidar Savior","fdn","Foundations","12","common","en",3,"NM","nonfoil",false,false,false,0.18,0.10,0.33,0.02,0,0,"cd092b14-d72f-4de0-8f19-1338661b9e3b","box","Avatar bundle"
"Fleeting Flight","fdn","Foundations","13","common","en",2,"NM","nonfoil",false,false,false,0.15,0.04,0.29,0.13,0,0,"55139100-9342-41fd-b10a-8e9932e605d4","box","Avatar bundle"
"Fleeting Flight","fdn","Foundations","13","common","en",2,"NM","nonfoil",false,false,false,0.15,0.04,0.29,0.13,0,0,"55139100-9342-41fd-b10a-8e9932e605d4","box","Ff chchobo bundle"
"Guarded Heir","fdn","Foundations","14","uncommon","en",1,"NM","nonfoil",false,false,false,0.11,0.05,0.11,0.12,0,0,"525ba5c7-3ce5-4e52-b8b5-96c9040a6738","box","Avatar bundle"
"Hare Apparent","fdn","Foundations","15","common","en",1,"NM","nonfoil",false,false,false,2.45,1.86,4.05,1.59,0,0,"9fc6f0e9-eb5f-4bc0-b3d7-756644b66d12","box","Ff chchobo bundle"
"Hare Apparent","fdn","Foundations","15","common","en",2,"NM","nonfoil",false,false,false,2.45,1.86,4.05,1.59,0,0,"9fc6f0e9-eb5f-4bc0-b3d7-756644b66d12","box","Avatar bundle"
"Helpful Hunter","fdn","Foundations","16","common","en",2,"NM","nonfoil",false,false,false,0.27,0.14,0.40,0.30,0,0,"1b9a0e91-80b5-428f-8f08-931d0631be14","box","Avatar bundle"
"Helpful Hunter","fdn","Foundations","16","common","en",1,"NM","nonfoil",false,false,false,0.27,0.14,0.40,0.30,0,0,"1b9a0e91-80b5-428f-8f08-931d0631be14","box","Ff chchobo bundle"
"Inspiring Paladin","fdn","Foundations","18","common","en",3,"NM","nonfoil",false,false,false,0.17,0.06,0.25,0.10,0,0,"0763be06-25b2-4d6b-ab33-a1af85aeb443","box","Avatar bundle"
"Inspiring Paladin","fdn","Foundations","18","common","en",1,"NM","nonfoil",false,false,false,0.17,0.06,0.25,0.10,0,0,"0763be06-25b2-4d6b-ab33-a1af85aeb443","box","Ff chchobo bundle"
"Joust Through","fdn","Foundations","19","uncommon","en",1,"NM","nonfoil",false,false,false,0.15,0.09,0.18,0.14,0,0,"846adb38-f9bb-4fed-b8ed-36ec7885f989","box","Ff chchobo bundle"
"Luminous Rebuke","fdn","Foundations","20","common","en",1,"NM","nonfoil",false,false,false,0.17,0.08,0.14,0.02,0,0,"621839e1-2756-4cdc-a25c-5f76ea98dd87","box","Avatar bundle"
"Luminous Rebuke","fdn","Foundations","20","common","en",2,"NM","nonfoil",false,false,false,0.17,0.08,0.14,0.02,0,0,"621839e1-2756-4cdc-a25c-5f76ea98dd87","box","Ff chchobo bundle"
"Luminous Rebuke","fdn","Foundations","20","common","en",1,"NM","nonfoil",false,false,false,0.17,0.08,0.14,0.02,0,0,"621839e1-2756-4cdc-a25c-5f76ea98dd87","box","Foundation"
"Prideful Parent","fdn","Foundations","21","common","en",2,"NM","nonfoil",false,false,false,0.22,0.11,0.48,0.15,0,0,"b742117a-8a72-43b9-b05d-274829d138a2","box","Ff chchobo bundle"
"Prideful Parent","fdn","Foundations","21","common","en",1,"NM","nonfoil",false,false,false,0.22,0.11,0.48,0.15,0,0,"b742117a-8a72-43b9-b05d-274829d138a2","box","Avatar bundle"
"Raise the Past","fdn","Foundations","22","rare","en",1,"NM","nonfoil",false,false,false,0.47,1.05,1.46,1.21,0,0,"6c6be129-56da-4fe7-a6bd-6a1d402c09e1","box","Avatar bundle"
"Squad Rallier","fdn","Foundations","24","common","en",2,"NM","nonfoil",false,false,false,0.07,0.02,0.11,0.02,0,0,"65e1ee86-6f08-4aa0-bf63-ae12028ef080","box","Avatar bundle"
"Squad Rallier","fdn","Foundations","24","common","en",1,"NM","nonfoil",false,false,false,0.07,0.02,0.11,0.02,0,0,"65e1ee86-6f08-4aa0-bf63-ae12028ef080","box","Ff chchobo bundle"
"Sun-Blessed Healer","fdn","Foundations","25","uncommon","en",1,"NM","nonfoil",false,false,false,0.31,0.15,0.31,0.18,0,0,"323d029e-9a88-4188-b3a4-38ef32cffc9f","box","Ff chchobo bundle"
"Sun-Blessed Healer","fdn","Foundations","25","uncommon","en",1,"NM","nonfoil",false,false,false,0.31,0.15,0.31,0.18,0,0,"323d029e-9a88-4188-b3a4-38ef32cffc9f","box","Avatar bundle"
"Twinblade Blessing","fdn","Foundations","26","uncommon","en",1,"NM","nonfoil",false,false,false,0.25,0.16,0.35,0.28,0,0,"ecf01cbe-9fcb-4f35-bc6b-2280620b06ff","box","Foundation"
"Twinblade Blessing","fdn","Foundations","26","uncommon","en",1,"NM","nonfoil",false,false,false,0.25,0.16,0.35,0.28,0,0,"ecf01cbe-9fcb-4f35-bc6b-2280620b06ff","box","Avatar bundle"
"Vanguard Seraph","fdn","Foundations","28","common","en",1,"NM","nonfoil",false,false,false,0.17,0.13,0.30,0.13,0,0,"4329c861-fc16-4a96-9c03-25af6ac2adc8","box","Ff chchobo bundle"
"Vanguard Seraph","fdn","Foundations","28","common","en",1,"NM","nonfoil",false,false,false,0.17,0.13,0.30,0.13,0,0,"4329c861-fc16-4a96-9c03-25af6ac2adc8","box","Avatar bundle"
"Vanguard Seraph","fdn","Foundations","28","common","en",1,"NM","nonfoil",false,false,false,0.17,0.13,0.30,0.13,0,0,"4329c861-fc16-4a96-9c03-25af6ac2adc8","box","Foundation"
"Arcane Epiphany","fdn","Foundations","29","uncommon","en",1,"NM","nonfoil",false,false,false,0.19,0.18,0.27,0.21,0,0,"06431793-5dfe-4cbf-990b-4bcc960d1f31","box","Ff chchobo bundle"
"Arcane Epiphany","fdn","Foundations","29","uncommon","en",1,"NM","nonfoil",false,false,false,0.19,0.18,0.27,0.21,0,0,"06431793-5dfe-4cbf-990b-4bcc960d1f31","box","Avatar bundle"
"Archmage of Runes","fdn","Foundations","30","rare","en",1,"NM","nonfoil",false,false,false,3.38,3.79,4.07,4.08,0,0,"334b5018-2da9-49f1-9d09-83d312ecfb02","box","Ff chchobo bundle"
"Bigfin Bouncer","fdn","Foundations","31","common","en",1,"NM","nonfoil",false,false,false,0.21,0.06,0.24,0.16,0,0,"9b1d5b76-b07e-45c6-800d-4cfce085164f","box","Foundation"
"Bigfin Bouncer","fdn","Foundations","31","common","en",1,"NM","nonfoil",false,false,false,0.21,0.06,0.24,0.16,0,0,"9b1d5b76-b07e-45c6-800d-4cfce085164f","box","Ff chchobo bundle"
"Bigfin Bouncer","fdn","Foundations","31","common","en",2,"NM","nonfoil",false,false,false,0.21,0.06,0.24,0.16,0,0,"9b1d5b76-b07e-45c6-800d-4cfce085164f","box","Avatar bundle"
"Cephalid Inkmage","fdn","Foundations","32","uncommon","en",2,"NM","nonfoil",false,false,false,0.17,0.11,0.22,0.12,0,0,"b7e47680-18c7-4ffb-aac4-c5db6e7095ba","box","Avatar bundle"
"Cephalid Inkmage","fdn","Foundations","32","uncommon","en",1,"NM","foil",false,false,false,0.17,0.11,0.22,0.12,0,0,"b7e47680-18c7-4ffb-aac4-c5db6e7095ba","box","Avatar bundle"
"Clinquant Skymage","fdn","Foundations","33","uncommon","en",1,"NM","nonfoil",false,false,false,0.22,0.15,0.35,0.24,0,0,"36012810-0e83-4640-8ba7-7262229f1b84","box","Foundation"
"Clinquant Skymage","fdn","Foundations","33","uncommon","en",2,"NM","nonfoil",false,false,false,0.22,0.15,0.35,0.24,0,0,"36012810-0e83-4640-8ba7-7262229f1b84","box","Avatar bundle"
"Elementalist Adept","fdn","Foundations","36","common","en",1,"NM","nonfoil",false,false,false,0.11,0.06,0.14,0.09,0,0,"d9768cc6-8f53-4922-ae32-376a2f32d719","box","Foundation"
"Elementalist Adept","fdn","Foundations","36","common","en",1,"NM","nonfoil",false,false,false,0.11,0.06,0.14,0.09,0,0,"d9768cc6-8f53-4922-ae32-376a2f32d719","box","Ff chchobo bundle"
"Elementalist Adept","fdn","Foundations","36","common","en",2,"NM","nonfoil",false,false,false,0.11,0.06,0.14,0.09,0,0,"d9768cc6-8f53-4922-ae32-376a2f32d719","box","Avatar bundle"
"Erudite Wizard","fdn","Foundations","37","common","en",3,"NM","nonfoil",false,false,false,0.11,0.07,0.19,0.08,0,0,"9273c417-0fcd-4273-b24e-afff76336d0c","box","Avatar bundle"
"Erudite Wizard","fdn","Foundations","37","common","en",1,"NM","nonfoil",false,false,false,0.11,0.07,0.19,0.08,0,0,"9273c417-0fcd-4273-b24e-afff76336d0c","box","Ff chchobo bundle"
"Faebloom Trick","fdn","Foundations","38","uncommon","en",1,"NM","nonfoil",false,false,false,0.29,0.10,0.38,0.32,0,0,"0c3bee8f-f5be-4404-a696-c902637799c3","box","Foundation"
"Faebloom Trick","fdn","Foundations","38","uncommon","en",1,"NM","nonfoil",false,false,false,0.29,0.10,0.38,0.32,0,0,"0c3bee8f-f5be-4404-a696-c902637799c3","box","Avatar bundle"
"Grappling Kraken","fdn","Foundations","39","uncommon","en",2,"NM","nonfoil",false,false,false,0.26,0.13,0.35,0.28,0,0,"d1f5cab3-3fc0-448d-8252-cd55abf5b596","box","Avatar bundle"
"High Fae Trickster","fdn","Foundations","40","rare","en",1,"NM","nonfoil",false,false,false,4.61,7.23,4.53,9.29,0,0,"7f1b93ea-1ec1-4010-9343-765742f5088b","box","Avatar bundle"
"Inspiration from Beyond","fdn","Foundations","43","uncommon","en",1,"NM","nonfoil",false,false,false,0.20,0.13,0.30,0.12,0,0,"b636fe95-664f-4fb1-aab9-28856edeccd6","box","Avatar bundle"
"Inspiration from Beyond","fdn","Foundations","43","uncommon","en",1,"NM","nonfoil",false,false,false,0.20,0.13,0.30,0.12,0,0,"b636fe95-664f-4fb1-aab9-28856edeccd6","box","Foundation"
"Lunar Insight","fdn","Foundations","46","rare","en",1,"NM","nonfoil",false,false,false,0.21,0.20,0.26,0.21,0,0,"a9a159f6-fecf-4bdd-b2f8-a9665a5cc32d","box","Ff chchobo bundle"
"Mischievous Mystic","fdn","Foundations","47","uncommon","en",1,"NM","nonfoil",false,false,false,0.23,0.16,0.39,0.39,0,0,"20d89cec-528b-4b2a-87db-e11ce0000622","box","Foundation"
"Mischievous Mystic","fdn","Foundations","47","uncommon","en",1,"NM","nonfoil",false,false,false,0.23,0.16,0.39,0.39,0,0,"20d89cec-528b-4b2a-87db-e11ce0000622","box","Ff chchobo bundle"
"Refute","fdn","Foundations","48","common","en",2,"NM","nonfoil",false,false,false,0.26,0.17,0.31,0.14,0,0,"38806934-dd9c-4ad4-a59c-a16dce03a14a","box","Avatar bundle"
"Refute","fdn","Foundations","48","common","en",1,"NM","nonfoil",false,false,false,0.26,0.17,0.31,0.14,0,0,"38806934-dd9c-4ad4-a59c-a16dce03a14a","box","Ff chchobo bundle"
"Skyship Buccaneer","fdn","Foundations","50","uncommon","en",1,"NM","nonfoil",false,false,false,0.06,0.08,0.14,0.06,0,0,"62958fc3-55dc-4b97-a070-490d6ed27820","box","Ff chchobo bundle"
"Sphinx of Forgotten Lore","fdn","Foundations","51","mythic","en",1,"NM","nonfoil",false,false,false,0.37,0.53,0.64,0.63,0,0,"af6e46b8-62ed-4bca-ba38-a821f225b59f","box","Avatar bundle"
"Strix Lookout","fdn","Foundations","52","common","en",2,"NM","nonfoil",false,false,false,0.16,0.10,0.20,0.17,0,0,"fbd2422e-8e84-4c39-af29-3b4d38baee63","box","Ff chchobo bundle"
"Strix Lookout","fdn","Foundations","52","common","en",1,"NM","nonfoil",false,false,false,0.16,0.10,0.20,0.17,0,0,"fbd2422e-8e84-4c39-af29-3b4d38baee63","box","Avatar bundle"
"Uncharted Voyage","fdn","Foundations","53","common","en",2,"NM","nonfoil",false,false,false,0.06,0.04,0.08,0.02,0,0,"e0846820-e595-4743-8a28-29c57d728677","box","Ff chchobo bundle"
"Uncharted Voyage","fdn","Foundations","53","common","en",1,"NM","nonfoil",false,false,false,0.06,0.04,0.08,0.02,0,0,"e0846820-e595-4743-8a28-29c57d728677","box","Avatar bundle"
"Abyssal Harvester","fdn","Foundations","54","rare","en",1,"NM","nonfoil",false,false,false,0.34,0.61,0.44,1.27,0,0,"f2e0f538-5825-47e9-883c-3ec6fd5b25ea","box","Foundation"
"Arbiter of Woe","fdn","Foundations","55","uncommon","en",1,"NM","nonfoil",false,false,false,0.17,0.19,0.34,0.25,0,0,"b2496c4a-df03-4583-bd76-f98ed5cb61ee","box","Foundation"
"Arbiter of Woe","fdn","Foundations","55","uncommon","en",1,"NM","nonfoil",false,false,false,0.17,0.19,0.34,0.25,0,0,"b2496c4a-df03-4583-bd76-f98ed5cb61ee","box","Avatar bundle"
"Billowing Shriekmass","fdn","Foundations","56","uncommon","en",2,"NM","nonfoil",false,false,false,0.12,0.10,0.16,0.16,0,0,"7b3587a9-0667-4d53-807b-c437bcb1d7b3","box","Avatar bundle"
"Crypt Feaster","fdn","Foundations","59","common","en",3,"NM","nonfoil",false,false,false,0.06,0.06,0.13,0.06,0,0,"3b072811-998a-4a71-b59c-6afecc0dc4b6","box","Avatar bundle"
"Crypt Feaster","fdn","Foundations","59","common","en",2,"NM","nonfoil",false,false,false,0.06,0.06,0.13,0.06,0,0,"3b072811-998a-4a71-b59c-6afecc0dc4b6","box","Ff chchobo bundle"
"Gutless Plunderer","fdn","Foundations","60","common","en",2,"NM","nonfoil",false,false,false,0.16,0.04,0.27,0.18,0,0,"909d7778-c7f8-4fa4-89f2-8b32e86e96e4","box","Avatar bundle"
"Gutless Plunderer","fdn","Foundations","60","common","en",1,"NM","nonfoil",false,false,false,0.16,0.04,0.27,0.18,0,0,"909d7778-c7f8-4fa4-89f2-8b32e86e96e4","box","Foundation"
"Gutless Plunderer","fdn","Foundations","60","common","en",1,"NM","nonfoil",false,false,false,0.16,0.04,0.27,0.18,0,0,"909d7778-c7f8-4fa4-89f2-8b32e86e96e4","box","Ff chchobo bundle"
"High-Society Hunter","fdn","Foundations","61","rare","en",1,"NM","nonfoil",false,false,false,0.36,0.41,0.39,0.60,0,0,"51da4a4b-ea12-4169-a7cf-eb4427f13e84","box","Ff chchobo bundle"
"Hungry Ghoul","fdn","Foundations","62","common","en",2,"NM","nonfoil",false,false,false,0.13,0.05,0.11,0.05,0,0,"790f9433-7565-4f7f-88e8-8af762ea0296","box","Ff chchobo bundle"
"Hungry Ghoul","fdn","Foundations","62","common","en",2,"NM","nonfoil",false,false,false,0.13,0.05,0.11,0.05,0,0,"790f9433-7565-4f7f-88e8-8af762ea0296","box","Avatar bundle"
"Infernal Vessel","fdn","Foundations","63","uncommon","en",3,"NM","nonfoil",false,false,false,0.17,0.04,0.19,0.23,0,0,"877b6330-2d0b-4f2f-a848-f10b06fb4ef5","box","Avatar bundle"
"Infestation Sage","fdn","Foundations","64","common","en",3,"NM","nonfoil",false,false,false,0.24,0.15,0.34,0.21,0,0,"d40c73de-7a5f-46f2-a70b-449bc8ecfe24","box","Avatar bundle"
"Infestation Sage","fdn","Foundations","64","common","en",2,"NM","nonfoil",false,false,false,0.24,0.15,0.34,0.21,0,0,"d40c73de-7a5f-46f2-a70b-449bc8ecfe24","box","Foundation"
"Midnight Snack","fdn","Foundations","65","uncommon","en",1,"NM","nonfoil",false,false,false,0.25,0.09,0.36,0.13,0,0,"c9b7543f-2a45-4db6-b560-d15507a58c91","box","Avatar bundle"
"Revenge of the Rats","fdn","Foundations","67","uncommon","en",1,"NM","nonfoil",false,false,false,0.25,0.18,0.44,0.18,0,0,"1f463c55-39a0-4f2f-aae3-0c5540bde5b7","box","Foundation"
"Revenge of the Rats","fdn","Foundations","67","uncommon","en",1,"NM","nonfoil",false,false,false,0.25,0.18,0.44,0.18,0,0,"1f463c55-39a0-4f2f-aae3-0c5540bde5b7","box","Avatar bundle"
"Sanguine Syphoner","fdn","Foundations","68","common","en",1,"NM","nonfoil",false,false,false,0.17,0.11,0.25,0.17,0,0,"b1daf5bb-c8e9-4e79-a532-ca92a9a885cd","box","Ff chchobo bundle"
"Sanguine Syphoner","fdn","Foundations","68","common","en",1,"NM","nonfoil",false,false,false,0.17,0.11,0.25,0.17,0,0,"b1daf5bb-c8e9-4e79-a532-ca92a9a885cd","box","Avatar bundle"
"Sanguine Syphoner","fdn","Foundations","68","common","en",1,"NM","nonfoil",false,false,false,0.17,0.11,0.25,0.17,0,0,"b1daf5bb-c8e9-4e79-a532-ca92a9a885cd","box","Foundation"
"Seeker's Folly","fdn","Foundations","69","uncommon","en",1,"NM","nonfoil",false,false,false,0.17,0.14,0.15,0.21,0,0,"bc359da6-8b7f-45ec-b530-ce159fc35953","box","Foundation"
"Seeker's Folly","fdn","Foundations","69","uncommon","en",1,"NM","nonfoil",false,false,false,0.17,0.14,0.15,0.21,0,0,"bc359da6-8b7f-45ec-b530-ce159fc35953","box","Ff chchobo bundle"
"Seeker's Folly","fdn","Foundations","69","uncommon","en",1,"NM","nonfoil",false,false,false,0.17,0.14,0.15,0.21,0,0,"bc359da6-8b7f-45ec-b530-ce159fc35953","box","Avatar bundle"
"Soul-Shackled Zombie","fdn","Foundations","70","common","en",3,"NM","nonfoil",false,false,false,0.13,0.07,0.18,0.07,0,0,"deea5690-6eb2-4353-b917-cbbf840e4e71","box","Avatar bundle"
"Soul-Shackled Zombie","fdn","Foundations","70","common","en",1,"NM","nonfoil",false,false,false,0.13,0.07,0.18,0.07,0,0,"deea5690-6eb2-4353-b917-cbbf840e4e71","box","Ff chchobo bundle"
"Stab","fdn","Foundations","71","common","en",2,"NM","nonfoil",false,false,false,0.24,0.09,0.29,0.11,0,0,"6859a5ba-1c1c-4631-bba8-f9900b827178","box","Avatar bundle"
"Stab","fdn","Foundations","71","common","en",2,"NM","nonfoil",false,false,false,0.24,0.09,0.29,0.11,0,0,"6859a5ba-1c1c-4631-bba8-f9900b827178","box","Ff chchobo bundle"
"Tragic Banshee","fdn","Foundations","73","uncommon","en",1,"NM","nonfoil",false,false,false,0.13,0.02,0.17,0.12,0,0,"30df3e33-2f17-4067-99f1-5db6b0f41fd4","box","Avatar bundle"
"Vampire Soulcaller","fdn","Foundations","75","common","en",1,"NM","nonfoil",false,false,false,0.18,0.04,0.14,0.06,0,0,"2d076293-3b45-4878-8f67-978927cc1f68","box","Ff chchobo bundle"
"Vengeful Bloodwitch","fdn","Foundations","76","uncommon","en",4,"NM","nonfoil",false,false,false,0.26,0.35,0.40,0.34,0,0,"bd0c12dd-f138-45c0-9614-d83a1d8e8399","box","Foundation"
"Zul Ashur, Lich Lord","fdn","Foundations","77","rare","en",1,"NM","nonfoil",false,false,false,0.61,1.03,0.87,1.92,0,0,"34ad4fdb-9805-45b3-ba20-e47a15d6ff38","box","Avatar bundle"
"Battlesong Berserker","fdn","Foundations","78","uncommon","en",1,"NM","nonfoil",false,false,false,0.13,0.12,0.11,0.13,0,0,"a1f8b199-5d62-485f-b1c3-b30aa550595b","box","Avatar bundle"
"Boltwave","fdn","Foundations","79","uncommon","en",1,"NM","nonfoil",false,false,false,2.34,2.28,3.83,3.71,0,0,"8d1ec351-5e70-4eb2-b590-6bff94ef8178","box","Ff chchobo bundle"
"Boltwave","fdn","Foundations","79","uncommon","en",1,"NM","nonfoil",false,false,false,2.34,2.28,3.83,3.71,0,0,"8d1ec351-5e70-4eb2-b590-6bff94ef8178","box","Avatar bundle"
"Bulk Up","fdn","Foundations","80","uncommon","en",1,"NM","nonfoil",false,false,false,0.30,0.45,0.43,0.97,0,0,"977dcc50-da10-4281-b522-9240c1204f5d","box","Ff chchobo bundle"
"Courageous Goblin","fdn","Foundations","82","common","en",2,"NM","nonfoil",false,false,false,0.10,0.05,0.19,0.09,0,0,"8db6819c-666a-409d-85a5-b9ac34d8dd2f","box","Ff chchobo bundle"
"Courageous Goblin","fdn","Foundations","82","common","en",2,"NM","nonfoil",false,false,false,0.10,0.05,0.19,0.09,0,0,"8db6819c-666a-409d-85a5-b9ac34d8dd2f","box","Avatar bundle"
"Crackling Cyclops","fdn","Foundations","83","common","en",1,"NM","foil",false,false,false,0.09,0.07,0.18,0.12,0,0,"6e5b899a-52f7-471b-ad50-4fa6566758fd","box","Avatar bundle"
"Crackling Cyclops","fdn","Foundations","83","common","en",2,"NM","nonfoil",false,false,false,0.09,0.07,0.18,0.12,0,0,"6e5b899a-52f7-471b-ad50-4fa6566758fd","box","Avatar bundle"
"Crackling Cyclops","fdn","Foundations","83","common","en",2,"NM","nonfoil",false,false,false,0.09,0.07,0.18,0.12,0,0,"6e5b899a-52f7-471b-ad50-4fa6566758fd","box","Foundation"
"Crackling Cyclops","fdn","Foundations","83","common","en",1,"NM","nonfoil",false,false,false,0.09,0.07,0.18,0.12,0,0,"6e5b899a-52f7-471b-ad50-4fa6566758fd","box","Ff chchobo bundle"
"Dragon Trainer","fdn","Foundations","84","uncommon","en",1,"NM","nonfoil",false,false,false,0.16,0.08,0.22,0.21,0,0,"91bd75a1-cb54-4e38-9ce1-e8f32a73c6eb","box","Ff chchobo bundle"
"Fiery Annihilation","fdn","Foundations","86","uncommon","en",2,"NM","nonfoil",false,false,false,0.23,0.11,0.24,0.10,0,0,"54fe00aa-d284-48f9-b5a2-1bd4c5fa8e58","box","Avatar bundle"
"Goblin Boarders","fdn","Foundations","87","common","en",3,"NM","nonfoil",false,false,false,0.13,0.07,0.27,0.04,0,0,"4409a063-bf2a-4a49-803e-3ce6bd474353","box","Avatar bundle"
"Goblin Boarders","fdn","Foundations","87","common","en",1,"NM","nonfoil",false,false,false,0.13,0.07,0.27,0.04,0,0,"4409a063-bf2a-4a49-803e-3ce6bd474353","box","Ff chchobo bundle"
"Goblin Negotiation","fdn","Foundations","88","uncommon","en",1,"NM","nonfoil",false,false,false,0.29,0.13,0.31,0.20,0,0,"f2016585-e26c-4d13-b09f-af6383c192f7","box","Foundation"
"Goblin Negotiation","fdn","Foundations","88","uncommon","en",1,"NM","nonfoil",false,false,false,0.29,0.13,0.31,0.20,0,0,"f2016585-e26c-4d13-b09f-af6383c192f7","box","Avatar bundle"
"Gorehorn Raider","fdn","Foundations","89","common","en",3,"NM","nonfoil",false,false,false,0.07,0.02,0.14,0.12,0,0,"78ce6c40-3452-4aa0-a45b-dbfd70f8d220","box","Avatar bundle"
"Gorehorn Raider","fdn","Foundations","89","common","en",1,"NM","nonfoil",false,false,false,0.07,0.02,0.14,0.12,0,0,"78ce6c40-3452-4aa0-a45b-dbfd70f8d220","box","Foundation"
"Incinerating Blast","fdn","Foundations","90","common","en",2,"NM","nonfoil",false,false,false,0.10,0.04,0.15,0.09,0,0,"d58e20ab-c5ca-4295-884d-78efdaa83243","box","Avatar bundle"
"Incinerating Blast","fdn","Foundations","90","common","en",1,"NM","nonfoil",false,false,false,0.10,0.04,0.15,0.09,0,0,"d58e20ab-c5ca-4295-884d-78efdaa83243","box","Foundation"
"Incinerating Blast","fdn","Foundations","90","common","en",2,"NM","nonfoil",false,false,false,0.10,0.04,0.15,0.09,0,0,"d58e20ab-c5ca-4295-884d-78efdaa83243","box","Ff chchobo bundle"
"Searslicer Goblin","fdn","Foundations","93","rare","en",1,"NM","nonfoil",false,false,false,0.64,1.08,1.08,1.62,0,0,"94ad0b97-a318-4e76-ac79-b3e83417c333","box","Ff chchobo bundle"
"Searslicer Goblin","fdn","Foundations","93","rare","en",1,"NM","nonfoil",false,false,false,0.64,1.08,1.08,1.62,0,0,"94ad0b97-a318-4e76-ac79-b3e83417c333","box","Avatar bundle"
"Slumbering Cerberus","fdn","Foundations","94","uncommon","en",1,"NM","nonfoil",false,false,false,0.17,0.10,0.17,0.17,0,0,"9d06faa8-201d-45db-b398-ad56f7b01848","box","Ff chchobo bundle"
"Slumbering Cerberus","fdn","Foundations","94","uncommon","en",1,"NM","nonfoil",false,false,false,0.17,0.10,0.17,0.17,0,0,"9d06faa8-201d-45db-b398-ad56f7b01848","box","Avatar bundle"
"Sower of Chaos","fdn","Foundations","95","common","en",2,"NM","nonfoil",false,false,false,0.12,0.07,0.14,0.04,0,0,"7ff50606-491c-4946-8d03-719b01cfad77","box","Avatar bundle"
"Sower of Chaos","fdn","Foundations","95","common","en",1,"NM","nonfoil",false,false,false,0.12,0.07,0.14,0.04,0,0,"7ff50606-491c-4946-8d03-719b01cfad77","box","Ff chchobo bundle"
"Strongbox Raider","fdn","Foundations","96","uncommon","en",1,"NM","nonfoil",false,false,false,0.17,0.07,0.16,0.07,0,0,"b2223eb8-59f9-489b-a3f3-b6496218cb79","box","Ff chchobo bundle"
"Strongbox Raider","fdn","Foundations","96","uncommon","en",1,"NM","nonfoil",false,false,false,0.17,0.07,0.16,0.07,0,0,"b2223eb8-59f9-489b-a3f3-b6496218cb79","box","Foundation"
"Strongbox Raider","fdn","Foundations","96","uncommon","en",1,"NM","nonfoil",false,false,false,0.17,0.07,0.16,0.07,0,0,"b2223eb8-59f9-489b-a3f3-b6496218cb79","box","Avatar bundle"
"Ambush Wolf","fdn","Foundations","98","common","en",2,"NM","nonfoil",false,false,false,0.17,0.06,0.21,0.14,0,0,"2903832c-318e-42ab-bf58-c682ec2f7afd","box","Ff chchobo bundle"
"Ambush Wolf","fdn","Foundations","98","common","en",2,"NM","nonfoil",false,false,false,0.17,0.06,0.21,0.14,0,0,"2903832c-318e-42ab-bf58-c682ec2f7afd","box","Avatar bundle"
"Apothecary Stomper","fdn","Foundations","99","common","en",2,"NM","nonfoil",false,false,false,0.10,0.03,0.09,0.13,0,0,"680b7b0c-0e1b-46ce-9917-9fc6e05aa148","box","Avatar bundle"
"Apothecary Stomper","fdn","Foundations","99","common","en",1,"NM","nonfoil",false,false,false,0.10,0.03,0.09,0.13,0,0,"680b7b0c-0e1b-46ce-9917-9fc6e05aa148","box","Ff chchobo bundle"
"Apothecary Stomper","fdn","Foundations","99","common","en",1,"NM","nonfoil",false,false,false,0.10,0.03,0.09,0.13,0,0,"680b7b0c-0e1b-46ce-9917-9fc6e05aa148","box","Foundation"
"Beast-Kin Ranger","fdn","Foundations","100","common","en",4,"NM","nonfoil",false,false,false,0.12,0.07,0.11,0.19,0,0,"0102e0be-5783-4825-9489-713b1b1df0b2","box","Avatar bundle"
"Cackling Prowler","fdn","Foundations","101","common","en",2,"NM","nonfoil",false,false,false,0.10,0.09,0.13,0.13,0,0,"1bd8e971-c075-4203-8d83-c28f22d4f9b9","box","Ff chchobo bundle"
"Cackling Prowler","fdn","Foundations","101","common","en",2,"NM","nonfoil",false,false,false,0.10,0.09,0.13,0.13,0,0,"1bd8e971-c075-4203-8d83-c28f22d4f9b9","box","Avatar bundle"
"Eager Trufflesnout","fdn","Foundations","102","uncommon","en",1,"NM","nonfoil",false,false,false,0.22,0.17,0.26,0.30,0,0,"a6e8433d-eb2a-43d1-b59b-7d70ff97c8e7","box","Ff chchobo bundle"
"Elfsworn Giant","fdn","Foundations","103","common","en",3,"NM","nonfoil",false,false,false,0.23,0.15,0.31,0.15,0,0,"5128a5be-ffa6-4998-8488-872d80b24cb2","box","Avatar bundle"
"Elvish Regrower","fdn","Foundations","104","uncommon","en",1,"NM","nonfoil",false,false,false,0.15,0.10,0.28,0.19,0,0,"2694e3cd-26ed-4a10-ae55-fb84d7800253","box","Avatar bundle"
"Elvish Regrower","fdn","Foundations","104","uncommon","en",1,"NM","nonfoil",false,false,false,0.15,0.10,0.28,0.19,0,0,"2694e3cd-26ed-4a10-ae55-fb84d7800253","box","Foundation"
"Felling Blow","fdn","Foundations","105","uncommon","en",1,"NM","nonfoil",false,false,false,0.16,0.12,0.22,0.34,0,0,"96948ae3-b15d-4d6d-aa73-9f52084cd903","box","Avatar bundle"
"Loot, Exuberant Explorer","fdn","Foundations","106","rare","en",1,"NM","nonfoil",false,false,false,2.87,2.67,3.72,3.20,0,0,"09980ce6-425b-4e03-94d0-0f02043cb361","box","Avatar bundle"
"Needletooth Pack","fdn","Foundations","108","uncommon","en",1,"NM","nonfoil",false,false,false,0.19,0.05,0.31,0.13,0,0,"993c1679-e02b-44f2-b34e-12fd6b5142e9","box","Ff chchobo bundle"
"Preposterous Proportions","fdn","Foundations","109","rare","en",1,"NM","nonfoil",false,false,false,1.54,0.52,1.03,0.70,0,0,"acb65189-60e4-42e0-9fb1-da6b716b91d7","box","Foundation"
"Quakestrider Ceratops","fdn","Foundations","110","uncommon","en",1,"NM","nonfoil",false,false,false,0.25,0.21,0.34,0.27,0,0,"067f72c2-ead6-4879-bc9d-696c9f87c0b2","box","Avatar bundle"
"Quakestrider Ceratops","fdn","Foundations","110","uncommon","en",1,"NM","nonfoil",false,false,false,0.25,0.21,0.34,0.27,0,0,"067f72c2-ead6-4879-bc9d-696c9f87c0b2","box","Foundation"
"Treetop Snarespinner","fdn","Foundations","114","common","en",2,"NM","nonfoil",false,false,false,0.19,0.15,0.29,0.12,0,0,"88e68fa3-159d-49a6-8ac6-afc9bd6f1718","box","Ff chchobo bundle"
"Treetop Snarespinner","fdn","Foundations","114","common","en",1,"NM","nonfoil",false,false,false,0.19,0.15,0.29,0.12,0,0,"88e68fa3-159d-49a6-8ac6-afc9bd6f1718","box","Avatar bundle"
"Anthem of Champions","fdn","Foundations","116","rare","en",1,"NM","nonfoil",false,false,false,0.28,0.27,0.38,0.22,0,0,"42fe3a40-9cbe-4235-86f9-32576aaebba8","box","Avatar bundle"
"Dreadwing Scavenger","fdn","Foundations","118","uncommon","en",1,"NM","nonfoil",false,false,false,0.24,0.15,0.27,0.21,0,0,"e24d838b-ab48-410a-9a50-dbfea5da089b","box","Ff chchobo bundle"
"Dreadwing Scavenger","fdn","Foundations","118","uncommon","en",2,"NM","nonfoil",false,false,false,0.24,0.15,0.27,0.21,0,0,"e24d838b-ab48-410a-9a50-dbfea5da089b","box","Foundation"
"Dreadwing Scavenger","fdn","Foundations","118","uncommon","en",1,"NM","nonfoil",false,false,false,0.24,0.15,0.27,0.21,0,0,"e24d838b-ab48-410a-9a50-dbfea5da089b","box","Avatar bundle"
"Fiendish Panda","fdn","Foundations","120","uncommon","en",1,"NM","nonfoil",false,false,false,0.24,0.08,0.32,0.22,0,0,"4e434d74-cad0-45f5-bc8d-f34aa5e1d879","box","Ff chchobo bundle"
"Kykar, Zephyr Awakener","fdn","Foundations","122","rare","en",1,"NM","nonfoil",false,false,false,0.30,0.28,0.38,0.30,0,0,"6c980998-7124-4ec6-a0b6-e8d9a2364925","box","Avatar bundle"
"Perforating Artist","fdn","Foundations","124","uncommon","en",1,"NM","nonfoil",false,false,false,0.24,0.13,0.35,0.17,0,0,"72980409-53f0-43c1-965e-06f22e7bb608","box","Foundation"
"Perforating Artist","fdn","Foundations","124","uncommon","en",1,"NM","nonfoil",false,false,false,0.24,0.13,0.35,0.17,0,0,"72980409-53f0-43c1-965e-06f22e7bb608","box","Avatar bundle"
"Wardens of the Cycle","fdn","Foundations","125","uncommon","en",1,"NM","nonfoil",false,false,false,0.16,0.09,0.32,0.14,0,0,"83ea9b2c-5723-4eff-88ac-6669975939e3","box","Foundation"
"Wardens of the Cycle","fdn","Foundations","125","uncommon","en",1,"NM","nonfoil",false,false,false,0.16,0.09,0.32,0.14,0,0,"83ea9b2c-5723-4eff-88ac-6669975939e3","box","Avatar bundle"
"Banner of Kinship","fdn","Foundations","127","rare","en",1,"NM","nonfoil",false,false,false,5.72,5.27,5.85,5.91,0,0,"a14c16c0-4053-46b0-8fa6-be8b4a7a1c8a","box","Avatar bundle"
"Fishing Pole","fdn","Foundations","128","uncommon","en",2,"NM","nonfoil",false,false,false,0.18,0.14,0.27,0.16,0,0,"c95ab836-3277-4223-9aaa-ef2c77256b65","box","Avatar bundle"
"Quick-Draw Katana","fdn","Foundations","130","common","en",1,"NM","nonfoil",false,false,false,0.22,0.04,0.29,0.18,0,0,"69beec98-c89c-4673-953c-8b3ef3d81560","box","Foundation"
"Quick-Draw Katana","fdn","Foundations","130","common","en",1,"NM","nonfoil",false,false,false,0.22,0.04,0.29,0.18,0,0,"69beec98-c89c-4673-953c-8b3ef3d81560","box","Ff chchobo bundle"
"Quick-Draw Katana","fdn","Foundations","130","common","en",2,"NM","nonfoil",false,false,false,0.22,0.04,0.29,0.18,0,0,"69beec98-c89c-4673-953c-8b3ef3d81560","box","Avatar bundle"
"Ravenous Amulet","fdn","Foundations","131","uncommon","en",1,"NM","nonfoil",false,false,false,0.22,0.17,0.33,0.28,0,0,"80cadee5-6f26-4440-ad31-a8e573a90436","box","Foundation"
"Ravenous Amulet","fdn","Foundations","131","uncommon","en",2,"NM","nonfoil",false,false,false,0.22,0.17,0.33,0.28,0,0,"80cadee5-6f26-4440-ad31-a8e573a90436","box","Avatar bundle"
"Soulstone Sanctuary","fdn","Foundations","133","rare","en",1,"NM","nonfoil",false,false,false,0.58,1.87,0.87,1.67,0,0,"642553a7-6d0f-483d-a873-3a703786db42","box","Avatar bundle"
"Ajani's Pridemate","fdn","Foundations","135","uncommon","en",2,"NM","nonfoil",false,false,false,0.27,0.15,0.38,0.24,0,0,"222c1a68-e34c-4103-b1be-17d4ceaef6ce","box","Avatar bundle"
"Ajani's Pridemate","fdn","Foundations","135","uncommon","en",1,"NM","nonfoil",false,false,false,0.27,0.15,0.38,0.24,0,0,"222c1a68-e34c-4103-b1be-17d4ceaef6ce","box","Foundation"
"Angel of Finality","fdn","Foundations","136","uncommon","en",1,"NM","nonfoil",false,false,false,0.22,0.08,0.35,0.13,0,0,"baaabd52-3aa9-4e2f-9369-d4db8b405ba8","box","Foundation"
"Banishing Light","fdn","Foundations","138","common","en",3,"NM","nonfoil",false,false,false,0.16,0.05,0.25,0.15,0,0,"e38dc3b3-1629-491b-8afd-0e7a9a857713","box","Avatar bundle"
"Banishing Light","fdn","Foundations","138","common","en",1,"NM","nonfoil",false,false,false,0.16,0.05,0.25,0.15,0,0,"e38dc3b3-1629-491b-8afd-0e7a9a857713","box","Ff chchobo bundle"
"Cathar Commando","fdn","Foundations","139","common","en",2,"NM","nonfoil",false,false,false,0.24,0.13,0.31,0.23,0,0,"19cf024d-edb6-4a79-8676-73f8db0cdf1f","box","Avatar bundle"
"Cathar Commando","fdn","Foundations","139","common","en",1,"NM","nonfoil",false,false,false,0.24,0.13,0.31,0.23,0,0,"19cf024d-edb6-4a79-8676-73f8db0cdf1f","box","Ff chchobo bundle"
"Giada, Font of Hope","fdn","Foundations","141","rare","en",2,"NM","nonfoil",false,false,false,0.56,0.58,1.16,1.28,0,0,"8ae6fc26-cfad-4da8-98d9-49c27c24d293","box","Foundation"
"Giada, Font of Hope","fdn","Foundations","141","rare","en",1,"NM","nonfoil",false,false,false,0.56,0.58,1.16,1.28,0,0,"8ae6fc26-cfad-4da8-98d9-49c27c24d293","box","Avatar bundle"
"Healer's Hawk","fdn","Foundations","142","common","en",1,"NM","nonfoil",false,false,false,0.24,0.11,0.28,0.27,0,0,"cc8e4563-04bb-46b5-835e-64ba11c0e972","box","Ff chchobo bundle"
"Make Your Move","fdn","Foundations","143","common","en",2,"NM","nonfoil",false,false,false,0.12,0.05,0.13,0.08,0,0,"7368f861-3288-4645-90a7-ca35d6da3721","box","Avatar bundle"
"Make Your Move","fdn","Foundations","143","common","en",1,"NM","nonfoil",false,false,false,0.12,0.05,0.13,0.08,0,0,"7368f861-3288-4645-90a7-ca35d6da3721","box","Ff chchobo bundle"
"Mischievous Pup","fdn","Foundations","144","uncommon","en",1,"NM","nonfoil",false,false,false,0.15,0.08,0.25,0.09,0,0,"7214d984-6400-44d7-bde6-57d96b606e78","box","Avatar bundle"
"Resolute Reinforcements","fdn","Foundations","145","uncommon","en",1,"NM","nonfoil",false,false,false,0.20,0.15,0.31,0.25,0,0,"940f3989-77cc-49a9-92e0-095a75d80f0f","box","Foundation"
"Resolute Reinforcements","fdn","Foundations","145","uncommon","en",1,"NM","nonfoil",false,false,false,0.20,0.15,0.31,0.25,0,0,"940f3989-77cc-49a9-92e0-095a75d80f0f","box","Avatar bundle"
"Savannah Lions","fdn","Foundations","146","uncommon","en",2,"NM","nonfoil",false,false,false,0.17,0.14,0.25,0.27,0,0,"9c9ac1bc-cdf3-4fa6-8319-a7ea164e9e47","box","Foundation"
"Serra Angel","fdn","Foundations","147","uncommon","en",1,"NM","foil",false,false,false,0.24,0.13,0.29,0.15,0,0,"3cee9303-9d65-45a2-93d4-ef4aba59141b","box","Avatar bundle"
"Stroke of Midnight","fdn","Foundations","148","uncommon","en",2,"NM","nonfoil",false,false,false,0.39,0.37,0.43,0.61,0,0,"ab135925-d924-456d-851a-6ccdaaf27271","box","Foundation"
"Stroke of Midnight","fdn","Foundations","148","uncommon","en",1,"NM","nonfoil",false,false,false,0.39,0.37,0.43,0.61,0,0,"ab135925-d924-456d-851a-6ccdaaf27271","box","Avatar bundle"
"Youthful Valkyrie","fdn","Foundations","149","uncommon","en",4,"NM","nonfoil",false,false,false,0.30,0.21,0.40,0.42,0,0,"9d795f79-c3a5-4ea1-a5cf-1ce73d6837b6","box","Foundation"
"Aegis Turtle","fdn","Foundations","150","common","en",1,"NM","nonfoil",false,false,false,0.22,0.10,0.27,0.08,0,0,"c7f2014a-fbc9-447c-a440-e06d01066bb9","box","Avatar bundle"
"Aegis Turtle","fdn","Foundations","150","common","en",2,"NM","nonfoil",false,false,false,0.22,0.10,0.27,0.08,0,0,"c7f2014a-fbc9-447c-a440-e06d01066bb9","box","Ff chchobo bundle"
"Aegis Turtle","fdn","Foundations","150","common","en",1,"NM","nonfoil",false,false,false,0.22,0.10,0.27,0.08,0,0,"c7f2014a-fbc9-447c-a440-e06d01066bb9","box","Foundation"
"Aetherize","fdn","Foundations","151","uncommon","en",1,"NM","nonfoil",false,false,false,0.37,0.43,0.41,0.80,0,0,"1e5530fc-0291-4a17-b048-c5d24e6f51d8","box","Ff chchobo bundle"
"Brineborn Cutthroat","fdn","Foundations","152","uncommon","en",1,"NM","nonfoil",false,false,false,0.17,0.06,0.32,0.19,0,0,"acf7aafb-931f-49e5-8691-eab8cb34b05e","box","Foundation"
"Brineborn Cutthroat","fdn","Foundations","152","uncommon","en",1,"NM","nonfoil",false,false,false,0.17,0.06,0.32,0.19,0,0,"acf7aafb-931f-49e5-8691-eab8cb34b05e","box","Avatar bundle"
"Essence Scatter","fdn","Foundations","153","uncommon","en",1,"NM","nonfoil",false,false,false,0.19,0.06,0.31,0.11,0,0,"dd05c850-f91e-4ffb-b4cc-8418d49dad90","box","Foundation"
"Fleeting Distraction","fdn","Foundations","155","common","en",1,"NM","nonfoil",false,false,false,0.16,0.18,0.29,0.10,0,0,"c0b86a7b-4912-43a7-ab89-c3432385baa1","box","Avatar bundle"
"Fleeting Distraction","fdn","Foundations","155","common","en",1,"NM","nonfoil",false,false,false,0.16,0.18,0.29,0.10,0,0,"c0b86a7b-4912-43a7-ab89-c3432385baa1","box","Ff chchobo bundle"
"Imprisoned in the Moon","fdn","Foundations","156","uncommon","en",1,"NM","nonfoil",false,false,false,0.35,0.18,0.36,0.26,0,0,"ee28e147-6622-4399-a314-c14a5c912dd0","box","Ff chchobo bundle"
"Imprisoned in the Moon","fdn","Foundations","156","uncommon","en",1,"NM","nonfoil",false,false,false,0.35,0.18,0.36,0.26,0,0,"ee28e147-6622-4399-a314-c14a5c912dd0","box","Avatar bundle"
"Lightshell Duo","fdn","Foundations","157","common","en",1,"NM","nonfoil",false,false,false,0.11,0.02,0.21,0.18,0,0,"bb75315c-ea8f-4eb0-899e-c73ef75fc396","box","Ff chchobo bundle"
"Lightshell Duo","fdn","Foundations","157","common","en",2,"NM","nonfoil",false,false,false,0.11,0.02,0.21,0.18,0,0,"bb75315c-ea8f-4eb0-899e-c73ef75fc396","box","Avatar bundle"
"Micromancer","fdn","Foundations","158","uncommon","en",1,"NM","nonfoil",false,false,false,0.21,0.10,0.21,0.12,0,0,"e6af54ea-b57a-4e50-8e46-1747cca14430","box","Ff chchobo bundle"
"Micromancer","fdn","Foundations","158","uncommon","en",1,"NM","nonfoil",false,false,false,0.21,0.10,0.21,0.12,0,0,"e6af54ea-b57a-4e50-8e46-1747cca14430","box","Foundation"
"Micromancer","fdn","Foundations","158","uncommon","en",1,"NM","nonfoil",false,false,false,0.21,0.10,0.21,0.12,0,0,"e6af54ea-b57a-4e50-8e46-1747cca14430","box","Avatar bundle"
"Mocking Sprite","fdn","Foundations","159","common","en",1,"NM","nonfoil",false,false,false,0.24,0.04,0.27,0.17,0,0,"f6792f63-b651-497d-8aa5-cddf4cedeca8","box","Foundation"
"An Offer You Can't Refuse","fdn","Foundations","160","uncommon","en",1,"NM","foil",false,false,false,2.06,2.61,3.39,3.01,0,0,"a829747f-cf9b-4d81-ba66-9f0630ed4565","box","Avatar bundle"
"An Offer You Can't Refuse","fdn","Foundations","160","uncommon","en",1,"NM","nonfoil",false,false,false,2.06,2.61,3.39,3.01,0,0,"a829747f-cf9b-4d81-ba66-9f0630ed4565","box","Foundation"
"Run Away Together","fdn","Foundations","162","common","en",1,"NM","nonfoil",false,false,false,0.24,0.03,0.20,0.08,0,0,"e598eb7b-10dc-49e6-ac60-2fefa987173e","box","Avatar bundle"
"Run Away Together","fdn","Foundations","162","common","en",2,"NM","nonfoil",false,false,false,0.24,0.03,0.20,0.08,0,0,"e598eb7b-10dc-49e6-ac60-2fefa987173e","box","Ff chchobo bundle"
"Self-Reflection","fdn","Foundations","163","uncommon","en",1,"NM","nonfoil",false,false,false,0.16,0.08,0.17,0.10,0,0,"e1e6abc9-25b2-4d51-b519-2525079eab51","box","Ff chchobo bundle"
"Self-Reflection","fdn","Foundations","163","uncommon","en",1,"NM","nonfoil",false,false,false,0.16,0.08,0.17,0.10,0,0,"e1e6abc9-25b2-4d51-b519-2525079eab51","box","Foundation"
"Spectral Sailor","fdn","Foundations","164","uncommon","en",1,"NM","nonfoil",false,false,false,0.21,0.09,0.30,0.24,0,0,"03a49535-c5f3-4a6f-b333-7ac7bffdc9ae","box","Ff chchobo bundle"
"Think Twice","fdn","Foundations","165","common","en",1,"NM","nonfoil",false,false,false,0.19,0.04,0.31,0.06,0,0,"d88faaa1-eb41-40f7-991c-5c06e1138f3d","box","Avatar bundle"
"Think Twice","fdn","Foundations","165","common","en",1,"NM","nonfoil",false,false,false,0.19,0.04,0.31,0.06,0,0,"d88faaa1-eb41-40f7-991c-5c06e1138f3d","box","Foundation"
"Time Stop","fdn","Foundations","166","rare","en",1,"NM","nonfoil",false,false,false,0.33,0.16,0.41,0.30,0,0,"d938603b-0f1e-44c4-b86e-38e15f4a0d27","box","Avatar bundle"
"Tolarian Terror","fdn","Foundations","167","common","en",2,"NM","nonfoil",false,false,false,0.21,0.22,0.29,0.59,0,0,"2569d4f3-55ed-4f99-9592-34c7df0aab72","box","Avatar bundle"
"Tolarian Terror","fdn","Foundations","167","common","en",1,"NM","nonfoil",false,false,false,0.21,0.22,0.29,0.59,0,0,"2569d4f3-55ed-4f99-9592-34c7df0aab72","box","Foundation"
"Tolarian Terror","fdn","Foundations","167","common","en",1,"NM","nonfoil",false,false,false,0.21,0.22,0.29,0.59,0,0,"2569d4f3-55ed-4f99-9592-34c7df0aab72","box","Ff chchobo bundle"
"Witness Protection","fdn","Foundations","168","common","en",1,"NM","nonfoil",false,false,false,0.21,0.12,0.30,0.17,0,0,"f231e981-0069-43ce-ac1c-c85ced613e93","box","Ff chchobo bundle"
"Witness Protection","fdn","Foundations","168","common","en",1,"NM","nonfoil",false,false,false,0.21,0.12,0.30,0.17,0,0,"f231e981-0069-43ce-ac1c-c85ced613e93","box","Foundation"
"Bake into a Pie","fdn","Foundations","169","common","en",1,"NM","nonfoil",false,false,false,0.25,0.05,0.26,0.10,0,0,"2ab0e660-86a3-4b92-82fa-77dcb5db947d","box","Avatar bundle"
"Bake into a Pie","fdn","Foundations","169","common","en",1,"NM","nonfoil",false,false,false,0.25,0.05,0.26,0.10,0,0,"2ab0e660-86a3-4b92-82fa-77dcb5db947d","box","Ff chchobo bundle"
"Burglar Rat","fdn","Foundations","170","common","en",1,"NM","nonfoil",false,false,false,0.32,0.08,0.36,0.16,0,0,"de1c8758-ce3d-49cf-8173-c0eb46f5e7bc","box","Foundation"
"Eaten Alive","fdn","Foundations","172","common","en",2,"NM","nonfoil",false,false,false,0.23,0.04,0.27,0.16,0,0,"1c4f7b20-b2a8-498c-8c36-dc296863b0b9","box","Avatar bundle"
"Eaten Alive","fdn","Foundations","172","common","en",2,"NM","nonfoil",false,false,false,0.23,0.04,0.27,0.16,0,0,"1c4f7b20-b2a8-498c-8c36-dc296863b0b9","box","Ff chchobo bundle"
"Exsanguinate","fdn","Foundations","173","uncommon","en",1,"NM","nonfoil",false,false,false,0.38,0.41,0.80,0.68,0,0,"f11d7311-4066-4a5d-ba28-9857fa707a0b","box","Avatar bundle"
"Exsanguinate","fdn","Foundations","173","uncommon","en",1,"NM","nonfoil",false,false,false,0.38,0.41,0.80,0.68,0,0,"f11d7311-4066-4a5d-ba28-9857fa707a0b","box","Foundation"
"Fake Your Own Death","fdn","Foundations","174","common","en",1,"NM","nonfoil",false,false,false,0.23,0.07,0.36,0.24,0,0,"693635a6-df50-44c5-9598-0c79b45d4df4","box","Ff chchobo bundle"
"Hero's Downfall","fdn","Foundations","175","uncommon","en",1,"NM","nonfoil",false,false,false,0.27,0.08,0.35,0.15,0,0,"ad2c01d9-8f54-46c0-9dc9-d4d4764ce1c9","box","Foundation"
"Hero's Downfall","fdn","Foundations","175","uncommon","en",1,"NM","nonfoil",false,false,false,0.27,0.08,0.35,0.15,0,0,"ad2c01d9-8f54-46c0-9dc9-d4d4764ce1c9","box","Avatar bundle"
"Macabre Waltz","fdn","Foundations","177","common","en",1,"NM","nonfoil",false,false,false,0.27,0.06,0.22,0.12,0,0,"4d1f3c84-89ba-4426-a80b-d524f172c912","box","Avatar bundle"
"Macabre Waltz","fdn","Foundations","177","common","en",1,"NM","nonfoil",false,false,false,0.27,0.06,0.22,0.12,0,0,"4d1f3c84-89ba-4426-a80b-d524f172c912","box","Ff chchobo bundle"
"Marauding Blight-Priest","fdn","Foundations","178","common","en",1,"NM","nonfoil",false,false,false,0.28,0.13,0.36,0.28,0,0,"5f70dafc-c638-4ec0-ab5b-62998f752720","box","Ff chchobo bundle"
"Marauding Blight-Priest","fdn","Foundations","178","common","en",1,"NM","nonfoil",false,false,false,0.28,0.13,0.36,0.28,0,0,"5f70dafc-c638-4ec0-ab5b-62998f752720","box","Avatar bundle"
"Phyrexian Arena","fdn","Foundations","180","rare","en",1,"NM","nonfoil",false,false,false,4.07,3.19,5.28,3.92,0,0,"0784b6f0-9ebf-43d2-ba0f-a6bc93ba0c48","box","Ff chchobo bundle"
"Phyrexian Arena","fdn","Foundations","180","rare","en",1,"NM","nonfoil",false,false,false,4.07,3.19,5.28,3.92,0,0,"0784b6f0-9ebf-43d2-ba0f-a6bc93ba0c48","box","Avatar bundle"
"Pilfer","fdn","Foundations","181","common","en",2,"NM","nonfoil",false,false,false,0.20,0.08,0.33,0.12,0,0,"8c7c88b5-6d09-453b-b9c1-7dcbba8f1080","box","Ff chchobo bundle"
"Reassembling Skeleton","fdn","Foundations","182","uncommon","en",1,"NM","nonfoil",false,false,false,0.23,0.12,0.36,0.25,0,0,"28e84b1b-1c05-4e1b-93b8-9cc2ca73509d","box","Avatar bundle"
"Stromkirk Bloodthief","fdn","Foundations","185","uncommon","en",1,"NM","nonfoil",false,false,false,0.16,0.08,0.25,0.19,0,0,"485d6a5a-2054-47d5-91b8-71ce308ed4dc","box","Ff chchobo bundle"
"Stromkirk Bloodthief","fdn","Foundations","185","uncommon","en",1,"NM","nonfoil",false,false,false,0.16,0.08,0.25,0.19,0,0,"485d6a5a-2054-47d5-91b8-71ce308ed4dc","box","Foundation"
"Vampire Nighthawk","fdn","Foundations","186","uncommon","en",1,"NM","nonfoil",false,false,false,0.24,0.19,0.35,0.25,0,0,"0a1934ab-3171-4fc6-8033-ad998899ba73","box","Foundation"
"Zombify","fdn","Foundations","187","uncommon","en",1,"NM","nonfoil",false,false,false,0.26,0.14,0.37,0.20,0,0,"dc798e6f-13c4-457c-b052-b7b65bc83cfe","box","Foundation"
"Zombify","fdn","Foundations","187","uncommon","en",1,"NM","nonfoil",false,false,false,0.26,0.14,0.37,0.20,0,0,"dc798e6f-13c4-457c-b052-b7b65bc83cfe","box","Ff chchobo bundle"
"Axgard Cavalry","fdn","Foundations","189","common","en",2,"NM","nonfoil",false,false,false,0.23,0.14,0.32,0.21,0,0,"fe3cc41a-adae-4c9b-b4d3-03f3ca862fed","box","Avatar bundle"
"Axgard Cavalry","fdn","Foundations","189","common","en",1,"NM","nonfoil",false,false,false,0.23,0.14,0.32,0.21,0,0,"fe3cc41a-adae-4c9b-b4d3-03f3ca862fed","box","Foundation"
"Brazen Scourge","fdn","Foundations","191","uncommon","en",1,"NM","nonfoil",false,false,false,0.05,0.07,0.06,0.08,0,0,"eb84b86c-3276-4fc1-a09d-47de388cb729","box","Avatar bundle"
"Brazen Scourge","fdn","Foundations","191","uncommon","en",1,"NM","nonfoil",false,false,false,0.05,0.07,0.06,0.08,0,0,"eb84b86c-3276-4fc1-a09d-47de388cb729","box","Foundation"
"Burst Lightning","fdn","Foundations","192","common","en",7,"NM","nonfoil",false,false,false,0.24,0.18,0.36,0.25,0,0,"aec5d380-d354-4750-931a-6c91853e2edc","box","Foundation"
"Burst Lightning","fdn","Foundations","192","common","en",1,"NM","nonfoil",false,false,false,0.24,0.18,0.36,0.25,0,0,"aec5d380-d354-4750-931a-6c91853e2edc","box","Ff chchobo bundle"
"Fanatical Firebrand","fdn","Foundations","195","common","en",1,"NM","nonfoil",false,false,false,0.19,0.10,0.30,0.13,0,0,"d1296316-7781-4e98-95e6-7020648be6a5","box","Foundation"
"Fanatical Firebrand","fdn","Foundations","195","common","en",1,"NM","nonfoil",false,false,false,0.19,0.10,0.30,0.13,0,0,"d1296316-7781-4e98-95e6-7020648be6a5","box","Ff chchobo bundle"
"Fanatical Firebrand","fdn","Foundations","195","common","en",3,"NM","nonfoil",false,false,false,0.19,0.10,0.30,0.13,0,0,"d1296316-7781-4e98-95e6-7020648be6a5","box","Avatar bundle"
"Firebrand Archer","fdn","Foundations","196","common","en",2,"NM","nonfoil",false,false,false,0.27,0.13,0.39,0.29,0,0,"fe0312f1-4c98-4b7f-8a34-0059ea80edef","box","Avatar bundle"
"Firespitter Whelp","fdn","Foundations","197","uncommon","en",1,"NM","nonfoil",false,false,false,0.27,0.25,0.33,0.27,0,0,"4b3a4c7d-3126-4bde-9dca-cb6a1e2f37c9","box","Avatar bundle"
"Goblin Surprise","fdn","Foundations","200","common","en",1,"NM","nonfoil",false,false,false,0.22,0.03,0.41,0.18,0,0,"527dd5d4-5f72-40bb-8a9d-1f5ac3f81e2e","box","Ff chchobo bundle"
"Goblin Surprise","fdn","Foundations","200","common","en",2,"NM","nonfoil",false,false,false,0.22,0.03,0.41,0.18,0,0,"527dd5d4-5f72-40bb-8a9d-1f5ac3f81e2e","box","Avatar bundle"
"Heartfire Immolator","fdn","Foundations","201","uncommon","en",1,"NM","nonfoil",false,false,false,0.21,0.09,0.23,0.21,0,0,"3ca38f4d-01f5-4a02-9000-01261a440dbf","box","Avatar bundle"
"Heartfire Immolator","fdn","Foundations","201","uncommon","en",2,"NM","nonfoil",false,false,false,0.21,0.09,0.23,0.21,0,0,"3ca38f4d-01f5-4a02-9000-01261a440dbf","box","Foundation"
"Hidetsugu's Second Rite","fdn","Foundations","202","uncommon","en",1,"NM","nonfoil",false,false,false,0.16,0.06,0.12,0.11,0,0,"609421da-8d89-4365-b18b-778832d91482","box","Foundation"
"Hidetsugu's Second Rite","fdn","Foundations","202","uncommon","en",1,"NM","nonfoil",false,false,false,0.16,0.06,0.12,0.11,0,0,"609421da-8d89-4365-b18b-778832d91482","box","Avatar bundle"
"Involuntary Employment","fdn","Foundations","203","common","en",2,"NM","nonfoil",false,false,false,0.23,0.11,0.30,0.14,0,0,"f3ad3d62-2f24-4562-b3fa-809213dbc4a4","box","Avatar bundle"
"Involuntary Employment","fdn","Foundations","203","common","en",2,"NM","nonfoil",false,false,false,0.23,0.11,0.30,0.14,0,0,"f3ad3d62-2f24-4562-b3fa-809213dbc4a4","box","Ff chchobo bundle"
"Involuntary Employment","fdn","Foundations","203","common","en",1,"NM","nonfoil",false,false,false,0.23,0.11,0.30,0.14,0,0,"f3ad3d62-2f24-4562-b3fa-809213dbc4a4","box","Foundation"
"Seismic Rupture","fdn","Foundations","205","uncommon","en",1,"NM","nonfoil",false,false,false,0.07,0.05,0.12,0.02,0,0,"2519a51a-26a0-4884-9ba8-9db135c9ee49","box","Foundation"
"Seismic Rupture","fdn","Foundations","205","uncommon","en",1,"NM","nonfoil",false,false,false,0.07,0.05,0.12,0.02,0,0,"2519a51a-26a0-4884-9ba8-9db135c9ee49","box","Ff chchobo bundle"
"Shivan Dragon","fdn","Foundations","206","uncommon","en",1,"NM","nonfoil",false,false,false,0.13,0.05,0.14,0.02,0,0,"1fcff1e0-2745-448d-a27b-e31719e222e9","box","Ff chchobo bundle"
"Spitfire Lagac","fdn","Foundations","208","common","en",2,"NM","nonfoil",false,false,false,0.23,0.07,0.30,0.19,0,0,"30f600cd-b696-4f49-9cbc-5a33aa43d04c","box","Avatar bundle"
"Sure Strike","fdn","Foundations","209","common","en",2,"NM","nonfoil",false,false,false,0.09,0.03,0.15,0.02,0,0,"5de6a1e4-5c66-43e6-9f2a-2635bdab03f6","box","Ff chchobo bundle"
"Thrill of Possibility","fdn","Foundations","210","common","en",1,"NM","nonfoil",false,false,false,0.26,0.07,0.35,0.14,0,0,"882b348c-076b-41d8-b505-063480636669","box","Foundation"
"Thrill of Possibility","fdn","Foundations","210","common","en",2,"NM","nonfoil",false,false,false,0.26,0.07,0.35,0.14,0,0,"882b348c-076b-41d8-b505-063480636669","box","Avatar bundle"
"Thrill of Possibility","fdn","Foundations","210","common","en",1,"NM","nonfoil",false,false,false,0.26,0.07,0.35,0.14,0,0,"882b348c-076b-41d8-b505-063480636669","box","Ff chchobo bundle"
"Affectionate Indrik","fdn","Foundations","211","uncommon","en",1,"NM","nonfoil",false,false,false,0.13,0.04,0.16,0.09,0,0,"2da8347d-06a4-46e0-a55e-cc2da4660263","box","Ff chchobo bundle"
"Affectionate Indrik","fdn","Foundations","211","uncommon","en",1,"NM","nonfoil",false,false,false,0.13,0.04,0.16,0.09,0,0,"2da8347d-06a4-46e0-a55e-cc2da4660263","box","Avatar bundle"
"Bite Down","fdn","Foundations","212","common","en",1,"NM","nonfoil",false,false,false,0.19,0.07,0.35,0.21,0,0,"f8d70b3b-f6f9-4b3c-ad70-0ce369e812b5","box","Avatar bundle"
"Bite Down","fdn","Foundations","212","common","en",1,"NM","nonfoil",false,false,false,0.19,0.07,0.35,0.21,0,0,"f8d70b3b-f6f9-4b3c-ad70-0ce369e812b5","box","Foundation"
"Blanchwood Armor","fdn","Foundations","213","uncommon","en",1,"NM","nonfoil",false,false,false,0.22,0.09,0.29,0.09,0,0,"1fd7ec1a-dafa-42ca-bc25-f6848fb03f60","box","Avatar bundle"
"Broken Wings","fdn","Foundations","214","common","en",2,"NM","nonfoil",false,false,false,0.20,0.08,0.22,0.13,0,0,"61f9cbeb-cc9c-4562-be65-8a77053faefe","box","Foundation"
"Broken Wings","fdn","Foundations","214","common","en",1,"NM","nonfoil",false,false,false,0.20,0.08,0.22,0.13,0,0,"61f9cbeb-cc9c-4562-be65-8a77053faefe","box","Ff chchobo bundle"
"Bushwhack","fdn","Foundations","215","common","en",1,"NM","nonfoil",false,false,false,0.21,0.14,0.36,0.22,0,0,"03ebdb36-55e0-49dd-a514-785fbeb4ae19","box","Foundation"
"Bushwhack","fdn","Foundations","215","common","en",2,"NM","nonfoil",false,false,false,0.21,0.14,0.36,0.22,0,0,"03ebdb36-55e0-49dd-a514-785fbeb4ae19","box","Avatar bundle"
"Doubling Season","fdn","Foundations","216","mythic","en",1,"NM","nonfoil",false,false,false,29.97,19.98,36.04,22.46,0,0,"f2c4f80e-84a0-463b-82c3-5c6503809351","box","Avatar bundle"
"Dwynen, Gilt-Leaf Daen","fdn","Foundations","217","uncommon","en",1,"NM","nonfoil",false,false,false,0.31,0.17,0.36,0.38,0,0,"01c00d7b-7fac-4f8c-a1ea-de2cf4d06627","box","Avatar bundle"
"Dwynen's Elite","fdn","Foundations","218","common","en",3,"NM","nonfoil",false,false,false,0.22,0.15,0.30,0.11,0,0,"89d94c28-ea2e-4a3d-935f-6b2d9f2efc7a","box","Foundation"
"Dwynen's Elite","fdn","Foundations","218","common","en",1,"NM","nonfoil",false,false,false,0.22,0.15,0.30,0.11,0,0,"89d94c28-ea2e-4a3d-935f-6b2d9f2efc7a","box","Ff chchobo bundle"
"Dwynen's Elite","fdn","Foundations","218","common","en",1,"NM","nonfoil",false,false,false,0.22,0.15,0.30,0.11,0,0,"89d94c28-ea2e-4a3d-935f-6b2d9f2efc7a","box","Avatar bundle"
"Elvish Archdruid","fdn","Foundations","219","rare","en",1,"NM","nonfoil",false,false,false,0.36,0.53,0.53,0.74,0,0,"341da856-7414-403b-b2e3-4bebd58a5aa4","box","Avatar bundle"
"Genesis Wave","fdn","Foundations","221","rare","en",1,"NM","nonfoil",false,false,false,0.34,0.35,0.44,0.42,0,0,"d46f7ddb-f986-4f1f-b096-ae1a02d0bdc8","box","Avatar bundle"
"Ghalta, Primal Hunger","fdn","Foundations","222","rare","en",1,"NM","nonfoil",false,false,false,1.27,0.94,1.57,1.02,0,0,"6a9c39e4-a8cf-42dd-8d0e-45634b335546","box","Avatar bundle"
"Giant Growth","fdn","Foundations","223","common","en",1,"NM","nonfoil",false,false,false,0.27,0.10,0.32,0.12,0,0,"bd0bf74e-14c1-4428-88d8-2181a080b5d0","box","Foundation"
"Gnarlid Colony","fdn","Foundations","224","common","en",3,"NM","nonfoil",false,false,false,0.18,0.07,0.23,0.16,0,0,"47565d10-96bf-4fb0-820f-f20a44a76b6f","box","Avatar bundle"
"Grow from the Ashes","fdn","Foundations","225","common","en",2,"NM","nonfoil",false,false,false,0.23,0.05,0.29,0.19,0,0,"42525f8a-aee7-4811-8f05-471b559c2c4a","box","Ff chchobo bundle"
"Inspiring Call","fdn","Foundations","226","uncommon","en",1,"NM","nonfoil",false,false,false,0.33,0.35,0.40,0.60,0,0,"3e241642-5172-4437-b694-f6aa159d5cd9","box","Foundation"
"Llanowar Elves","fdn","Foundations","227","common","en",8,"NM","nonfoil",false,false,false,0.57,0.24,1.88,0.34,0,0,"6a0b230b-d391-4998-a3f7-7b158a0ec2cd","box","Foundation"
"Llanowar Elves","fdn","Foundations","227","common","en",1,"NM","nonfoil",false,false,false,0.57,0.24,1.88,0.34,0,0,"6a0b230b-d391-4998-a3f7-7b158a0ec2cd","box","Avatar bundle"
"Llanowar Elves","fdn","Foundations","227","common","en",1,"NM","nonfoil",false,false,false,0.57,0.24,1.88,0.34,0,0,"6a0b230b-d391-4998-a3f7-7b158a0ec2cd","box","Ff chchobo bundle"
"Mild-Mannered Librarian","fdn","Foundations","228","uncommon","en",1,"NM","nonfoil",false,false,false,0.10,0.12,0.15,0.09,0,0,"5389663a-fe25-41b9-8c92-1f4d7721ffc2","box","Avatar bundle"
"Nessian Hornbeetle","fdn","Foundations","229","uncommon","en",1,"NM","nonfoil",false,false,false,0.22,0.09,0.16,0.15,0,0,"3d4d93de-85c6-4653-8ddd-d8bf21516d44","box","Foundation"
"Nessian Hornbeetle","fdn","Foundations","229","uncommon","en",1,"NM","nonfoil",false,false,false,0.22,0.09,0.16,0.15,0,0,"3d4d93de-85c6-4653-8ddd-d8bf21516d44","box","Ff chchobo bundle"
"Overrun","fdn","Foundations","230","uncommon","en",1,"NM","nonfoil",false,false,false,0.26,0.19,0.34,0.28,0,0,"1d8e9cbb-8bf4-4a48-a58e-79deb3abdf7f","box","Ff chchobo bundle"
"Overrun","fdn","Foundations","230","uncommon","en",1,"NM","nonfoil",false,false,false,0.26,0.19,0.34,0.28,0,0,"1d8e9cbb-8bf4-4a48-a58e-79deb3abdf7f","box","Avatar bundle"
"Overrun","fdn","Foundations","230","uncommon","en",1,"NM","nonfoil",false,false,false,0.26,0.19,0.34,0.28,0,0,"1d8e9cbb-8bf4-4a48-a58e-79deb3abdf7f","box","Foundation"
"Reclamation Sage","fdn","Foundations","231","uncommon","en",1,"NM","nonfoil",false,false,false,0.28,0.14,0.34,0.17,0,0,"1918ea65-ab7f-4d40-97fd-a656c892a2a1","box","Avatar bundle"
"Snakeskin Veil","fdn","Foundations","233","uncommon","en",2,"NM","nonfoil",false,false,false,0.25,0.09,0.37,0.24,0,0,"6cc4c21d-9bdc-4490-9203-17f51db0ddd1","box","Avatar bundle"
"Wary Thespian","fdn","Foundations","235","common","en",1,"NM","nonfoil",false,false,false,0.11,0.04,0.21,0.05,0,0,"a3d62d04-0974-4cb5-9a35-5e996c6456e2","box","Ff chchobo bundle"
"Wary Thespian","fdn","Foundations","235","common","en",1,"NM","nonfoil",false,false,false,0.11,0.04,0.21,0.05,0,0,"a3d62d04-0974-4cb5-9a35-5e996c6456e2","box","Avatar bundle"
"Wildwood Scourge","fdn","Foundations","236","uncommon","en",1,"NM","nonfoil",false,false,false,0.23,0.14,0.33,0.20,0,0,"36359fb6-fb8c-4382-8555-e348422f116c","box","Avatar bundle"
"Wildwood Scourge","fdn","Foundations","236","uncommon","en",1,"NM","nonfoil",false,false,false,0.23,0.14,0.33,0.20,0,0,"36359fb6-fb8c-4382-8555-e348422f116c","box","Foundation"
"Consuming Aberration","fdn","Foundations","238","rare","en",1,"NM","nonfoil",false,false,false,0.30,0.20,0.40,0.18,0,0,"bc2b28fd-66b0-457c-80ea-7caed2cc7926","box","Foundation"
"Empyrean Eagle","fdn","Foundations","239","uncommon","en",1,"NM","nonfoil",false,false,false,0.26,0.18,0.37,0.40,0,0,"577e99a7-4a55-4314-8f08-2ae0c33b85c7","box","Foundation"
"Empyrean Eagle","fdn","Foundations","239","uncommon","en",1,"NM","nonfoil",false,false,false,0.26,0.18,0.37,0.40,0,0,"577e99a7-4a55-4314-8f08-2ae0c33b85c7","box","Avatar bundle"
"Good-Fortune Unicorn","fdn","Foundations","240","uncommon","en",1,"NM","nonfoil",false,false,false,0.28,0.16,0.38,0.19,0,0,"eabbe163-2b15-42e3-89ce-7363e6250d3a","box","Avatar bundle"
"Good-Fortune Unicorn","fdn","Foundations","240","uncommon","en",1,"NM","nonfoil",false,false,false,0.28,0.16,0.38,0.19,0,0,"eabbe163-2b15-42e3-89ce-7363e6250d3a","box","Ff chchobo bundle"
"Heroic Reinforcements","fdn","Foundations","241","uncommon","en",1,"NM","nonfoil",false,false,false,0.17,0.06,0.14,0.11,0,0,"6a05e8d5-c2ad-489a-888d-22622886b620","box","Avatar bundle"
"Heroic Reinforcements","fdn","Foundations","241","uncommon","en",1,"NM","nonfoil",false,false,false,0.17,0.06,0.14,0.11,0,0,"6a05e8d5-c2ad-489a-888d-22622886b620","box","Ff chchobo bundle"
"Heroic Reinforcements","fdn","Foundations","241","uncommon","en",1,"NM","nonfoil",false,false,false,0.17,0.06,0.14,0.11,0,0,"6a05e8d5-c2ad-489a-888d-22622886b620","box","Foundation"
"Lathril, Blade of the Elves","fdn","Foundations","242","rare","en",1,"NM","nonfoil",false,false,false,1.54,1.15,1.82,1.59,0,0,"8d4e5480-a287-4a25-b855-a26dae555b1c","box","Ff chchobo bundle"
"Ruby, Daring Tracker","fdn","Foundations","245","uncommon","en",1,"NM","nonfoil",false,false,false,0.24,0.13,0.35,0.22,0,0,"fe3e7dd2-b66d-4218-9fde-f84bec26b7bf","box","Avatar bundle"
"Ruby, Daring Tracker","fdn","Foundations","245","uncommon","en",1,"NM","nonfoil",false,false,false,0.24,0.13,0.35,0.22,0,0,"fe3e7dd2-b66d-4218-9fde-f84bec26b7bf","box","Foundation"
"Tatyova, Benthic Druid","fdn","Foundations","247","uncommon","en",1,"NM","nonfoil",false,false,false,0.25,0.15,0.38,0.22,0,0,"eabc978a-0666-472d-bdc6-d4b29d29eca4","box","Ff chchobo bundle"
"Tatyova, Benthic Druid","fdn","Foundations","247","uncommon","en",1,"NM","nonfoil",false,false,false,0.25,0.15,0.38,0.22,0,0,"eabc978a-0666-472d-bdc6-d4b29d29eca4","box","Foundation"
"Thousand-Year Storm","fdn","Foundations","248","rare","en",1,"NM","nonfoil",false,false,false,0.93,0.49,1.42,0.59,0,0,"76c48a67-1410-40f1-9b93-0172d85e4688","box","Ff chchobo bundle"
"Burnished Hart","fdn","Foundations","250","uncommon","en",1,"NM","nonfoil",false,false,false,0.28,0.08,0.36,0.14,0,0,"65ebbff0-fbe6-4310-a33f-e00bb2534979","box","Foundation"
"Burnished Hart","fdn","Foundations","250","uncommon","en",1,"NM","nonfoil",false,false,false,0.28,0.08,0.36,0.14,0,0,"65ebbff0-fbe6-4310-a33f-e00bb2534979","box","Avatar bundle"
"Campus Guide","fdn","Foundations","251","common","en",1,"NM","nonfoil",false,false,false,0.20,0.03,0.12,0.04,0,0,"43c59814-3167-4b05-bb85-6c736f3956a4","box","Ff chchobo bundle"
"Gleaming Barrier","fdn","Foundations","252","common","en",1,"NM","nonfoil",false,false,false,0.20,0.04,0.24,0.11,0,0,"1b49b009-e6f2-494a-9235-f5c25c2d70a9","box","Ff chchobo bundle"
"Gleaming Barrier","fdn","Foundations","252","common","en",1,"NM","nonfoil",false,false,false,0.20,0.04,0.24,0.11,0,0,"1b49b009-e6f2-494a-9235-f5c25c2d70a9","box","Avatar bundle"
"Goldvein Pick","fdn","Foundations","253","common","en",2,"NM","nonfoil",false,false,false,0.36,0.10,0.36,0.24,0,0,"a241317d-2277-467e-a8f9-aa71c944e244","box","Avatar bundle"
"Goldvein Pick","fdn","Foundations","253","common","en",1,"NM","nonfoil",false,false,false,0.36,0.10,0.36,0.24,0,0,"a241317d-2277-467e-a8f9-aa71c944e244","box","Ff chchobo bundle"
"Goldvein Pick","fdn","Foundations","253","common","en",1,"NM","nonfoil",false,false,false,0.36,0.10,0.36,0.24,0,0,"a241317d-2277-467e-a8f9-aa71c944e244","box","Foundation"
"Heraldic Banner","fdn","Foundations","254","uncommon","en",2,"NM","nonfoil",false,false,false,0.30,0.19,0.41,0.41,0,0,"743ea709-dbb3-4db8-a2ce-544f47eb6339","box","Ff chchobo bundle"
"Heraldic Banner","fdn","Foundations","254","uncommon","en",1,"NM","nonfoil",false,false,false,0.30,0.19,0.41,0.41,0,0,"743ea709-dbb3-4db8-a2ce-544f47eb6339","box","Foundation"
"Juggernaut","fdn","Foundations","255","uncommon","en",1,"NM","nonfoil",false,false,false,0.07,0.05,0.10,0.02,0,0,"f4468fff-cd6f-428c-b7a0-ff89f5bbea2e","box","Avatar bundle"
"Meteor Golem","fdn","Foundations","256","uncommon","en",1,"NM","nonfoil",false,false,false,0.25,0.09,0.26,0.19,0,0,"d291ea1e-36bc-46b3-b3ae-084fa0ba69eb","box","Foundation"
"Meteor Golem","fdn","Foundations","256","uncommon","en",1,"NM","nonfoil",false,false,false,0.25,0.09,0.26,0.19,0,0,"d291ea1e-36bc-46b3-b3ae-084fa0ba69eb","box","Ff chchobo bundle"
"Bloodfell Caves","fdn","Foundations","259","common","en",2,"NM","nonfoil",false,false,false,0.26,0.02,0.30,0.02,0,0,"8b90dc92-cb66-41d9-89f9-2b6e3cfc8082","box","Foundation"
"Bloodfell Caves","fdn","Foundations","259","common","en",1,"NM","nonfoil",false,false,false,0.26,0.02,0.30,0.02,0,0,"8b90dc92-cb66-41d9-89f9-2b6e3cfc8082","box","Ff chchobo bundle"
"Blossoming Sands","fdn","Foundations","260","common","en",1,"NM","nonfoil",false,false,false,0.24,0.07,0.31,0.14,0,0,"37676ed8-588c-4bca-8065-874b74d84807","box","Foundation"
"Blossoming Sands","fdn","Foundations","260","common","en",1,"NM","nonfoil",false,false,false,0.24,0.07,0.31,0.14,0,0,"37676ed8-588c-4bca-8065-874b74d84807","box","Ff chchobo bundle"
"Dismal Backwater","fdn","Foundations","261","common","en",2,"NM","nonfoil",false,false,false,0.26,0.05,0.28,0.11,0,0,"dbb0df36-8467-4a41-8e1c-6c3584d4fd10","box","Ff chchobo bundle"
"Dismal Backwater","fdn","Foundations","261","common","en",2,"NM","nonfoil",false,false,false,0.26,0.05,0.28,0.11,0,0,"dbb0df36-8467-4a41-8e1c-6c3584d4fd10","box","Foundation"
"Evolving Wilds","fdn","Foundations","262","common","en",1,"NM","nonfoil",false,false,false,0.30,0.08,0.32,0.11,0,0,"3a0b9356-5b91-4542-8802-f0f7275238e1","box","Ff chchobo bundle"
"Evolving Wilds","fdn","Foundations","262","common","en",2,"NM","nonfoil",false,false,false,0.30,0.08,0.32,0.11,0,0,"3a0b9356-5b91-4542-8802-f0f7275238e1","box","Foundation"
"Jungle Hollow","fdn","Foundations","263","common","en",2,"NM","nonfoil",false,false,false,0.28,0.05,0.32,0.23,0,0,"dc758e14-d370-45e4-bbc5-938fb4d21127","box","Ff chchobo bundle"
"Jungle Hollow","fdn","Foundations","263","common","en",1,"NM","nonfoil",false,false,false,0.28,0.05,0.32,0.23,0,0,"dc758e14-d370-45e4-bbc5-938fb4d21127","box","Foundation"
"Rogue's Passage","fdn","Foundations","264","uncommon","en",1,"NM","nonfoil",false,false,false,0.37,0.35,1.01,1.09,0,0,"a2a424ea-ef32-4ac5-8f8c-3ea1839f01d4","box","Foundation"
"Rugged Highlands","fdn","Foundations","265","common","en",2,"NM","nonfoil",false,false,false,0.26,0.10,0.27,0.04,0,0,"fd6eaf8e-8881-4d7b-bafc-75e4ca5cbef6","box","Foundation"
"Rugged Highlands","fdn","Foundations","265","common","en",2,"NM","nonfoil",false,false,false,0.26,0.10,0.27,0.04,0,0,"fd6eaf8e-8881-4d7b-bafc-75e4ca5cbef6","box","Ff chchobo bundle"
"Scoured Barrens","fdn","Foundations","266","common","en",2,"NM","nonfoil",false,false,false,0.29,0.11,0.31,0.02,0,0,"2632a4b2-9ca6-4b67-9a99-14f52ad3dc41","box","Foundation"
"Secluded Courtyard","fdn","Foundations","267","uncommon","en",3,"NM","nonfoil",false,false,false,0.34,0.32,0.41,0.60,0,0,"d13373d2-139b-48c7-a8c9-828cefc4f150","box","Foundation"
"Secluded Courtyard","fdn","Foundations","267","uncommon","en",1,"NM","nonfoil",false,false,false,0.34,0.32,0.41,0.60,0,0,"d13373d2-139b-48c7-a8c9-828cefc4f150","box","Ff chchobo bundle"
"Secluded Courtyard","fdn","Foundations","267","uncommon","en",1,"NM","nonfoil",false,false,false,0.34,0.32,0.41,0.60,0,0,"d13373d2-139b-48c7-a8c9-828cefc4f150","box","Avatar bundle"
"Swiftwater Cliffs","fdn","Foundations","268","common","en",2,"NM","nonfoil",false,false,false,0.27,0.07,0.25,0.06,0,0,"fb88667d-7088-4889-960f-317486ebe856","box","Foundation"
"Swiftwater Cliffs","fdn","Foundations","268","common","en",1,"NM","nonfoil",false,false,false,0.27,0.07,0.25,0.06,0,0,"fb88667d-7088-4889-960f-317486ebe856","box","Ff chchobo bundle"
"Thornwood Falls","fdn","Foundations","269","common","en",2,"NM","nonfoil",false,false,false,0.24,0.05,0.24,0.09,0,0,"42799f51-0f8c-444b-974e-dae281a5c697","box","Ff chchobo bundle"
"Thornwood Falls","fdn","Foundations","269","common","en",2,"NM","nonfoil",false,false,false,0.24,0.05,0.24,0.09,0,0,"42799f51-0f8c-444b-974e-dae281a5c697","box","Foundation"
"Tranquil Cove","fdn","Foundations","270","common","en",2,"NM","nonfoil",false,false,false,0.30,0.05,0.26,0.02,0,0,"7c9cabca-5bcc-4b97-b2ac-a345ad3ee43c","box","Foundation"
"Tranquil Cove","fdn","Foundations","270","common","en",2,"NM","nonfoil",false,false,false,0.30,0.05,0.26,0.02,0,0,"7c9cabca-5bcc-4b97-b2ac-a345ad3ee43c","box","Ff chchobo bundle"
"Wind-Scarred Crag","fdn","Foundations","271","common","en",1,"NM","nonfoil",false,false,false,0.28,0.06,0.32,0.03,0,0,"759e99df-11a8-4aee-b6bc-344e84e10d94","box","Ff chchobo bundle"
"Wind-Scarred Crag","fdn","Foundations","271","common","en",1,"NM","foil",false,false,false,0.28,0.06,0.32,0.03,0,0,"759e99df-11a8-4aee-b6bc-344e84e10d94","box","Ff chchobo bundle"
"Wind-Scarred Crag","fdn","Foundations","271","common","en",2,"NM","nonfoil",false,false,false,0.28,0.06,0.32,0.03,0,0,"759e99df-11a8-4aee-b6bc-344e84e10d94","box","Foundation"
"Swamp","fdn","Foundations","286","common","en",1,"NM","nonfoil",false,false,false,0.63,0.82,1.55,1.49,0,0,"6f23a73a-522b-40cf-a14b-ffdf47a24c01","box","Ff chchobo bundle"
"Archmage of Runes","fdn","Foundations","304","rare","en",1,"NM","nonfoil",false,false,false,5.01,5.20,7.35,7.66,0,0,"15f15cc5-c3dc-4830-aa55-13080c738739","box","Ff chchobo bundle"
"Refute","fdn","Foundations","313","common","en",1,"NM","nonfoil",false,false,false,0.22,0.19,0.34,0.22,0,0,"26a65d5b-d07e-4ff0-900a-30d509ce0f35","box","Foundation"
"Refute","fdn","Foundations","313","common","en",1,"NM","nonfoil",false,false,false,0.22,0.19,0.34,0.22,0,0,"26a65d5b-d07e-4ff0-900a-30d509ce0f35","box","Ff chchobo bundle"
"Think Twice","fdn","Foundations","315","common","en",1,"NM","nonfoil",false,false,false,0.25,0.14,0.26,0.27,0,0,"40a7e9bb-0772-4539-bbf9-7a95d5e47947","box","Avatar bundle"
"Nine-Lives Familiar","fdn","Foundations","321","rare","en",1,"NM","nonfoil",false,false,false,5.71,4.40,11.13,8.10,0,0,"6cc1623f-370d-42b5-88a2-039f31e9be0b","box","Avatar bundle"
"Tinybones, Bauble Burglar","fdn","Foundations","324","rare","en",1,"NM","nonfoil",false,false,false,5.15,2.88,10.21,8.41,0,0,"daf8d5d4-b52d-42c7-aa56-c104a539133c","box","ProXy"
"Vengeful Bloodwitch","fdn","Foundations","325","uncommon","en",1,"NM","nonfoil",false,false,false,0.27,0.43,1.36,1.20,0,0,"c944c5dc-9cb6-4dfd-aa90-5e180ffaa0fe","box","Foundation"
"Vengeful Bloodwitch","fdn","Foundations","325","uncommon","en",1,"NM","nonfoil",false,false,false,0.27,0.43,1.36,1.20,0,0,"c944c5dc-9cb6-4dfd-aa90-5e180ffaa0fe","box","Ff chchobo bundle"
"Abrade","fdn","Foundations","327","uncommon","en",1,"NM","nonfoil",false,false,false,0.27,0.27,1.07,0.94,0,0,"aa74ab7c-b9de-47ab-83ea-2b98738838c7","box","Foundation"
"Reclamation Sage","fdn","Foundations","340","uncommon","en",1,"NM","nonfoil",false,false,false,0.31,0.40,0.82,0.99,0,0,"af3f0764-9d80-4e15-a402-1f93e652bcbb","box","Foundation"
"Banner of Kinship","fdn","Foundations","352","rare","en",1,"NM","nonfoil",false,false,false,9.14,7.37,15.05,11.33,0,0,"19a9b8b0-c1ba-48c3-8f90-6af6948274ee","deck","La cosa verde - Main"
"Swiftfoot Boots","fdn","Foundations","355","uncommon","en",1,"NM","nonfoil",false,false,false,2.38,2.46,7.70,5.06,0,0,"3e9b53da-4744-429d-97c6-f7ee4d568731","box","Foundation"
"Valkyrie's Call","fdn","Foundations","371","mythic","en",1,"NM","foil",false,false,false,0,18.90,31.19,21.92,0,0,"7fbb6810-6f51-4e28-a4e7-40edcffc2059","box","Ff chchobo bundle"
"Ashroot Animist","fdn","Foundations","406","rare","en",1,"NM","foil",false,false,false,0,1.66,5.83,3.10,0,0,"d1e3dcae-c1d5-46ba-8d0d-021968992d76","box","Avatar bundle"
"Bloodthirsty Conqueror","fdn","Foundations","426","mythic","en",1,"NM","foil",false,false,false,0,44.89,149.08,89.48,0,0,"feb45b34-a1e7-4861-b0fe-b701aa5e894a","box","ProXy"
"Electroduplicate","fdn","Foundations","465","rare","en",1,"NM","nonfoil",false,false,false,1.19,0.76,1.48,0.95,0,0,"cec6ab9e-99f7-4296-b8b2-6cdfa91c5fba","box","Foundation"
"Electroduplicate","fdn","Foundations","465","rare","en",1,"NM","nonfoil",false,false,false,1.19,0.76,1.48,0.95,0,0,"cec6ab9e-99f7-4296-b8b2-6cdfa91c5fba","box","Ff chchobo bundle"
"Niv-Mizzet, Visionary","fdn","Foundations","482","mythic","en",1,"NM","nonfoil",false,false,false,8.50,7.42,10.89,8.50,0,0,"76503c75-ff97-4c27-a55b-74c3e68578c9","box","Ff chchobo bundle"
"Banner of Kinship","fdn","Foundations","484","rare","en",1,"NM","nonfoil",false,false,false,8.21,6.92,10.71,7.38,0,0,"e4709aed-a74b-4319-87c1-40f14cca6dad","box","Avatar bundle"
"Inspiring Overseer","fdn","Foundations","496","common","en",1,"NM","nonfoil",false,false,false,0.16,0.20,0,0,0,0,"c3e9aa54-e5d5-4cbb-9d2a-263b9eba398f","box","Foundation"
"Into the Roil","fdn","Foundations","509","common","en",1,"NM","nonfoil",false,false,false,0.10,0.09,0,0,0,0,"25edefa9-9fff-4b71-83ae-696c196a795c","box","Foundation"
"Opt","fdn","Foundations","512","common","en",4,"NM","nonfoil",false,false,false,0.18,0.08,0,0,0,0,"58d26b54-0093-4e90-a2b1-b57c64340f9c","box","Foundation"
"Moment of Craving","fdn","Foundations","524","common","en",1,"NM","nonfoil",false,false,false,0.10,0.16,0,0,0,0,"3627f9fb-b828-49cd-887d-e2ab3ef43dfb","box","Foundation"
"Suspicious Shambler","fdn","Foundations","527","common","en",1,"NM","nonfoil",false,false,false,0.07,0.05,0,0,0,0,"3d2c5345-eb55-4bca-9183-b4e1404405f8","box","Foundation"
"Undying Malice","fdn","Foundations","528","common","en",1,"NM","nonfoil",false,false,false,0.29,0.57,0,0,0,0,"97b3cf11-e352-4ee1-8c03-13898f576ef9","box","Foundation"
"Dragon Fodder","fdn","Foundations","535","common","en",2,"NM","nonfoil",false,false,false,0.12,0.09,0,0,0,0,"f9abe517-f601-4784-8d62-2350bd755146","box","Foundation"
"Volley Veteran","fdn","Foundations","550","uncommon","en",1,"NM","nonfoil",false,false,false,0.25,0.19,0,0,0,0,"7fc914fe-e699-4a21-aa09-f3573d020b87","box","Avatar bundle"
"Thornweald Archer","fdn","Foundations","559","common","en",1,"NM","nonfoil",false,false,false,0.14,0.16,0,0,0,0,"189f6199-f2fe-49a5-89ca-3c4cb39fbf2b","box","Foundation"
"Angelic Destiny","fdn","Foundations","565","mythic","en",1,"NM","nonfoil",false,false,false,0.33,0.46,0,0,0,0,"066d73fa-369b-44a3-b1a9-d22176ac3566","box","Foundation"
"Archway Angel","fdn","Foundations","566","uncommon","en",1,"NM","nonfoil",false,false,false,0.14,0.05,0,0,0,0,"2c3ff489-bdd7-4aeb-8130-3c234d0dd3dd","box","Foundation"
"Ballyrush Banneret","fdn","Foundations","567","common","en",1,"NM","nonfoil",false,false,false,0.16,0.19,0,0,0,0,"b18a7daa-a112-4728-9123-594366694915","box","Foundation"
"Crusader of Odric","fdn","Foundations","569","common","en",1,"NM","nonfoil",false,false,false,0.18,0.09,0,0,0,0,"009029c2-26b9-498f-8765-e91c2e1f3aee","box","Foundation"
"Dawnwing Marshal","fdn","Foundations","570","uncommon","en",1,"NM","nonfoil",false,false,false,0.13,0.16,0,0,0,0,"807db84f-addb-4ef0-b9ba-32b3e1bced3d","box","Foundation"
"Devout Decree","fdn","Foundations","571","uncommon","en",1,"NM","nonfoil",false,false,false,0.19,0.07,0,0,0,0,"d174cb01-b1cf-444c-a893-cc61ddf88b8c","box","Foundation"
"Disenchant","fdn","Foundations","572","common","en",1,"NM","nonfoil",false,false,false,0.12,0.20,0,0,0,0,"7ac43e16-8b14-46f2-877a-600ea918766b","box","Foundation"
"Felidar Cub","fdn","Foundations","573","common","en",1,"NM","nonfoil",false,false,false,0.10,0.20,0,0,0,0,"0d61d50b-7ab6-45a9-b207-31d87aa2e555","box","Foundation"
"Felidar Retreat","fdn","Foundations","574","rare","en",1,"NM","nonfoil",false,false,false,1.17,1.40,0,0,0,0,"89e3cc09-5057-4c05-88fc-d6cda809fc74","box","Foundation"
"Knight of Grace","fdn","Foundations","576","uncommon","en",1,"NM","nonfoil",false,false,false,0.13,0.18,0,0,0,0,"4efb8633-0a70-4ddc-80af-42508ec75cff","box","Foundation"
"Mentor of the Meek","fdn","Foundations","578","rare","en",1,"NM","nonfoil",false,false,false,0.19,0.18,0,0,0,0,"60790977-efd4-470a-823a-6929f84016e7","box","Foundation"
"Regal Caracal","fdn","Foundations","579","rare","en",1,"NM","nonfoil",false,false,false,0.38,0.31,0,0,0,0,"b6310a82-73db-40cb-ae64-6f07f869024c","box","Foundation"
"Release the Dogs","fdn","Foundations","580","uncommon","en",1,"NM","nonfoil",false,false,false,0.13,0.19,0,0,0,0,"07f10906-4fd5-44e8-99c7-3f9dcc988c48","box","Foundation"
"Stasis Snare","fdn","Foundations","581","uncommon","en",1,"NM","nonfoil",false,false,false,0.10,0.21,0,0,0,0,"ce41e348-44c2-47f8-8e7d-da2e4d16d648","box","Foundation"
"Syr Alin, the Lion's Claw","fdn","Foundations","582","uncommon","en",1,"NM","nonfoil",false,false,false,0.12,0.06,0,0,0,0,"5d42be5f-a6a7-4699-abf7-9632de6daede","box","Foundation"
"Valorous Stance","fdn","Foundations","583","uncommon","en",1,"NM","nonfoil",false,false,false,0.13,0.13,0,0,0,0,"bc4c47e3-04b6-4760-9a80-b6acef1e4524","box","Foundation"
"Zetalpa, Primal Dawn","fdn","Foundations","584","rare","en",1,"NM","nonfoil",false,false,false,0.22,0.20,0,0,0,0,"694df80e-77d1-4455-b6f1-58d212267d76","box","Foundation"
"Chart a Course","fdn","Foundations","586","uncommon","en",1,"NM","nonfoil",false,false,false,0.13,0.19,0,0,0,0,"7599d459-fe71-48f4-8c65-0f519bb63a68","box","Foundation"
"Dictate of Kruphix","fdn","Foundations","587","rare","en",1,"NM","nonfoil",false,false,false,0.32,0.49,0,0,0,0,"b5e4087b-e692-4eb2-bb59-ff2a001d6dd4","box","Foundation"
"Finale of Revelation","fdn","Foundations","589","mythic","en",1,"NM","nonfoil",false,false,false,0.30,0.32,0,0,0,0,"0a77e063-e8f6-4cb2-954e-74cf41ce73da","box","Foundation"
"Flashfreeze","fdn","Foundations","590","uncommon","en",1,"NM","nonfoil",false,false,false,0.13,0.22,0,0,0,0,"91e37a7e-6093-4ef5-b6e4-4aa800ddfc1b","box","Foundation"
"Fog Bank","fdn","Foundations","591","uncommon","en",1,"NM","nonfoil",false,false,false,0.14,0.13,0,0,0,0,"18748b1d-4161-482c-a726-8762b4c1819c","box","Foundation"
"Gateway Sneak","fdn","Foundations","592","uncommon","en",1,"NM","nonfoil",false,false,false,0.12,0.09,0,0,0,0,"3834176f-29c5-4511-87d6-75d0c348a770","box","Foundation"
"Harbinger of the Tides","fdn","Foundations","593","rare","en",1,"NM","nonfoil",false,false,false,0.13,0.24,0,0,0,0,"9ca4f70d-ec17-49a4-8968-598ecdbe8243","box","Foundation"
"River's Rebuke","fdn","Foundations","595","rare","en",1,"NM","nonfoil",false,false,false,0.31,0.40,0,0,0,0,"32ae984e-5d1e-4497-9a71-7406f78c09f3","box","Foundation"
"Shipwreck Dowser","fdn","Foundations","596","uncommon","en",1,"NM","nonfoil",false,false,false,0.11,0.19,0,0,0,0,"1f20fe3d-792a-4030-a25c-e81b48b2bcb4","box","Foundation"
"Tempest Djinn","fdn","Foundations","598","rare","en",1,"NM","nonfoil",false,false,false,0.13,0.17,0,0,0,0,"7766506c-bc18-4ac3-9034-e8f7e54c4039","box","Foundation"
"Voracious Greatshark","fdn","Foundations","600","rare","en",1,"NM","nonfoil",false,false,false,0.12,0.13,0,0,0,0,"c27b40dd-9b2a-4a99-a984-ee9cfdb091a1","box","Foundation"
"Deathmark","fdn","Foundations","601","uncommon","en",1,"NM","nonfoil",false,false,false,0.15,0.17,0,0,0,0,"42592d75-593e-4719-b13b-bca374017e79","box","Foundation"
"Demonic Pact","fdn","Foundations","602","mythic","en",1,"NM","nonfoil",false,false,false,0.29,0.57,0,0,0,0,"5b0b7242-df91-48cf-bf4e-b68306c9965f","box","Foundation"
"Desecration Demon","fdn","Foundations","603","rare","en",1,"NM","nonfoil",false,false,false,0.19,0.28,0,0,0,0,"52bf6460-0df6-4dd3-8af8-df728683bcaa","box","Foundation"
"Dread Summons","fdn","Foundations","604","rare","en",1,"NM","nonfoil",false,false,false,0.22,0.23,0,0,0,0,"dfb5dd33-6e5b-4d78-92fa-678c9f01c606","box","Foundation"
"Knight of Malice","fdn","Foundations","608","uncommon","en",1,"NM","nonfoil",false,false,false,0.14,0.09,0,0,0,0,"bb678e10-e5a4-4143-8e49-7b523118674e","box","Foundation"
"Midnight Reaper","fdn","Foundations","609","rare","en",1,"NM","nonfoil",false,false,false,0.23,0.23,0,0,0,0,"f229b0e6-1ffd-410e-b04b-a0afc179c58c","box","Foundation"
"Myojin of Night's Reach","fdn","Foundations","610","rare","en",1,"NM","nonfoil",false,false,false,0.16,0.33,0,0,0,0,"73bc5505-7fa0-4ebf-a691-b4ca5f52b019","box","Foundation"
"Sanguine Indulgence","fdn","Foundations","613","common","en",1,"NM","nonfoil",false,false,false,0.18,0.16,0,0,0,0,"03a26ca7-b26f-4b86-a060-712f15f4bf7f","box","Foundation"
"Wishclaw Talisman","fdn","Foundations","617","rare","en",1,"NM","nonfoil",false,false,false,1.82,2.43,0,0,0,0,"69d0f5bd-ccea-49b2-bd79-ad5e4d850cf5","box","Foundation"
"Ball Lightning","fdn","Foundations","618","rare","en",1,"NM","nonfoil",false,false,false,0.22,0.34,0,0,0,0,"5f27dbf0-6818-40ea-832d-10686b4c2900","box","Foundation"
"Bolt Bend","fdn","Foundations","619","uncommon","en",1,"NM","nonfoil",false,false,false,2.58,3.02,0,0,0,0,"cf01af2c-68e5-4bb5-81de-f3a1b860fb2e","box","Foundation"
"Crash Through","fdn","Foundations","620","common","en",1,"NM","nonfoil",false,false,false,0.17,0.18,0,0,0,0,"9eb16918-6363-4849-8d74-e26822a0ddf7","box","Foundation"
"Dragonmaster Outcast","fdn","Foundations","622","mythic","en",1,"NM","nonfoil",false,false,false,0.30,0.35,0,0,0,0,"b720f3a8-f38f-4460-86a3-dad541e7add7","box","Foundation"
"Ghitu Lavarunner","fdn","Foundations","623","common","en",1,"NM","nonfoil",false,false,false,0.12,0.15,0,0,0,0,"8940d76d-c09f-4d72-a037-439c70ee8d9d","box","Foundation"
"Giant Cindermaw","fdn","Foundations","624","uncommon","en",1,"NM","nonfoil",false,false,false,0.09,0.12,0,0,0,0,"d65f5298-0e57-49cf-aaf5-2bb16f3e636c","box","Foundation"
"Harmless Offering","fdn","Foundations","625","rare","en",1,"NM","nonfoil",false,false,false,0.17,0.28,0,0,0,0,"47082081-bf52-4914-bac2-ace398beff56","box","Foundation"
"Hoarding Dragon","fdn","Foundations","626","uncommon","en",1,"NM","nonfoil",false,false,false,0.13,0.12,0,0,0,0,"c3a35b3b-0c92-4b40-8210-86a5b5f275eb","box","Foundation"
"Lathliss, Dragon Queen","fdn","Foundations","627","rare","en",1,"NM","nonfoil",false,false,false,0.35,0.43,0,0,0,0,"409acb8f-cf03-4a56-a8c0-e4c97a01ee10","box","Foundation"
"Obliterating Bolt","fdn","Foundations","629","uncommon","en",1,"NM","nonfoil",false,false,false,0.14,0.17,0,0,0,0,"d59e836b-1c7b-43ac-889b-5f94e1638c42","box","Foundation"
"Ravenous Giant","fdn","Foundations","630","uncommon","en",1,"NM","nonfoil",false,false,false,0.05,0.10,0,0,0,0,"050b70c4-9086-4db4-8e65-f9bb5f67cf1b","box","Foundation"
"Stromkirk Noble","fdn","Foundations","632","rare","en",1,"NM","nonfoil",false,false,false,0.11,0.26,0,0,0,0,"0f306c7e-cacc-4c26-a3f1-fad4f3ff7cf3","box","Foundation"
"Taurean Mauler","fdn","Foundations","633","rare","en",1,"NM","nonfoil",false,false,false,0.59,0.70,0,0,0,0,"fca7caa5-d920-4f06-90bd-214aa4e85cb3","box","Foundation"
"Viashino Pyromancer","fdn","Foundations","634","common","en",1,"NM","nonfoil",false,false,false,0.11,0.14,0,0,0,0,"9f52ada2-cabc-46a3-99df-271833a86909","box","Foundation"
"Circuitous Route","fdn","Foundations","635","uncommon","en",2,"NM","nonfoil",false,false,false,0.14,0.31,0,0,0,0,"a806dec2-d4f9-4f8d-a1dd-170777941131","box","Foundation"
"Fierce Empath","fdn","Foundations","636","common","en",1,"NM","nonfoil",false,false,false,0.13,0.08,0,0,0,0,"28a1dd7f-2e42-4062-a941-b489b98a49fc","box","Foundation"
"Fynn, the Fangbearer","fdn","Foundations","637","uncommon","en",1,"NM","nonfoil",false,false,false,0.21,0.21,0,0,0,0,"699efb9e-2649-432b-8b2d-10775114c314","box","Foundation"
"Gnarlback Rhino","fdn","Foundations","638","uncommon","en",1,"NM","nonfoil",false,false,false,0.09,0.14,0,0,0,0,"6b638f3d-7eb6-4675-9538-4a87a7f75c43","box","Foundation"
"Heroes' Bane","fdn","Foundations","639","rare","en",1,"NM","nonfoil",false,false,false,0.17,0.18,0,0,0,0,"7f83195c-5150-4763-a2e1-5b109d185d55","box","Foundation"
"Mold Adder","fdn","Foundations","640","uncommon","en",1,"NM","nonfoil",false,false,false,0.15,0.18,0,0,0,0,"48d665cd-a2c6-4b81-8032-379e476b5ea5","box","Foundation"
"Ordeal of Nylea","fdn","Foundations","641","uncommon","en",1,"NM","nonfoil",false,false,false,0.19,0.16,0,0,0,0,"1a70424d-86a7-44a3-acda-4463d7ac503b","box","Foundation"
"Predator Ooze","fdn","Foundations","642","rare","en",1,"NM","nonfoil",false,false,false,0.23,0.29,0,0,0,0,"333b3cca-ebbf-4ceb-a6a5-3d49cb2e143a","box","Foundation"
"Primal Might","fdn","Foundations","643","rare","en",1,"NM","nonfoil",false,false,false,0.17,0.24,0,0,0,0,"9ae57d6b-15e8-4f2a-97c2-76d801a1a42a","box","Foundation"
"Rampaging Baloths","fdn","Foundations","645","rare","en",1,"NM","nonfoil",false,false,false,0.24,0.25,0,0,0,0,"c25ee47b-d099-4788-9c2b-73d151bf56fb","box","Foundation"
"Springbloom Druid","fdn","Foundations","646","common","en",1,"NM","nonfoil",false,false,false,0.14,0.20,0,0,0,0,"fa87cb5f-4dc9-49a4-9ae6-ebc7fedac018","box","Foundation"
"Surrak, the Hunt Caller","fdn","Foundations","647","rare","en",1,"NM","nonfoil",false,false,false,0.15,0.22,0,0,0,0,"d6a8759d-0dc8-4218-93ac-b1a35088f776","box","Foundation"
"Venom Connoisseur","fdn","Foundations","648","uncommon","en",1,"NM","nonfoil",false,false,false,0.14,0.12,0,0,0,0,"90f8d876-3697-4359-9f2b-6053682b556c","box","Foundation"
"Vizier of the Menagerie","fdn","Foundations","649","mythic","en",1,"NM","nonfoil",false,false,false,0.34,0.53,0,0,0,0,"3010ec33-c3f6-42ce-ad5a-e149e5c9a805","box","Foundation"
"Wildborn Preserver","fdn","Foundations","650","rare","en",1,"NM","nonfoil",false,false,false,0.15,0.18,0,0,0,0,"8a249d1c-a5fe-48e5-bd9b-e50d8eea391b","box","Foundation"
"Aurelia, the Warleader","fdn","Foundations","651","mythic","en",1,"NM","nonfoil",false,false,false,4.19,6.39,0,0,0,0,"bc6ffc1c-575b-4116-83c9-d13b29886c35","box","Foundation"
"Cloudblazer","fdn","Foundations","653","uncommon","en",1,"NM","nonfoil",false,false,false,0.12,0.09,0,0,0,0,"a9c966ab-0d92-4fa7-8a91-1f77089d8fc7","box","Foundation"
"Deadly Brew","fdn","Foundations","654","uncommon","en",1,"NM","nonfoil",false,false,false,0.16,0.16,0,0,0,0,"4cd4d5a4-4342-49fb-b1e4-7d08e6cf5376","box","Foundation"
"Drogskol Reaver","fdn","Foundations","655","rare","en",1,"NM","nonfoil",false,false,false,0.24,0.35,0,0,0,0,"c0a4450c-8dfd-4d05-adb9-e84ec6066c7d","box","Foundation"
"Dryad Militant","fdn","Foundations","656","uncommon","en",1,"NM","nonfoil",false,false,false,0.13,0.14,0,0,0,0,"8fb36712-26e9-4ec7-8946-626bb7094c15","box","Foundation"
"Enigma Drake","fdn","Foundations","657","uncommon","en",1,"NM","nonfoil",false,false,false,0.15,0.13,0,0,0,0,"13ce1338-5a46-4d96-a991-d5fa8d4330ae","box","Foundation"
"Garna, Bloodfist of Keld","fdn","Foundations","658","uncommon","en",1,"NM","nonfoil",false,false,false,0.14,0.20,0,0,0,0,"5d7fcd03-fffe-467a-88a5-e583e32afd7a","box","Foundation"
"Halana and Alena, Partners","fdn","Foundations","659","rare","en",1,"NM","nonfoil",false,false,false,0.30,0.70,0,0,0,0,"b649f459-c9dc-495d-8703-b685996bb80c","box","Foundation"
"Immersturm Predator","fdn","Foundations","660","rare","en",1,"NM","nonfoil",false,false,false,0.18,0.18,0,0,0,0,"52dfc234-e87a-4594-8dcf-0a2f95eedc97","box","Foundation"
"Mortify","fdn","Foundations","662","uncommon","en",1,"NM","nonfoil",false,false,false,0.23,0.25,0,0,0,0,"88e85619-3a7d-48c2-b9b0-20718c913696","box","Foundation"
"Ovika, Enigma Goliath","fdn","Foundations","663","rare","en",1,"NM","nonfoil",false,false,false,0.21,0.18,0,0,0,0,"54819d7a-eec6-49e6-a0bb-d9d07d42b4a6","box","Foundation"
"Prime Speaker Zegana","fdn","Foundations","664","rare","en",1,"NM","nonfoil",false,false,false,0.18,0.25,0,0,0,0,"d2f007b0-b578-44f8-be65-cd9e2ac56e09","box","Foundation"
"Savage Ventmaw","fdn","Foundations","665","uncommon","en",1,"NM","nonfoil",false,false,false,0.32,0.40,0,0,0,0,"50027d69-8bb0-444c-8e9b-4c9afd91cbda","box","Foundation"
"Teach by Example","fdn","Foundations","666","uncommon","en",1,"NM","nonfoil",false,false,false,0.13,0.08,0,0,0,0,"516baae5-f7bf-4a90-a80d-192ff19dbae5","box","Foundation"
"Trygon Predator","fdn","Foundations","667","uncommon","en",1,"NM","nonfoil",false,false,false,0.14,0.09,0,0,0,0,"cdb88a22-8086-4bf7-89e8-cce929440dd8","box","Foundation"
"Wilt-Leaf Liege","fdn","Foundations","668","rare","en",1,"NM","nonfoil",false,false,false,0.20,0.32,0,0,0,0,"4d383bbf-6bb1-4c2c-899b-65d8df9d0889","box","Foundation"
"Cultivator's Caravan","fdn","Foundations","670","rare","en",1,"NM","nonfoil",false,false,false,0.18,0.19,0,0,0,0,"249aa94c-85ab-4606-aa2c-c902bd83ac21","box","Foundation"
"Darksteel Colossus","fdn","Foundations","671","mythic","en",1,"NM","nonfoil",false,false,false,0.74,1.11,0,0,0,0,"70197723-c61b-4600-b61d-41380c8f3067","box","Foundation"
"Feldon's Cane","fdn","Foundations","673","uncommon","en",1,"NM","nonfoil",false,false,false,0.17,0.25,0,0,0,0,"026f55c3-8e65-4520-b26d-6208344f73b2","box","Foundation"
"Fireshrieker","fdn","Foundations","674","uncommon","en",1,"NM","nonfoil",false,false,false,0.23,0.14,0,0,0,0,"484fbce6-71bd-40eb-a71b-86958a094708","box","Foundation"
"Gate Colossus","fdn","Foundations","675","uncommon","en",1,"NM","nonfoil",false,false,false,0.10,0.07,0,0,0,0,"bc49d9cb-8c7a-4a8f-96ea-bbe6ade8ae00","box","Foundation"
"Mazemind Tome","fdn","Foundations","676","rare","en",1,"NM","nonfoil",false,false,false,0.15,0.17,0,0,0,0,"f45072cd-e3f2-4090-b984-50ec8d360bf2","box","Foundation"
"Pyromancer's Goggles","fdn","Foundations","677","mythic","en",1,"NM","nonfoil",false,false,false,0.40,0.78,0,0,0,0,"f340d8a4-196a-4433-807c-b7124e96e44f","box","Foundation"
"Ramos, Dragon Engine","fdn","Foundations","678","mythic","en",1,"NM","nonfoil",false,false,false,0.41,1.11,0,0,0,0,"8f95f753-bbaa-4282-9cd9-f1737136fc9e","box","Foundation"
"Sorcerous Spyglass","fdn","Foundations","679","uncommon","en",1,"NM","nonfoil",false,false,false,0.08,0.09,0,0,0,0,"0f99356b-eed0-4d92-818b-80754bcb75f3","box","Foundation"
"Soul-Guide Lantern","fdn","Foundations","680","uncommon","en",1,"NM","nonfoil",false,false,false,0.25,0.16,0,0,0,0,"6d3ff537-86f0-405e-b96b-1250720af031","box","Foundation"
"Steel Hellkite","fdn","Foundations","681","rare","en",1,"NM","nonfoil",false,false,false,0.17,0.21,0,0,0,0,"931ad21b-a6bb-4a89-8d6f-80adfcf126c7","box","Foundation"
"Three Tree Mascot","fdn","Foundations","682","common","en",1,"NM","nonfoil",false,false,false,0.11,0.12,0,0,0,0,"40b8bf3a-1cb5-4ce2-ac25-9410f17130de","box","Foundation"
"Azorius Guildgate","fdn","Foundations","683","common","en",1,"NM","nonfoil",false,false,false,0.13,0.16,0,0,0,0,"f98a7264-0a83-42c8-a94d-05ad4c234242","box","Foundation"
"Boros Guildgate","fdn","Foundations","684","common","en",1,"NM","nonfoil",false,false,false,0.10,0.16,0,0,0,0,"3e3c74ea-40e9-4ad9-a491-c208403b68ad","box","Foundation"
"Crawling Barrens","fdn","Foundations","685","rare","en",1,"NM","nonfoil",false,false,false,0.15,0.17,0,0,0,0,"ac2aff0e-1319-4d3b-903c-fa1ce3db7602","box","Foundation"
"Cryptic Caves","fdn","Foundations","686","uncommon","en",1,"NM","nonfoil",false,false,false,0.14,0.16,0,0,0,0,"a7976098-b560-458a-ad3c-18f7873add21","box","Foundation"
"Demolition Field","fdn","Foundations","687","uncommon","en",1,"NM","nonfoil",false,false,false,0.30,0.30,0,0,0,0,"0c7e51b6-4898-4632-b39c-3ce438caa882","box","Foundation"
"Dimir Guildgate","fdn","Foundations","688","common","en",1,"NM","nonfoil",false,false,false,0.12,0.15,0,0,0,0,"f9b8a159-5e58-4432-8ecd-62f39afa96da","box","Foundation"
"Golgari Guildgate","fdn","Foundations","689","common","en",1,"NM","nonfoil",false,false,false,0.12,0.19,0,0,0,0,"92d4646c-a375-4835-aa58-8bb77d1a5abf","box","Foundation"
"Gruul Guildgate","fdn","Foundations","690","common","en",1,"NM","nonfoil",false,false,false,0.13,0.13,0,0,0,0,"3ab6c240-c97d-4a5c-bc39-860c2d9901c2","box","Foundation"
"Izzet Guildgate","fdn","Foundations","691","common","en",1,"NM","nonfoil",false,false,false,0.10,0.15,0,0,0,0,"db9e6fc9-813d-4a71-8a68-8e0f83fa945d","box","Foundation"
"Orzhov Guildgate","fdn","Foundations","692","common","en",1,"NM","nonfoil",false,false,false,0.10,0.13,0,0,0,0,"a917be03-0c17-4454-b044-c4375e5c8085","box","Foundation"
"Rakdos Guildgate","fdn","Foundations","693","common","en",1,"NM","nonfoil",false,false,false,0.14,0.15,0,0,0,0,"e1f01964-c610-4d0f-a2b4-f52e46dc50d2","box","Foundation"
"Selesnya Guildgate","fdn","Foundations","694","common","en",1,"NM","nonfoil",false,false,false,0.14,0.19,0,0,0,0,"6718d4e7-768e-473f-8064-a68422e977f6","box","Foundation"
"Simic Guildgate","fdn","Foundations","695","common","en",1,"NM","nonfoil",false,false,false,0.10,0.21,0,0,0,0,"96590855-1ee5-4d69-9070-776e23f71976","box","Foundation"
"Temple of Abandon","fdn","Foundations","696","rare","en",1,"NM","nonfoil",false,false,false,0.16,0.26,0,0,0,0,"8a990a92-8d0f-489f-ae97-68c90fc5ccf1","box","Foundation"
"Temple of Enlightenment","fdn","Foundations","698","rare","en",1,"NM","nonfoil",false,false,false,0.11,0.18,0,0,0,0,"01f23c1a-a0fe-4520-88ed-045aa4044567","box","Foundation"
"Temple of Epiphany","fdn","Foundations","699","rare","en",1,"NM","nonfoil",false,false,false,0.16,0.22,0,0,0,0,"224e8255-7bc6-44a2-86af-14f8446f4f77","box","Foundation"
"Temple of Malice","fdn","Foundations","701","rare","en",1,"NM","nonfoil",false,false,false,0.25,0.19,0,0,0,0,"d78eccc4-1500-43f1-94f5-b39c160b6381","box","Foundation"
"Temple of Mystery","fdn","Foundations","702","rare","en",1,"NM","nonfoil",false,false,false,0.20,0.15,0,0,0,0,"bd581f1d-d8ba-47f9-b10b-b7b6d46239ce","box","Foundation"
"Temple of Triumph","fdn","Foundations","705","rare","en",1,"NM","nonfoil",false,false,false,0.18,0.19,0,0,0,0,"d2f58450-838d-4404-a68f-159e82b0e58d","box","Foundation"
"Angel of Vitality","fdn","Foundations","706","uncommon","en",1,"NM","foil",false,false,false,0,0.12,0.22,0.20,0,0,"c279947e-168f-4af5-902b-aba724f52b8a","box","Foundation"
"Lyra Dawnbringer","fdn","Foundations","707","mythic","en",1,"NM","nonfoil",false,false,false,0.95,1.21,0.59,1.46,0,0,"b2abce4d-ef21-4028-8a86-b7d1387bc937","box","Foundation"
"Make a Stand","fdn","Foundations","708","uncommon","en",1,"NM","foil",false,false,false,0,0.05,0.11,0.14,0,0,"9c26415d-9e98-480b-9e30-b3aed00d5f3d","box","Foundation"
"Confiscate","fdn","Foundations","709","uncommon","en",1,"NM","foil",false,false,false,0,0.04,0.13,0.09,0,0,"a98a1553-e5f3-4c9c-833d-579e82e1708f","box","Foundation"
"Negate","fdn","Foundations","710","common","en",1,"NM","foil",false,false,false,0,0.10,0.21,0.28,0,0,"ff3b0dba-0207-4249-bdab-e807c76ce39e","box","Foundation"
"Rite of Replication","fdn","Foundations","711","rare","en",1,"NM","foil",false,false,false,0,0.15,0.31,0.42,0,0,"fe98958d-30ee-4a47-aacc-064e02d109b3","box","Foundation"
"Feed the Swarm","fdn","Foundations","712","common","en",1,"NM","foil",false,false,false,0,0.20,0.18,0.24,0,0,"e66d4541-160c-4137-98e7-0eaa692c7d7a","box","Foundation"
"Massacre Wurm","fdn","Foundations","714","mythic","en",1,"NM","foil",false,false,false,0,1.78,2.52,2.49,0,0,"39be2675-986c-4812-9448-99737e797671","box","Foundation"
"Gratuitous Violence","fdn","Foundations","715","rare","en",1,"NM","foil",false,false,false,0,0.32,0.33,0.35,0,0,"e89024c5-eef5-468c-92b4-e53dd212909c","box","Foundation"
"Guttersnipe","fdn","Foundations","716","uncommon","en",1,"NM","foil",false,false,false,0,0.08,0.20,0.31,0,0,"dde674d6-f4e7-410b-acf0-34021290576d","box","Foundation"
"Impact Tremors","fdn","Foundations","717","common","en",1,"NM","foil",false,false,false,0,1.68,2.06,2.41,0,0,"d0b7cecf-b51b-4d30-b7e9-cd7976271e07","deck","Sad Men Parade - Main"
"Gigantosaurus","fdn","Foundations","718","rare","en",1,"NM","foil",false,false,false,0,0.90,0.51,0.56,0,0,"bc1c518a-dcb4-407c-85be-ed5935a24198","box","Foundation"
"Imperious Perfect","fdn","Foundations","719","uncommon","en",2,"NM","foil",false,false,false,0,0.10,0.24,0.27,0,0,"83b4a09f-ea53-42b4-a41a-4299192a6fd3","box","Foundation"
"Pelakka Wurm","fdn","Foundations","720","uncommon","en",1,"NM","foil",false,false,false,0,0.05,0.14,0.14,0,0,"fa150070-80b6-453d-b00f-4462175cac79","box","Foundation"
"Boros Charm","fdn","Foundations","721","uncommon","en",1,"NM","foil",false,false,false,0,3.50,4.41,4.30,0,0,"e0d8c9f6-cbbd-4694-b100-01cfb81036cc","box","Foundation"
"Unflinching Courage","fdn","Foundations","722","uncommon","en",1,"NM","foil",false,false,false,0,0.08,0.11,0.22,0,0,"a1201875-b3d8-4f95-801e-bf18ee77919b","box","Foundation"
"Adaptive Automaton","fdn","Foundations","723","rare","en",1,"NM","foil",false,false,false,0,0.30,0.43,0.62,0,0,"e35e614c-51a9-4d5c-b7fa-1a0a87108785","box","Foundation"
"Expedition Map","fdn","Foundations","724","common","en",1,"NM","foil",false,false,false,0,0.79,0.77,1.03,0,0,"08e66835-c228-48fa-bcaa-eb96edbd4f5a","box","Foundation"
"Gilded Lotus","fdn","Foundations","725","rare","en",1,"NM","foil",false,false,false,0,0.40,0.44,0.71,0,0,"aa5e88f1-0ddf-45d7-bbd0-baa88d121867","box","Foundation"
"Hedron Archive","fdn","Foundations","726","uncommon","en",1,"NM","foil",false,false,false,0,0.09,0.25,0.20,0,0,"535b9ac6-dba2-4162-86ed-df3e9fad0306","box","Foundation"
"Maze's End","fdn","Foundations","727","mythic","en",1,"NM","foil",false,false,false,0,0.68,0.36,0.74,0,0,"ea9a4d1a-79dd-4b15-8e3b-f111f16d6bfc","box","Foundation"
"Hinterland Sanctifier","fdn","Foundations","730","common","en",3,"NM","nonfoil",false,false,false,0.24,0.45,0,0,0,0,"632df69e-6377-43d0-bba5-65518a320aa5","box","Foundation"
"Dazzling Angel","fdn","Foundations","732","common","en",2,"NM","nonfoil",false,false,false,0.39,0.34,0,0,0,0,"a0bdf4d1-576f-41b6-a077-8725be608331","box","Avatar bundle"
"Dazzling Angel","fdn","Foundations","732","common","en",2,"NM","nonfoil",false,false,false,0.39,0.34,0,0,0,0,"a0bdf4d1-576f-41b6-a077-8725be608331","box","Ff chchobo bundle"
"Exemplar of Light","fdn","Foundations","733","rare","en",1,"NM","nonfoil",false,false,false,0.34,0.30,0,0,0,0,"b7393efb-da40-4b55-a6ff-ce774f0815f9","box","Foundation"
"Exemplar of Light","fdn","Foundations","733","rare","en",1,"NM","nonfoil",false,false,false,0.34,0.30,0,0,0,0,"b7393efb-da40-4b55-a6ff-ce774f0815f9","box","Avatar bundle"
"Healer's Hawk","fdn","Foundations","734","common","en",1,"NM","nonfoil",false,false,false,0.25,0.22,0,0,0,0,"069cfaa5-bba4-4503-b54e-b98fa9f0a0fc","box","Avatar bundle"
"Healer's Hawk","fdn","Foundations","734","common","en",1,"NM","nonfoil",false,false,false,0.25,0.22,0,0,0,0,"069cfaa5-bba4-4503-b54e-b98fa9f0a0fc","box","Ff chchobo bundle"
"Inspiring Overseer","fdn","Foundations","736","common","en",3,"NM","nonfoil",false,false,false,0.28,0.25,0,0,0,0,"79016cf3-6eea-4b21-9ff3-f187d606e19a","box","Foundation"
"Lyra Dawnbringer","fdn","Foundations","738","mythic","en",1,"NM","nonfoil",false,false,false,0.46,0.40,0,0,0,0,"f9fa30b6-3a33-46fd-8b32-ac1cfa41500d","box","Foundation"
"Arcanis the Omnipotent","fdn","Foundations","741","rare","en",1,"NM","nonfoil",false,false,false,0.28,0.25,0,0,0,0,"9d31e3e3-f398-4c0e-a2c9-4c614a4d41de","box","Foundation"
"Icewind Elemental","fdn","Foundations","742","common","en",2,"NM","nonfoil",false,false,false,0,0,0,0,0,0,"c2bfdfb6-aa0b-4bd7-89ba-6435da730e5e","box","Avatar bundle"
"Icewind Elemental","fdn","Foundations","742","common","en",2,"NM","nonfoil",false,false,false,0,0,0,0,0,0,"c2bfdfb6-aa0b-4bd7-89ba-6435da730e5e","box","Ff chchobo bundle"
"Mocking Sprite","fdn","Foundations","744","common","en",1,"NM","nonfoil",false,false,false,0,0,0,0,0,0,"d52d16be-c74b-4e40-94f9-2ffa497b6337","box","Ff chchobo bundle"
"Mocking Sprite","fdn","Foundations","744","common","en",3,"NM","nonfoil",false,false,false,0,0,0,0,0,0,"d52d16be-c74b-4e40-94f9-2ffa497b6337","box","Avatar bundle"
"Rune-Sealed Wall","fdn","Foundations","745","uncommon","en",1,"NM","nonfoil",false,false,false,0,0,0,0,0,0,"46674bd4-5160-44b2-bd2a-2da85c1e2697","box","Avatar bundle"
"Rune-Sealed Wall","fdn","Foundations","745","uncommon","en",1,"NM","nonfoil",false,false,false,0,0,0,0,0,0,"46674bd4-5160-44b2-bd2a-2da85c1e2697","box","Ff chchobo bundle"
"Spectral Sailor","fdn","Foundations","746","uncommon","en",2,"NM","nonfoil",false,false,false,0.25,0.22,0,0,0,0,"5ef30b6c-0806-4bf6-9a84-c2aea8d84cf1","box","Foundation"
"Sphinx of the Final Word","fdn","Foundations","747","mythic","en",1,"NM","nonfoil",false,false,false,0.25,0.22,0,0,0,0,"6071239e-0b85-4c54-bef8-d9456eb8d8fc","box","Foundation"
"Strix Lookout","fdn","Foundations","748","common","en",1,"NM","nonfoil",false,false,false,0.25,0.22,0,0,0,0,"3b0c77ab-15cd-49d8-ac5b-7b8b968d14cd","box","Avatar bundle"
"Strix Lookout","fdn","Foundations","748","common","en",1,"NM","nonfoil",false,false,false,0.25,0.22,0,0,0,0,"3b0c77ab-15cd-49d8-ac5b-7b8b968d14cd","box","Foundation"
"Unsummon","fdn","Foundations","750","common","en",1,"NM","nonfoil",false,false,false,0,0,0,0,0,0,"2815d8e6-3668-4b9d-abe6-eca6a500707d","box","Foundation"
"Gatekeeper of Malakir","fdn","Foundations","752","uncommon","en",1,"NM","nonfoil",false,false,false,0.25,0.22,0,0,0,0,"58c45158-7858-409e-ab37-8a9a66ad8714","box","Foundation"
"Kalastria Highborn","fdn","Foundations","753","rare","en",1,"NM","nonfoil",false,false,false,0,0,0,0,0,0,"a3a055ed-60b0-4d35-ad58-04f324b56d65","box","Foundation"
"Vampire Soulcaller","fdn","Foundations","758","common","en",2,"NM","nonfoil",false,false,false,0,0,0,0,0,0,"4734e3fe-7cd7-4045-983f-f89eae9396fa","box","Avatar bundle"
"Elvish Farmer","fem","Fallen Empires","66","rare","en",1,"NM","nonfoil",false,false,false,2.54,2.46,0,0,0,0,"40a9710e-b2f8-4746-8640-d450f58a6e49","deck","La cosa verde - Main"
"Farewell","fic","Final Fantasy Commander","242","rare","en",1,"NM","nonfoil",false,false,false,5.13,3.89,12.99,11.39,0,0,"4d8b6418-da30-4c68-b87c-3936eb77620c","box","Spiderman"
"Path of Discovery","fic","Final Fantasy Commander","312","rare","en",1,"NM","nonfoil",false,false,false,0.27,0.24,0.49,0.43,0,0,"ad09a5c2-3081-4d5d-9c0f-037e045e9045","deck","La cosa verde - Main"
"Three Visits","fic","Final Fantasy Commander","315","uncommon","en",1,"NM","nonfoil",false,false,false,5.16,5.76,17.99,15.77,0,0,"5bcf7495-a8af-4c7f-a27d-be27748f64e0","deck","La cosa verde - Main"
"Sol Ring","fic","Final Fantasy Commander","356","uncommon","en",1,"NM","nonfoil",false,false,false,1.35,1.71,11.99,10.51,0,0,"8fb860f9-3729-436e-adfb-c98c2a389d5d","deck","La cosa verde - Main"
"Sword of the Animist","fic","Final Fantasy Commander","362","rare","en",1,"NM","nonfoil",false,false,false,5.71,4.94,16.99,14.89,0,0,"a822129c-0699-40e2-8639-c1a609a5ba3b","deck","La cosa verde - Main"
"Dragonskull Summit","fic","Final Fantasy Commander","387","rare","en",1,"NM","nonfoil",false,false,false,0.55,0.94,4.49,3.94,0,0,"44f78cab-06d4-4786-987f-4d0d15654fd5","deck","Sad Men Parade - Main"
"Evolving Wilds","fic","Final Fantasy Commander","389","common","en",1,"NM","nonfoil",false,false,false,0.20,0.09,0.49,0.43,0,0,"351f791c-4bee-4fce-aee4-d0214ca0c945","box","Foundation"
"Graven Cairns","fic","Final Fantasy Commander","401","rare","en",1,"NM","nonfoil",false,false,false,1.90,2.85,6.99,6.13,0,0,"7f33cce1-1484-43da-a825-b090eb5403a4","deck","Sad Men Parade - Main"
"Rogue's Passage","fic","Final Fantasy Commander","415","uncommon","en",1,"NM","nonfoil",false,false,false,0.40,0.41,4.99,4.37,0,0,"b8cd0293-d140-4f80-804c-019957c1f49a","deck","La cosa verde - Main"
"Shadowblood Ridge","fic","Final Fantasy Commander","421","rare","en",1,"NM","nonfoil",false,false,false,0.35,0.21,0.99,0.87,0,0,"4d02658c-bbe8-4673-8b44-0b24e0155a85","deck","Sad Men Parade - Main"
"Smoldering Marsh","fic","Final Fantasy Commander","425","rare","en",1,"NM","nonfoil",false,false,false,0.36,0.31,1.49,1.31,0,0,"7ddf0ca3-dc64-47ac-87b9-4bd85b173885","deck","Sad Men Parade - Main"
"Sulfurous Springs","fic","Final Fantasy Commander","427","rare","en",1,"NM","nonfoil",false,false,false,0.98,1.52,4.99,4.37,0,0,"35b403ee-62cc-4f67-911e-4bf26e495374","deck","Sad Men Parade - Main"
"Garland, Royal Kidnapper","fic","Final Fantasy Commander","442","rare","en",1,"NM","nonfoil",false,false,false,5.75,4.98,5.39,4.84,0,0,"b81c3f08-9319-4265-a75b-5b12b09aba89","box","FF Scene Box"
"The Destined Warrior","fic","Final Fantasy Commander","443","rare","en",1,"NM","nonfoil",false,false,false,3.82,3.33,2.59,3.10,0,0,"743ee254-07f1-4d13-9ec7-6cb6358b9303","box","FF Scene Box"
"The Destined White Mage","fic","Final Fantasy Commander","444","rare","en",1,"NM","nonfoil",false,false,false,10.82,10.32,10.24,10.34,0,0,"8b52f14c-e6b9-4ad0-8515-6644b201e2ea","box","FF Scene Box"
"Chaos Shrine's Black Crystal","fic","Final Fantasy Commander","445","rare","en",1,"NM","nonfoil",false,false,false,4.69,4.32,3.52,4.22,0,0,"417d0d15-4c90-45dc-86f8-4c17fc2dd3f4","box","FF Scene Box"
"The Destined Thief","fic","Final Fantasy Commander","446","rare","en",1,"NM","nonfoil",false,false,false,3.64,3.52,3.05,3.65,0,0,"de95250d-294d-4a0e-8049-e0a877078e2e","box","FF Scene Box"
"The Destined Black Mage","fic","Final Fantasy Commander","447","rare","en",1,"NM","nonfoil",false,false,false,17.17,12.67,17.25,14.37,0,0,"cbba90d0-c45e-4ef1-ba0e-a2160533e27f","box","FF Scene Box"
"Edea, Possessed Sorceress","fic","Final Fantasy Commander","448","rare","en",1,"NM","nonfoil",false,false,false,9.92,7.88,9.29,9.12,0,0,"6db60c73-5943-49da-9a8a-f4a382a1c0f0","box","FF Scene Box"
"Fated Clash","fic","Final Fantasy Commander","449","rare","en",1,"NM","nonfoil",false,false,false,8.26,7.13,7.89,7.13,0,0,"bd84f688-a2bb-4f1e-ae24-1a5cf8a05445","box","FF Scene Box"
"Rinoa, Angel Wing","fic","Final Fantasy Commander","450","rare","en",1,"NM","nonfoil",false,false,false,8.58,6.34,8.78,6.59,0,0,"76a9b08e-53f7-48d7-a024-3e2bf2318391","box","FF Scene Box"
"Seifer, Balamb Rival","fic","Final Fantasy Commander","451","rare","en",1,"NM","nonfoil",false,false,false,2.89,1.80,2.11,2.10,0,0,"8a24c7c8-18c6-4e0d-b49b-05c19deaf31e","box","FF Scene Box"
"Duelist's Flame","fic","Final Fantasy Commander","452","rare","en",1,"NM","nonfoil",false,false,false,5.19,3.72,3.99,4.88,0,0,"230e997e-3736-4afd-8571-1cc1b1d6ed96","box","FF Scene Box"
"Squall, Gunblade Duelist","fic","Final Fantasy Commander","453","rare","en",1,"NM","nonfoil",false,false,false,4.47,3.09,4.26,3.02,0,0,"682b9f3c-960b-4600-b650-eefd588071d3","box","FF Scene Box"
"Brilliant Wings","fic","Final Fantasy Commander","454","rare","en",1,"NM","nonfoil",false,false,false,39.65,28.67,30.89,27.21,0,0,"c358af5d-61e3-4c4d-9d7d-2f3e43210339","box","FF Scene Box"
"Judgment of Alexander","fic","Final Fantasy Commander","455","rare","en",1,"NM","nonfoil",false,false,false,7.45,5.26,5.75,5.56,0,0,"2327bf49-348c-44e5-9a6b-97ef1c810079","box","FF Scene Box"
"Mega Flare","fic","Final Fantasy Commander","456","rare","en",1,"NM","nonfoil",false,false,false,1.53,0.88,0.77,1.26,0,0,"daecaf9c-f327-435a-963b-a4631b6cca5c","box","FF Scene Box"
"Amarant Coral","fic","Final Fantasy Commander","457","rare","en",1,"NM","nonfoil",false,false,false,3.68,2.32,2.69,1.86,0,0,"00ef8f06-dfcc-4ffa-a054-b0c81b39dcc0","box","FF Scene Box"
"Vivi's Persistence","fic","Final Fantasy Commander","458","rare","en",1,"NM","nonfoil",false,false,false,42.97,34.18,43.90,34.82,0,0,"be6ba2e4-e657-4a2d-8f5f-255376d861b3","box","FF Scene Box"
"Search for Dagger","fic","Final Fantasy Commander","459","rare","en",1,"NM","nonfoil",false,false,false,4.23,3.02,1.97,2.55,0,0,"9adaef20-1d82-4941-b4bb-a037cf3d63db","box","FF Scene Box"
"Noctis, Heir Apparent","fic","Final Fantasy Commander","460","rare","en",1,"NM","nonfoil",false,false,false,5.22,2.99,3.31,3.61,0,0,"c8c69ad3-e999-4beb-85f5-527a00f482da","box","FF Scene Box"
"Fishing Gear","fic","Final Fantasy Commander","461","rare","en",1,"NM","nonfoil",false,false,false,11.52,6.42,9.14,7.11,0,0,"b2a1b5b3-8d7a-4614-b7f9-d13db5654d03","box","FF Scene Box"
"Flash Photography","fic","Final Fantasy Commander","463","rare","en",1,"NM","nonfoil",false,false,false,36.90,26.53,35.57,26.13,0,0,"2bca2cd2-4d4a-44e4-87c3-732692b77921","box","FF Scene Box"
"Campsite Cuisine","fic","Final Fantasy Commander","464","rare","en",1,"NM","nonfoil",false,false,false,15.65,11.68,11.83,11.90,0,0,"ec6d3402-eed6-44be-a572-9ec0678af403","box","FF Scene Box"
"Warrior's Resolve","fic","Final Fantasy Commander","465","rare","en",1,"NM","nonfoil",false,false,false,2.60,2.14,1.81,1.89,0,0,"7263ef64-dc8d-4a58-91b9-ff4f718e53ae","box","FF Scene Box"
"Black Mage's Rod","fin","Final Fantasy","90","common","en",4,"NM","nonfoil",false,false,false,0.25,0.26,0.43,0.50,0,0,"35e8f140-055f-4fc7-a765-fb030d828214","box","Ff chchobo bundle"
"Cornered by Black Mages","fin","Final Fantasy","93","common","en",3,"NM","nonfoil",false,false,false,0.25,0.14,0.40,0.23,0,0,"688fcf8a-0a44-416a-8086-83acf9a6fe69","box","Ff chchobo bundle"
"Forest","fin","Final Fantasy","306","common","en",2,"NM","nonfoil",false,false,false,0.33,0.20,0.36,0.34,0,0,"be72862d-d71e-4b18-98a6-59019399f631","deck","La cosa verde - Main"
"Forest","fin","Final Fantasy","307","common","en",3,"NM","nonfoil",false,false,false,0.37,0.16,0.41,0.19,0,0,"3d08f6a6-316d-45d8-aabe-1760a20903ac","deck","La cosa verde - Main"
"Forest","fin","Final Fantasy","308","common","en",2,"NM","nonfoil",false,false,false,0.32,0.16,0.37,0.24,0,0,"c52038c8-5bba-4d8e-845f-30af44300acc","deck","La cosa verde - Main"
"The Fire Crystal","fin","Final Fantasy","337","rare","en",1,"NM","nonfoil",false,false,false,10.73,8.55,16.42,9.90,0,0,"58306c68-5de8-48f4-9ce5-ea69792af58c","deck","Sad Men Parade - Main"
"Summon: Bahamut","fin","Final Fantasy","356","mythic","en",1,"NM","nonfoil",false,false,false,48.55,45.17,96.02,75.97,0,0,"fd5cb1fc-71b2-4b05-abd3-c90e95c53ad1","box","ProXy"
"Forest","fin","Final Fantasy","576","common","en",1,"NM","foil",false,false,false,0,1.40,1.24,1.58,0,0,"2036f825-ef57-4a40-b45f-0668d9c8ec6a","deck","La cosa verde - Main"
"Flamewake Phoenix","frf","Fate Reforged","100","rare","en",1,"NM","nonfoil",false,false,false,0.37,0.17,1.48,0.72,0,0,"fefd5848-9fe1-4129-a5d7-e51606bf76ef","box","Avatar bundle"
"Haze of Rage","fut","Future Sight","100","uncommon","en",1,"NM","nonfoil",false,false,false,2.69,0.59,23.98,6.25,0,0,"846134c0-5a8d-4ccb-8451-db29b70be3f5","box","ProXy"
"Grinning Ignus","fut","Future Sight","116","common","en",1,"NM","nonfoil",false,false,false,0.16,0.22,6.05,1.93,0,0,"31716a43-2522-46ff-a9a4-b6952cd41f11","box","ProXy"
"Argothian Enchantress","g03","Judge Gift Cards 2003","2","rare","en",2,"NM","foil",false,false,false,0,155.00,276.73,421.91,0,0,"70364605-5f20-40e1-b18b-dec6d3d4d3aa","box","ProXy"
"Dark Confidant","g11","Judge Gift Cards 2011","6","rare","en",1,"NM","foil",false,false,false,0,39.95,63.40,51.12,0,0,"14266659-4f24-4489-be7d-57e05fc874a2","box","ProXy"
"Zamriel, Seraph of Steel","gn3","Game Night: Free-for-All","1","mythic","en",1,"NM","foil",false,false,false,0,3.78,8.33,4.65,0,0,"bc883e4e-e5f5-4823-ac2a-9ff8b7772926","box","ProXy"
"Forest","gn3","Game Night: Free-for-All","136","common","en",1,"NM","nonfoil",false,false,false,0.11,0.08,0,0,0,0,"85a1b232-92ab-4829-9af3-26b280507dc0","box","Lorwin box"
"Eager Construct","gnt","Game Night","51","common","en",1,"NM","nonfoil",false,false,false,0.05,0.08,0,0,0,0,"a4beab22-6824-4039-9266-8e6bcf1c91e5","box","Avatar bundle"
"Burglar Rat","grn","Guilds of Ravnica","64","common","en",1,"NM","nonfoil",false,false,false,0.21,0.12,0.51,0.99,0,0,"e9f7f218-fd2a-4233-8753-065ddc314f2d","box","Avatar bundle"
"Runaway Steam-Kin","grn","Guilds of Ravnica","115","rare","en",1,"NM","nonfoil",false,false,false,1.49,0.56,5.60,3.74,0,0,"d8c9c111-fbc7-44e1-94bd-1ca164370623","box","ProXy"
"Crypt Ghast","gtc","Gatecrash","61","rare","en",1,"NM","nonfoil",false,false,false,13.76,8.91,14.60,11.51,0,0,"3795a4e7-646f-4bb7-b154-2610eb740e8d","box","ProXy"
"Sliver Overlord","h09","Premium Deck Series: Slivers","24","mythic","en",1,"NM","foil",false,false,false,0,18.79,44.96,23.76,0,0,"2ffd66b5-08fe-416b-a680-2d98e9286b77","box","ProXy"
"An-Havva Inn","hml","Homelands","82","uncommon","en",1,"NM","nonfoil",false,false,false,0.15,0.19,0,0,0,0,"eff4531f-d19d-44af-861a-33087197d21c","box","Ff chchobo bundle"
"Shepherd of Rot","hop","Planechase","40","common","en",1,"NM","nonfoil",false,false,false,4.66,4.54,0,0,0,0,"6ee5a529-3223-4982-83d1-eb517c2a258c","box","Foundation"
"Ipnu Rivulet","hou","Hour of Devastation","180","uncommon","en",1,"NM","nonfoil",false,false,false,0.33,0.23,1.51,1.93,0,0,"203011ef-3737-4fd1-bd23-0e531b5a7c32","box","Avatar bundle"
"Mystic Remora","ice","Ice Age","87","common","en",2,"NM","nonfoil",false,false,false,9.62,8.35,0,0,0,0,"58e93dff-b774-4765-b7bd-d3957e42ff4a","box","ProXy"
"Dance of the Dead","ice","Ice Age","118","uncommon","en",1,"NM","nonfoil",false,false,false,17.12,14.84,0,0,0,0,"e7c53ba4-9956-4cd6-85ca-2d6b61a5127c","deck","Sad Men Parade - Main"
"Phyrexian Altar","inv","Invasion","306","rare","en",1,"NM","nonfoil",false,false,false,67.13,41.05,444.36,222.39,0,0,"25158cd5-749b-408c-9ab1-0f83e38730f7","maybeboard","La cosa verde - Maybeboard"
"Tribute to Hunger","isd","Innistrad","119","uncommon","en",1,"NM","nonfoil",false,false,false,0.14,0.15,0.41,0.59,0,0,"f77e0f88-2285-4b59-9165-9948c75d77a3","box","Foundation"
"Parallel Lives","isd","Innistrad","199","rare","en",1,"NM","nonfoil",false,false,false,38.60,18.34,44.13,31.10,0,0,"01033dae-fec1-41f2-b7f2-cc6a43331790","deck","La cosa verde - Main"
"Parallel Lives","isd","Innistrad","199","rare","en",1,"NM","nonfoil",false,false,false,38.60,18.34,44.13,31.10,0,0,"01033dae-fec1-41f2-b7f2-cc6a43331790","box","ProXy"
"Savannah Lions","j22","Jumpstart 2022","237","uncommon","en",1,"NM","nonfoil",false,false,false,0.14,0.17,0,0,0,0,"89b77ad5-1585-49dc-b635-780143e1e1c8","box","Avatar bundle"
"Fleeting Distraction","j22","Jumpstart 2022","299","common","en",1,"NM","nonfoil",false,false,false,0.12,0.12,0,0,0,0,"35a7507f-2f18-4a94-9b56-814f26b4490b","box","Avatar bundle"
"Burglar Rat","j22","Jumpstart 2022","384","common","en",1,"NM","nonfoil",false,false,false,0.35,0.19,0,0,0,0,"8e8bb46d-acc2-4631-89c7-b92f927a5940","box","Avatar bundle"
"Eaten Alive","j22","Jumpstart 2022","409","common","en",1,"NM","nonfoil",false,false,false,0.15,0.15,0,0,0,0,"73686b22-0ef3-41b6-a7d4-a226bde458c0","box","Ff chchobo bundle"
"Marauding Blight-Priest","j22","Jumpstart 2022","439","common","en",1,"NM","nonfoil",false,false,false,0.22,0.12,0,0,0,0,"1f9de75b-5295-4c7f-b149-b9cd508db1f2","box","Avatar bundle"
"Axgard Cavalry","j22","Jumpstart 2022","494","common","en",1,"NM","nonfoil",false,false,false,0.17,0.17,0,0,0,0,"5e16bc35-5237-4a13-9179-aaa0347ceffe","box","Ff chchobo bundle"
"Frenzied Goblin","j22","Jumpstart 2022","536","common","en",1,"NM","nonfoil",false,false,false,0.14,0.23,0,0,0,0,"2e68ddf0-5cf6-4024-ab71-827f28a0b0ee","box","Ff chchobo bundle"
"Frenzied Goblin","j22","Jumpstart 2022","536","common","en",1,"NM","nonfoil",false,false,false,0.14,0.23,0,0,0,0,"2e68ddf0-5cf6-4024-ab71-827f28a0b0ee","box","Avatar bundle"
"Might of the Masses","j22","Jumpstart 2022","690","common","en",1,"NM","nonfoil",false,false,false,0.17,0.13,0,0,0,0,"c7a87b43-84bb-4878-85c3-490d283a2a77","deck","La cosa verde - Main"
"Wolverine Riders","j22","Jumpstart 2022","743","rare","en",1,"NM","nonfoil",false,false,false,20.06,16.96,0,9.00,0,0,"575d407c-c37e-4664-b2e3-217dfd5a78a2","box","ProXy"
"Adventuring Gear","j22","Jumpstart 2022","751","common","en",1,"NM","nonfoil",false,false,false,0.31,0.23,0,0,0,0,"d7493ccb-98a1-4032-9e01-5535d29e106b","box","Avatar bundle"
"Campus Guide","j22","Jumpstart 2022","758","common","en",2,"NM","nonfoil",false,false,false,0.12,0.07,0,0,0,0,"c7655790-d091-47d6-8387-08bfa4333f19","box","Avatar bundle"
"Thriving Isle","j22","Jumpstart 2022","825","common","en",1,"NM","nonfoil",false,false,false,0.25,0.04,0,0,0,0,"464168e8-e11f-4826-a709-bf1e725ef62b","box","Ff chchobo bundle"
"Faithful Pikemaster","j25","Foundations Jumpstart","3","common","en",1,"NM","nonfoil",false,false,false,0.12,0.10,0,0,0,0,"de149bae-dd71-4a27-a975-4d0fbc646ee4","box","Avatar bundle"
"Gilded Scuttler","j25","Foundations Jumpstart","7","common","en",1,"NM","nonfoil",false,false,false,0.27,0.19,0,0,0,0,"1e5a6db8-130a-4931-b7a5-2f024331802b","box","Avatar bundle"
"Scourge of the Undercity","j25","Foundations Jumpstart","11","common","en",1,"NM","nonfoil",false,false,false,0.27,0.19,0,0,0,0,"4d321cb1-9079-4aa3-b86e-6483552f04ee","box","Avatar bundle"
"Pol Jamaar, Illusionist","j25","Foundations Jumpstart","38","mythic","en",1,"NM","nonfoil",false,false,false,0.86,1.25,0,0,0,0,"63e806ee-3c32-48bf-97a1-160a74765e76","box","Avatar bundle"
"Anep, Vizier of Hazoret","j25","Foundations Jumpstart","46","uncommon","en",1,"NM","nonfoil",false,false,false,0.28,0.18,0,0,0,0,"295658c4-7ab8-473d-abe1-0b6303b6850f","box","Avatar bundle"
"General Kreat, the Boltbringer","j25","Foundations Jumpstart","48","uncommon","en",1,"NM","nonfoil",false,false,false,5.68,8.23,0,0,0,0,"226fc101-abcc-4ed4-8c0b-3677dc8d8f0a","box","Avatar bundle"
"Gornog, the Red Reaper","j25","Foundations Jumpstart","49","rare","en",1,"NM","nonfoil",false,false,false,3.69,3.68,0,0,0,0,"c80a88ae-f2f2-426a-88f3-76b5d598c25f","box","Avatar bundle"
"Shroofus Sproutsire","j25","Foundations Jumpstart","54","rare","en",1,"NM","nonfoil",false,false,false,4.94,4.97,0,0,0,0,"d29839f0-afe0-4caa-9628-655738aecce4","box","ProXy"
"Gorex, the Tombshell","j25","Foundations Jumpstart","67","rare","en",1,"NM","nonfoil",false,false,false,0.26,0.25,0,0,0,0,"7231c1b0-0352-4dfd-9f29-143ae6d49b76","box","Avatar bundle"
"Vilis, Broker of Blood","j25","Foundations Jumpstart","70","rare","en",1,"NM","nonfoil",false,false,false,8.32,8.51,0,0,0,0,"d68ce39b-0847-4132-b3b5-8bc25f2e7be9","box","Avatar bundle"
"Murmuring Mystic","j25","Foundations Jumpstart","107","uncommon","en",1,"NM","nonfoil",false,false,false,0.36,0.90,0,0,0,0,"d3fbbf86-d784-4dd0-b3f1-818c2a74a940","box","Avatar bundle"
"Ornithopter of Paradise","j25","Foundations Jumpstart","153","common","en",1,"NM","nonfoil",false,false,false,0.45,0.31,0,0,0,0,"35e7c881-23a9-4703-b29f-a9e7a600e9e4","box","Avatar bundle"
"Savannah Lions","j25","Foundations Jumpstart","249","common","en",1,"NM","nonfoil",false,false,false,0.16,0.16,0,0,0,0,"345920d9-b842-42a3-996f-457e737baab2","box","Ff chchobo bundle"
"Serra Angel","j25","Foundations Jumpstart","251","uncommon","en",1,"NM","nonfoil",false,false,false,0.20,0.10,0,0,0,0,"533368eb-9005-45a7-94c1-ef4fa7d5debc","box","Ff chchobo bundle"
"Shoulder to Shoulder","j25","Foundations Jumpstart","254","common","en",1,"NM","nonfoil",false,false,false,0.14,0.10,0,0,0,0,"dc09e573-6eac-4df1-bb4d-5ad2b419821a","box","Avatar bundle"
"Brineborn Cutthroat","j25","Foundations Jumpstart","291","uncommon","en",1,"NM","nonfoil",false,false,false,0.20,0.10,0,0,0,0,"85c60e4e-4b9d-4700-909f-fcc6342819b7","box","Avatar bundle"
"Lord of the Unreal","j25","Foundations Jumpstart","322","rare","en",1,"NM","nonfoil",false,false,false,0.38,0.84,0,0,0,0,"2e726977-ad9f-47c0-b48c-6618eaf6c1ed","box","Avatar bundle"
"Thopter Mechanic","j25","Foundations Jumpstart","372","uncommon","en",1,"NM","nonfoil",false,false,false,0.28,0.11,0,0,0,0,"282e630c-5d4a-469b-9b51-1127616dda34","box","Avatar bundle"
"Bloodgift Demon","j25","Foundations Jumpstart","408","rare","en",1,"NM","nonfoil",false,false,false,0.44,0.94,0,0,0,0,"04151a78-eb5a-4cb2-aa1f-e4835f3124c1","box","Avatar bundle"
"Scion of Darkness","j25","Foundations Jumpstart","486","uncommon","en",1,"NM","nonfoil",false,false,false,0.32,0.18,0,0,0,0,"9e5485a2-9546-4791-8941-c735fcdaf591","box","Avatar bundle"
"Vampire Nighthawk","j25","Foundations Jumpstart","503","uncommon","en",1,"NM","nonfoil",false,false,false,0.34,0.27,0,0,0,0,"30e535fe-b674-450f-b9a9-7d21e9ccf03b","box","Ff chchobo bundle"
"Firebrand Archer","j25","Foundations Jumpstart","548","common","en",1,"NM","nonfoil",false,false,false,0.32,0.21,0,0,0,0,"2d176b57-4793-485e-b033-7ba668634f62","box","Avatar bundle"
"Shock","j25","Foundations Jumpstart","598","common","en",1,"NM","nonfoil",false,false,false,0.30,0.12,0,0,0,0,"63ecf91b-853b-41a5-b655-18cfeeddbab6","box","Avatar bundle"
"Giant Growth","j25","Foundations Jumpstart","662","common","en",1,"NM","nonfoil",false,false,false,0.11,0.14,0,0,0,0,"fb7d7036-fffe-4b55-a8ba-494f4513ba1c","box","Ff chchobo bundle"
"Gnarlid Colony","j25","Foundations Jumpstart","664","common","en",1,"NM","nonfoil",false,false,false,0.32,0.14,0,0,0,0,"661e1d40-046a-4b1e-963b-9825fa6f69b0","box","Ff chchobo bundle"
"Snapping Gnarlid","j25","Foundations Jumpstart","714","common","en",1,"NM","nonfoil",false,false,false,0.13,0.06,0,0,0,0,"65876c5b-0d7c-493d-9244-0562f72eda16","box","Ff chchobo bundle"
"Tireless Tracker","j25","Foundations Jumpstart","729","rare","en",1,"NM","nonfoil",false,false,false,0.35,0.27,0,0,0,0,"e7fe81de-a81f-4226-9067-4d6598b82016","box","Ff chchobo bundle"
"Chief of the Foundry","j25","Foundations Jumpstart","747","uncommon","en",1,"NM","nonfoil",false,false,false,0.41,0.13,0,0,0,0,"39e20660-c7f6-4326-928d-cc71cc72a20c","box","Avatar bundle"
"Pacifism","jmp","Jumpstart","125","common","en",1,"NM","nonfoil",false,false,false,0.16,0.10,0,0,0,0,"0da7c6dc-9325-4866-8c09-78c7021f8f17","box","Avatar bundle"
"Aegis Turtle","jmp","Jumpstart","138","common","en",1,"NM","nonfoil",false,false,false,0.33,0.13,0,0,0,0,"7003ebae-5d82-4360-ae63-0e51c37977ed","box","Avatar bundle"
"Oneirophage","jmp","Jumpstart","162","uncommon","en",1,"NM","nonfoil",false,false,false,0.29,0.15,0,0,0,0,"61921b05-ee83-4768-a405-4d3355c0ad6e","box","Avatar bundle"
"Towering-Wave Mystic","jmp","Jumpstart","186","common","en",1,"NM","nonfoil",false,false,false,0.05,0.12,0,0,0,0,"8203f709-0fac-41c1-a056-3fa1a2c1d127","box","Avatar bundle"
"Windstorm Drake","jmp","Jumpstart","195","uncommon","en",1,"NM","nonfoil",false,false,false,0.10,0.18,0,0,0,0,"82ff4bd1-2b61-46be-b547-38916ea08298","box","Avatar bundle"
"Bake into a Pie","jmp","Jumpstart","201","common","en",1,"NM","nonfoil",false,false,false,0.19,0.22,0,0,0,0,"2c6e5b25-b721-45ee-894a-697de1310b8c","box","Avatar bundle"
"Macabre Waltz","jmp","Jumpstart","252","common","en",1,"NM","nonfoil",false,false,false,0.10,0.15,0,0,0,0,"c5776bc9-7295-4143-a453-64e3c681f8e7","box","Avatar bundle"
"Dwynen's Elite","jmp","Jumpstart","389","uncommon","en",1,"NM","nonfoil",false,false,false,0.12,0.12,0,0,0,0,"d95d4f15-613c-42f1-a49b-f4f604e69feb","box","Avatar bundle"
"Godsend","jou","Journey into Nyx","12","mythic","en",1,"NM","nonfoil",false,false,false,3.71,2.87,29.34,17.93,0,0,"2dcf3975-7f81-4bdd-810d-476f46444b7a","box","ProXy"
"Twinflame","jou","Journey into Nyx","115","rare","en",1,"NM","nonfoil",false,false,false,4.19,3.01,8.79,8.13,0,0,"207128b3-2de3-495a-bf29-eec50c3bd752","deck","Sad Men Parade - Main"
"Mana Confluence","jou","Journey into Nyx","163","rare","en",1,"NM","nonfoil",false,false,false,32.95,22.26,46.58,42.46,0,0,"504a69eb-3c2d-4bb1-b117-252b15acf0c2","deck","Sad Men Parade - Main"
"Anger","jud","Judgment","77","uncommon","en",1,"NM","nonfoil",false,false,false,4.34,3.10,146.53,52.27,0,0,"fa2920af-e6a1-4939-ab59-67af4430e5b8","box","ProXy"
"Flaring Pain","jud","Judgment","89","common","en",1,"NM","nonfoil",false,false,false,1.88,2.47,17.95,16.63,0,0,"eeb5c96a-1d16-459d-9968-ced9a8f1c520","box","Foundation"
"Bounty of Skemfar","khc","Kaldheim Commander","12","rare","en",1,"NM","nonfoil",false,false,false,0.35,0.19,0,0.10,0,0,"3185a67e-648c-48a8-9aad-180e1ca0f4ae","box","Ff chchobo bundle"
"Blightstep Pathway // Searstep Pathway","khm","Kaldheim","291","rare","en",1,"NM","nonfoil",false,false,false,5.53,6.67,7.25,8.88,0,0,"3933326a-2014-4ac0-bfd3-8ff26e178920","deck","Sad Men Parade - Main"
"Tergrid, God of Fright // Tergrid's Lantern","khm","Kaldheim","307","rare","en",1,"NM","nonfoil",false,false,false,17.06,15.37,25.60,25.28,0,0,"9ff4efdf-c0bb-443a-a100-2f3850571e91","box","ProXy"
"Birgi, God of Storytelling // Harnfel, Horn of Bounty","khm","Kaldheim","311","rare","en",1,"NM","nonfoil",false,false,false,36.32,24.38,57.43,40.33,0,0,"54dccbc0-528c-4e99-a6db-f2373978fe5f","box","ProXy"
"Youthful Valkyrie","khm","Kaldheim","382","uncommon","en",1,"NM","nonfoil",false,false,false,0.33,0.28,0,8.00,0,0,"ffe93b27-f8ae-4abf-8ade-90f503f132c2","box","Avatar bundle"
"Vorinclex, Monstrous Raider","khm","Kaldheim","406","mythic","en",2,"NM","nonfoil",false,false,false,63.67,46.98,68.32,57.73,0,0,"ff018fe2-9feb-431d-b4c5-61b2ed0d919d","box","ProXy"
"Exquisite Blood","lcc","The Lost Caverns of Ixalan Commander","195","rare","en",3,"NM","nonfoil",false,false,false,36.04,24.93,0,19.98,0,0,"0e8ccfa7-4178-476a-a155-0ca1c98556c9","box","ProXy"
"Spyglass Siren","lci","The Lost Caverns of Ixalan","78","uncommon","en",5,"NM","nonfoil",false,false,false,0.29,0.40,0.48,0.45,0,0,"41e54343-95e5-4dc4-9f18-e4a415fe5e0a","box","Foundation"
"Staunch Crewmate","lci","The Lost Caverns of Ixalan","79","uncommon","en",2,"NM","nonfoil",false,false,false,0.29,0.12,0.31,0.14,0,0,"143e9845-8a11-4fc4-b116-29a929985146","box","Foundation"
"Subterranean Schooner","lci","The Lost Caverns of Ixalan","80","rare","en",3,"NM","nonfoil",false,false,false,0.34,0.26,0.37,0.15,0,0,"94b6881a-b00e-4e90-92e6-602ed8e0e090","box","Foundation"
"Dowsing Device // Geode Grotto","lci","The Lost Caverns of Ixalan","146","uncommon","en",1,"NM","nonfoil",false,false,false,0.31,0.15,0.38,0.31,0,0,"3d715e9f-223d-462e-8ce3-eebbaf1cd021","box","Foundation"
"Inti, Seneschal of the Sun","lci","The Lost Caverns of Ixalan","156","rare","en",3,"NM","nonfoil",false,false,false,2.79,1.99,3.50,2.74,0,0,"fa7a55aa-ae61-4933-b7a4-dcc55dac6fcd","box","Foundation"
"Magmatic Galleon","lci","The Lost Caverns of Ixalan","157","rare","en",3,"NM","nonfoil",false,false,false,0.35,0.16,0.36,0.24,0,0,"4471a833-11b9-4146-a9c0-84a6896c94d8","box","Foundation"
"Treasure Map // Treasure Cove","lci","The Lost Caverns of Ixalan","267","rare","fr",1,"NM","nonfoil",false,false,false,0.40,0.40,0.46,0.47,0,0,"6ef7f898-0739-477d-84cc-1e9dfcdca16b","deck","Sad Men Parade - Main"
"Bloodletter of Aclazotz","lci","The Lost Caverns of Ixalan","336","mythic","en",1,"NM","nonfoil",false,false,false,34.53,24.83,45.85,28.23,0,0,"48c5b98d-73cd-4b69-9933-4867da6e8389","box","ProXy"
"Mana Drain","leg","Legends","65","uncommon","en",1,"NM","nonfoil",false,false,false,249.61,150.47,0,0,0,0,"e691adef-3027-4e6a-889f-9f4e2df36a7c","box","ProXy"
"Chains of Mephistopheles","leg","Legends","91","rare","en",3,"NM","nonfoil",false,false,false,1183.06,791.88,0,0,0,0,"2bb0e884-5bb4-41f3-b04b-6f638357c166","box","ProXy"
"Seedborn Muse","lgn","Legions","138","rare","en",1,"NM","nonfoil",false,false,false,19.76,9.97,347.74,157.58,0,0,"35b13321-e429-4497-aef2-93a9df421d38","box","ProXy"
"Heat Shimmer","lrw","Lorwyn","175","rare","en",1,"NM","nonfoil",false,false,false,9.13,4.43,29.69,14.27,0,0,"a432470c-7f68-4429-970a-3da8eabcf0b8","deck","Sad Men Parade - Main"
"Frodo, Adventurous Hobbit","ltc","Tales of Middle-earth Commander","2","mythic","en",1,"NM","nonfoil",false,false,false,0.36,0.42,0.32,0.35,0,0,"328df403-7428-4b17-bdd1-9759fc0f32d8","deck","Disturbi alimentari - Main"
"Sam, Loyal Attendant","ltc","Tales of Middle-earth Commander","7","mythic","en",1,"NM","nonfoil",false,false,false,0.43,0.35,0.38,0.67,0,0,"687a2b76-3f05-4732-bd9b-513d06d16300","deck","Disturbi alimentari - Main"
"Field-Tested Frying Pan","ltc","Tales of Middle-earth Commander","11","rare","en",1,"NM","nonfoil",false,false,false,0.28,0.25,0,0,0,0,"1d770a59-1c54-407e-9c58-8d8b6f44c90a","box","bulk"
"The Gaffer","ltc","Tales of Middle-earth Commander","12","rare","en",1,"NM","nonfoil",false,false,false,7.19,9.99,0,6.50,0,0,"863ed552-dc6d-4910-b188-3cefc3ebf0ed","deck","Disturbi alimentari - Main"
"Gwaihir, Greatest of the Eagles","ltc","Tales of Middle-earth Commander","15","rare","en",1,"NM","nonfoil",false,false,false,0.33,0.46,0,0.30,0,0,"9c17c3bb-aa20-43b0-8a28-b46a18b060ef","box","bulk"
"Of Herbs and Stewed Rabbit","ltc","Tales of Middle-earth Commander","17","rare","en",1,"NM","nonfoil",false,false,false,0.37,0.74,0,0,0,0,"c58623cb-8b49-470c-9622-dd6e09d47599","box","bulk"
"Gollum, Obsessed Stalker","ltc","Tales of Middle-earth Commander","26","rare","en",1,"NM","nonfoil",false,false,false,0.35,0.87,0,0.68,0,0,"e5a43cf0-60b3-4770-945c-41ee3ec54d5a","box","bulk"
"Lobelia, Defender of Bag End","ltc","Tales of Middle-earth Commander","27","rare","en",1,"NM","nonfoil",false,false,false,0.32,0.36,0,1.23,0,0,"6d67a523-bda9-4f8b-bd50-dc015f9b4b7a","box","bulk"
"Rapacious Guest","ltc","Tales of Middle-earth Commander","28","rare","en",1,"NM","nonfoil",false,false,false,0.48,1.48,0,0,0,0,"ff9dfba4-07d2-4407-a441-88acc7284d43","deck","Disturbi alimentari - Main"
"Assemble the Entmoot","ltc","Tales of Middle-earth Commander","36","rare","en",1,"NM","nonfoil",false,false,false,0.35,0.61,0,0,0,0,"409c226b-ef01-4ccd-b23e-d94bdc1e4aa5","box","bulk"
"Feasting Hobbit","ltc","Tales of Middle-earth Commander","37","rare","en",1,"NM","nonfoil",false,false,false,0.39,0.49,0,1.00,0,0,"17662301-7284-40d4-af51-45a496c0eac0","box","bulk"
"Motivated Pony","ltc","Tales of Middle-earth Commander","42","rare","en",1,"NM","nonfoil",false,false,false,0.30,0.27,0,0.10,0,0,"9be4f8b6-90ef-4c77-ae70-bffae229d243","deck","Disturbi alimentari - Main"
"Prize Pig","ltc","Tales of Middle-earth Commander","43","rare","en",1,"NM","nonfoil",false,false,false,0.35,0.53,0,0,0,0,"a0b202d8-3c25-467e-86ed-6bea19bb869f","box","bulk"
"Banquet Guests","ltc","Tales of Middle-earth Commander","47","rare","en",1,"NM","nonfoil",false,false,false,0.37,1.02,0,0,0,0,"f4994a52-667f-46cf-9893-2f18b1f8bea2","box","bulk"
"Bilbo, Birthday Celebrant","ltc","Tales of Middle-earth Commander","48","rare","en",1,"NM","nonfoil",false,false,false,0.31,0.35,0,1.49,0,0,"4cf6c13b-d898-4066-b006-9a7fa896d55a","box","bulk"
"Farmer Cotton","ltc","Tales of Middle-earth Commander","55","rare","en",1,"NM","nonfoil",false,false,false,1.41,2.47,0,1.00,0,0,"25b49eaa-13e7-4f4e-b0dc-56ebd28a4a22","deck","Disturbi alimentari - Main"
"Merry, Warden of Isengard","ltc","Tales of Middle-earth Commander","61","rare","en",1,"NM","nonfoil",false,false,false,0.29,0.57,0,0,0,0,"56a66d3b-3308-4db7-8fc1-97bb85bdcbf3","deck","Disturbi alimentari - Main"
"Pippin, Warden of Isengard","ltc","Tales of Middle-earth Commander","65","rare","en",1,"NM","nonfoil",false,false,false,0.41,1.20,0,0.44,0,0,"a0a7a648-125a-4cf4-bf8b-e1773d8723ff","deck","Disturbi alimentari - Main"
"Treebeard, Gracious Host","ltc","Tales of Middle-earth Commander","73","rare","en",1,"NM","nonfoil",false,false,false,1.65,3.93,0,6.57,0,0,"cf6be41a-1acd-4668-8f13-ccd495fbc7bd","box","bulk"
"Hithlain Rope","ltc","Tales of Middle-earth Commander","76","rare","en",1,"NM","nonfoil",false,false,false,0.42,0.50,0,0,0,0,"bbe6e907-eafb-402c-8b8f-4c01fb168a0b","box","bulk"
"Call for Unity","ltc","Tales of Middle-earth Commander","163","rare","en",1,"NM","nonfoil",false,false,false,0.35,0.21,0,0,0,0,"8264f32c-0cfb-4233-9626-0cbb44a01a93","box","bulk"
"Dawn of Hope","ltc","Tales of Middle-earth Commander","164","rare","en",1,"NM","nonfoil",false,false,false,0.31,0.33,0,0,0,0,"08033756-5fee-49c1-a968-9ed3e70cd571","box","bulk"
"Dusk // Dawn","ltc","Tales of Middle-earth Commander","166","rare","en",1,"NM","nonfoil",false,false,false,0.34,0.22,0,0,0,0,"13aab303-8693-4d67-87af-09188a3f617c","box","bulk"
"Fell the Mighty","ltc","Tales of Middle-earth Commander","167","rare","en",1,"NM","nonfoil",false,false,false,0.33,0.26,0,0,0,0,"4c0b7345-7f42-4264-a7cb-733280326aca","box","bulk"
"Fumigate","ltc","Tales of Middle-earth Commander","170","rare","en",1,"NM","nonfoil",false,false,false,0.37,0.27,0,0,0,0,"50a2bca4-8bac-4b8d-970e-1f438c9ee6bb","box","bulk"
"Mentor of the Meek","ltc","Tales of Middle-earth Commander","173","rare","en",1,"NM","nonfoil",false,false,false,0.29,0.29,0,0.15,0,0,"baaf85d2-3595-45ec-8257-f7bc301d308b","box","bulk"
"Path to Exile","ltc","Tales of Middle-earth Commander","175","uncommon","en",1,"NM","nonfoil",false,false,false,1.43,1.29,0,0.70,0,0,"58237803-5afc-445f-ba95-2233935fdac1","maybeboard","Disturbi alimentari - Maybeboard"
"Swords to Plowshares","ltc","Tales of Middle-earth Commander","178","uncommon","en",1,"NM","nonfoil",false,false,false,1.75,1.47,0,0.35,0,0,"c6563536-2751-4b09-8e28-23438eb32533","deck","Disturbi alimentari - Main"
"Crypt Incursion","ltc","Tales of Middle-earth Commander","198","common","en",1,"NM","nonfoil",false,false,false,0.32,0.75,0,0,0,0,"f1c94279-1836-4d7f-a53a-615147407a8b","box","bulk"
"Go for the Throat","ltc","Tales of Middle-earth Commander","201","uncommon","en",1,"NM","nonfoil",false,false,false,0.43,1.06,0,0,0,0,"96a5452c-f5ba-4ce3-a465-0ee20440b119","box","bulk"
"Night's Whisper","ltc","Tales of Middle-earth Commander","205","common","en",1,"NM","nonfoil",false,false,false,0.39,1.08,0,0,0,0,"7de8ae91-7eaa-45e2-bf34-4bb797ffca00","box","bulk"
"Sanguine Bond","ltc","Tales of Middle-earth Commander","208","rare","en",1,"NM","nonfoil",false,false,false,5.79,4.49,0,0.80,0,0,"61248b5d-3f4b-4329-a1af-7252443883a0","maybeboard","Disturbi alimentari - Maybeboard"
"Toxic Deluge","ltc","Tales of Middle-earth Commander","209","rare","en",1,"NM","nonfoil",false,false,false,6.11,6.51,0,3.75,0,0,"dc988247-1072-4e47-a656-8c5b1391dfca","box","bulk"
"Cultivate","ltc","Tales of Middle-earth Commander","236","common","en",1,"NM","nonfoil",false,false,false,0.39,0.53,0,0.30,0,0,"3217b813-7c21-473c-b65b-5766b0dc7803","box","bulk"
"Essence Warden","ltc","Tales of Middle-earth Commander","242","common","en",1,"NM","nonfoil",false,false,false,9.41,4.34,0,2.50,0,0,"ff09be4d-bbcc-4c25-9df2-b3df07fca955","box","bulk"
"Farseek","ltc","Tales of Middle-earth Commander","244","common","en",1,"NM","nonfoil",false,false,false,0.75,1.52,0,0,0,0,"d2f89cec-358c-41cd-af02-92d873902f06","maybeboard","Disturbi alimentari - Maybeboard"
"Gilded Goose","ltc","Tales of Middle-earth Commander","246","rare","en",1,"NM","nonfoil",false,false,false,0.34,0.85,0,1.30,0,0,"0d6977e9-dd8d-4796-9fee-443a25757e09","maybeboard","Disturbi alimentari - Maybeboard"
"Great Oak Guardian","ltc","Tales of Middle-earth Commander","247","uncommon","en",1,"NM","nonfoil",false,false,false,0.33,0.23,0,0.50,0,0,"b5c7f189-ffab-4e45-a66c-f9410f0e8e43","box","bulk"
"Harmonize","ltc","Tales of Middle-earth Commander","248","uncommon","en",1,"NM","nonfoil",false,false,false,0.26,0.26,0,0,0,0,"de5e6626-fb5a-45a4-bb8c-580980e0337e","box","bulk"
"Orchard Strider","ltc","Tales of Middle-earth Commander","253","common","en",1,"NM","nonfoil",false,false,false,0.16,0.20,0,0,0,0,"b3e12eb9-ab0f-4526-917b-f85aba13c1b9","box","bulk"
"Prosperous Innkeeper","ltc","Tales of Middle-earth Commander","256","uncommon","en",1,"NM","nonfoil",false,false,false,0.32,0.37,0,0,0,0,"8ba35b71-070e-482f-8a48-615a39631719","maybeboard","Disturbi alimentari - Maybeboard"
"Tireless Provisioner","ltc","Tales of Middle-earth Commander","262","uncommon","en",1,"NM","nonfoil",false,false,false,4.29,5.35,0,1.39,0,0,"995938ee-3ba7-42c9-9e0f-76b4a105f55e","deck","Disturbi alimentari - Main"
"Woodfall Primus","ltc","Tales of Middle-earth Commander","264","rare","en",1,"NM","nonfoil",false,false,false,0.33,0.32,0,0.25,0,0,"c9d7acdf-1bce-4646-b3e2-7787b6d7a5f3","box","bulk"
"Anguished Unmaking","ltc","Tales of Middle-earth Commander","265","rare","en",1,"NM","nonfoil",false,false,false,2.04,2.24,0,0.50,0,0,"7e798845-4d8a-46ea-8507-41edcb6c1f80","box","bulk"
"Mortify","ltc","Tales of Middle-earth Commander","269","uncommon","en",1,"NM","nonfoil",false,false,false,0.27,0.18,0,0.08,0,0,"000d913b-adc4-4075-83d9-4a510280c91e","box","bulk"
"Savvy Hunter","ltc","Tales of Middle-earth Commander","271","uncommon","en",1,"NM","nonfoil",false,false,false,0.30,0.22,0,0,0,0,"2285b3a3-782e-4acd-bf32-cb116c27b883","deck","Disturbi alimentari - Main"
"Arcane Signet","ltc","Tales of Middle-earth Commander","273","common","en",1,"NM","nonfoil",false,false,false,0.62,0.57,0,0.50,0,0,"4e92354d-c203-41e1-822d-8263fadd9eb3","deck","Disturbi alimentari - Main"
"Chromatic Lantern","ltc","Tales of Middle-earth Commander","275","rare","en",1,"NM","nonfoil",false,false,false,1.41,1.76,0,2.19,0,0,"cf2fac9f-6749-4ca2-93c9-0dc068a220ec","box","bulk"
"Commander's Sphere","ltc","Tales of Middle-earth Commander","276","common","en",1,"NM","nonfoil",false,false,false,0.35,0.25,0,0.10,0,0,"6620b4a3-fa33-4bd7-9180-314919d8ea2a","box","bulk"
"Pristine Talisman","ltc","Tales of Middle-earth Commander","283","common","en",1,"NM","nonfoil",false,false,false,0.39,0.35,0,0,0,0,"92a0093b-ef5d-4697-b85d-d890fcddc66d","box","bulk"
"Sol Ring","ltc","Tales of Middle-earth Commander","284","uncommon","en",1,"NM","nonfoil",false,false,false,1.78,1.75,0,2.00,0,0,"5805f64c-dd88-4e94-8f0a-a01dae67e3ba","deck","Disturbi alimentari - Main"
"Trading Post","ltc","Tales of Middle-earth Commander","288","rare","en",1,"NM","nonfoil",false,false,false,0.37,0.22,0,0,0,0,"e6728c66-69b6-4cb0-922f-4c264f009218","box","bulk"
"Well of Lost Dreams","ltc","Tales of Middle-earth Commander","291","rare","en",1,"NM","nonfoil",false,false,false,1.11,1.44,0,0,0,0,"fe839cbc-7eae-4f86-be35-96542223347c","box","bulk"
"Access Tunnel","ltc","Tales of Middle-earth Commander","294","uncommon","en",1,"NM","nonfoil",false,false,false,0.38,0.70,0,0,0,0,"8101166d-03e1-4bc9-b50a-05743c02d653","box","bulk"
"Ash Barrens","ltc","Tales of Middle-earth Commander","295","uncommon","en",1,"NM","nonfoil",false,false,false,0.34,0.25,0,0,0,0,"d38dade6-1b83-4a7e-a424-f605a3d83de9","box","bulk"
"Brushland","ltc","Tales of Middle-earth Commander","297","rare","en",1,"NM","nonfoil",false,false,false,1.27,0.90,0,3.00,0,0,"0cd9fc50-4930-45c8-8b58-19ba4bc22d62","box","bulk"
"Canopy Vista","ltc","Tales of Middle-earth Commander","298","rare","en",1,"NM","nonfoil",false,false,false,0.38,0.34,0,0.40,0,0,"8529ffd4-9dbb-4d5b-8c96-9049da5952b7","box","bulk"
"Command Tower","ltc","Tales of Middle-earth Commander","301","common","en",1,"NM","nonfoil",false,false,false,0.38,0.32,0,0.10,0,0,"5306a95e-fb18-463d-81a9-3c3b8121fc94","box","bulk"
"Evolving Wilds","ltc","Tales of Middle-earth Commander","306","common","en",1,"NM","nonfoil",false,false,false,0.23,0.09,0,0.02,0,0,"e24ec4c1-5a28-450d-8e37-62a154749ee6","box","bulk"
"Exotic Orchard","ltc","Tales of Middle-earth Commander","307","rare","en",1,"NM","nonfoil",false,false,false,0.42,0.28,0,0.10,0,0,"a3120b65-f021-467e-bd9f-27329134a743","box","bulk"
"Fortified Village","ltc","Tales of Middle-earth Commander","311","rare","en",1,"NM","nonfoil",false,false,false,0.29,0.33,0,0,0,0,"85b184b1-5ce1-49c0-8173-2fa1fd26a75b","box","bulk"
"Ghost Quarter","ltc","Tales of Middle-earth Commander","314","uncommon","en",1,"NM","nonfoil",false,false,false,0.42,0.73,0,0,0,0,"25e987d9-6a69-46af-bd9f-8e505fa721bb","box","bulk"
"Graypelt Refuge","ltc","Tales of Middle-earth Commander","316","uncommon","en",1,"NM","nonfoil",false,false,false,0.33,0.13,0,0.41,0,0,"07e81ace-4d75-4d79-ab99-c42288580def","box","bulk"
"Isolated Chapel","ltc","Tales of Middle-earth Commander","318","rare","en",1,"NM","nonfoil",false,false,false,0.37,0.77,0,0,0,0,"62a7fc91-43c0-49be-ae14-d0a8efb3a185","box","bulk"
"Murmuring Bosk","ltc","Tales of Middle-earth Commander","320","rare","en",1,"NM","nonfoil",false,false,false,0.33,0.41,0,0.19,0,0,"6bebaafc-2114-4e00-a7f1-cd43a8d92d18","box","bulk"
"Necroblossom Snarl","ltc","Tales of Middle-earth Commander","321","rare","en",1,"NM","nonfoil",false,false,false,0.46,0.71,0,0,0,0,"408c1419-15b9-4a51-b391-3be0805ef64a","box","bulk"
"Path of Ancestry","ltc","Tales of Middle-earth Commander","322","common","en",1,"NM","nonfoil",false,false,false,0.30,0.19,0,0,0,0,"d79e2780-94ae-41bb-af48-c63abc726fb5","box","bulk"
"Rogue's Passage","ltc","Tales of Middle-earth Commander","326","uncommon","en",1,"NM","nonfoil",false,false,false,0.42,0.46,0,0,0,0,"86438671-fdb8-4a82-b1e8-ef51fa4078df","box","bulk"
"Sandsteppe Citadel","ltc","Tales of Middle-earth Commander","327","uncommon","en",1,"NM","nonfoil",false,false,false,0.30,0.41,0,0.15,0,0,"1aa64692-264f-4410-b62f-5aa8833c435c","box","bulk"
"Scattered Groves","ltc","Tales of Middle-earth Commander","328","rare","en",1,"NM","nonfoil",false,false,false,0.27,0.29,0,0,0,0,"25a62cf4-4432-4081-9f82-a984da1e04e2","box","bulk"
"Scoured Barrens","ltc","Tales of Middle-earth Commander","329","common","en",1,"NM","nonfoil",false,false,false,0.24,0.24,0,0,0,0,"475742a1-b390-44a0-9941-14582cb29980","box","bulk"
"Shineshadow Snarl","ltc","Tales of Middle-earth Commander","331","rare","en",1,"NM","nonfoil",false,false,false,0.28,0.28,0,0,0,0,"cec71aaf-361f-40e0-aad8-bfa27a7f6838","box","bulk"
"Sunpetal Grove","ltc","Tales of Middle-earth Commander","336","rare","en",1,"NM","nonfoil",false,false,false,0.59,1.16,0,0,0,0,"6a918ba2-5f03-4024-999d-2d2942a1cac1","box","bulk"
"Woodland Cemetery","ltc","Tales of Middle-earth Commander","346","rare","en",1,"NM","nonfoil",false,false,false,0.49,1.19,0,1.00,0,0,"fef40e37-f2fe-4162-a780-7ad109821bd3","box","bulk"
"Nazgûl Battle-Mace","ltc","Tales of Middle-earth Commander","510","rare","en",1,"NM","nonfoil",false,false,false,20.58,8.28,19.74,8.82,0,0,"8a08f237-fc13-475f-860f-011dfa4a1a67","box","ProXy"
"Dúnedain Blade","ltr","The Lord of the Rings: Tales of Middle-earth","6","common","en",1,"NM","nonfoil",false,false,false,0.14,0.03,0.22,0.14,0,0,"3d5f92bf-e4e7-487a-834c-964fdd6ad674","box","Spiderman"
"Eagles of the North","ltr","The Lord of the Rings: Tales of Middle-earth","7","common","en",1,"NM","nonfoil",false,false,false,0.23,0.11,0.31,0.40,0,0,"c1bd3bc0-77bd-40fe-b4f1-835a04cb6e41","box","bulk"
"Landroval, Horizon Witness","ltr","The Lord of the Rings: Tales of Middle-earth","21","uncommon","en",1,"NM","nonfoil",false,false,false,0.13,0.05,0.17,0.11,0,0,"5684483b-9a6a-499b-a5e1-e2815ee03cdb","box","Spiderman"
"Landroval, Horizon Witness","ltr","The Lord of the Rings: Tales of Middle-earth","21","uncommon","en",1,"NM","nonfoil",false,false,false,0.13,0.05,0.17,0.11,0,0,"5684483b-9a6a-499b-a5e1-e2815ee03cdb","box","bulk"
"Rosie Cotton of South Lane","ltr","The Lord of the Rings: Tales of Middle-earth","27","uncommon","en",1,"NM","nonfoil",false,false,false,0.33,0.12,0.44,0.26,0,0,"75338f49-1f02-4333-87e4-5779ef14e688","deck","Disturbi alimentari - Main"
"Shire Shirriff","ltr","The Lord of the Rings: Tales of Middle-earth","30","uncommon","en",1,"NM","nonfoil",false,false,false,0.15,0.03,0.15,0.23,0,0,"444b687f-2571-4c55-a497-d24b9e18bc0f","box","bulk"
"Knights of Dol Amroth","ltr","The Lord of the Rings: Tales of Middle-earth","59","common","en",1,"NM","nonfoil",false,false,false,0.11,0.04,0.19,0.09,0,0,"661338ff-a192-4007-a144-63d00f2e9ecb","box","Spiderman"
"Meneldor, Swift Savior","ltr","The Lord of the Rings: Tales of Middle-earth","62","uncommon","en",1,"NM","nonfoil",false,false,false,0.12,0.14,0.27,0.15,0,0,"62d2ee20-abbc-4a9d-8d30-4223242123e8","box","Spiderman"
"Surrounded by Orcs","ltr","The Lord of the Rings: Tales of Middle-earth","73","common","en",1,"NM","nonfoil",false,false,false,0.06,0.03,0.28,0.11,0,0,"1c50d4c8-2311-4394-b73f-389eb81e898b","box","Ff gift box"
"Lash of the Balrog","ltr","The Lord of the Rings: Tales of Middle-earth","92","common","en",1,"NM","nonfoil",false,false,false,0.17,0.05,0.13,0.11,0,0,"812fee97-e145-4458-b495-bc6ad227335b","box","Spiderman"
"Mirkwood Bats","ltr","The Lord of the Rings: Tales of Middle-earth","95","common","en",1,"NM","nonfoil",false,false,false,1.41,0.37,2.11,0.38,0,0,"15f035df-784a-4dc8-b7f5-77139a4e6e99","deck","Disturbi alimentari - Main"
"Mordor Muster","ltr","The Lord of the Rings: Tales of Middle-earth","96","common","en",1,"NM","nonfoil",false,false,false,0.20,0.06,0.24,0.15,0,0,"aae2f15a-0629-453e-992c-a199af194a3c","box","Ff gift box"
"Orcish Bowmasters","ltr","The Lord of the Rings: Tales of Middle-earth","103","rare","en",1,"NM","nonfoil",false,false,false,46.07,31.70,55.17,38.59,0,0,"7c024bae-5631-4e20-ac69-df392ac9e109","deck","Sad Men Parade - Main"
"Orcish Medicine","ltr","The Lord of the Rings: Tales of Middle-earth","104","common","en",1,"NM","nonfoil",false,false,false,0.18,0.12,0.30,0.16,0,0,"66fae9ab-2302-4dea-a4e8-701938a0ef09","box","Ff gift box"
"Snarling Warg","ltr","The Lord of the Rings: Tales of Middle-earth","109","common","en",1,"NM","nonfoil",false,false,false,0.07,0.04,0.23,0.10,0,0,"a1ad561c-ccb4-480a-88a4-0555d0ef245e","box","Spiderman"
"Fiery Inscription","ltr","The Lord of the Rings: Tales of Middle-earth","126","uncommon","en",1,"NM","nonfoil",false,false,false,0.44,0.25,1.13,0.68,0,0,"8c321159-43e5-40fc-9f0c-4ecc4f6cfd20","box","Ff gift box"
"Improvised Club","ltr","The Lord of the Rings: Tales of Middle-earth","137","common","en",1,"NM","nonfoil",false,false,false,0.14,0.16,0.18,0.14,0,0,"b8397d13-eeaf-4b4e-b3cd-9a9ac231873a","box","Spiderman"
"Oliphaunt","ltr","The Lord of the Rings: Tales of Middle-earth","139","common","en",1,"NM","nonfoil",false,false,false,0.24,0.15,0.34,0.30,0,0,"6989018c-37b1-4282-a4af-9cc97f160b4d","box","Spiderman"
"There and Back Again","ltr","The Lord of the Rings: Tales of Middle-earth","151","rare","en",1,"NM","nonfoil",false,false,false,4.71,1.92,5.31,3.07,0,0,"939b0bd0-24ea-45de-a2d3-37bbf6a3e6f9","box","Spiderman"
"Warbeast of Gorgoroth","ltr","The Lord of the Rings: Tales of Middle-earth","152","common","en",1,"NM","nonfoil",false,false,false,0.15,0.08,0.28,0.12,0,0,"5eeecb9e-fbde-429b-b3da-18a4dbadf6de","box","Ff gift box"
"Celeborn the Wise","ltr","The Lord of the Rings: Tales of Middle-earth","156","uncommon","en",1,"NM","nonfoil",false,false,false,0.12,0.07,0.11,0.18,0,0,"2daf449a-5f3e-44fd-968e-55d8517ae797","box","Spiderman"
"Enraged Huorn","ltr","The Lord of the Rings: Tales of Middle-earth","162","common","en",1,"NM","nonfoil",false,false,false,0.17,0.04,0.22,0.15,0,0,"a9b48836-6d37-46eb-8c41-a3eeecc72ae1","box","Spiderman"
"Fangorn, Tree Shepherd","ltr","The Lord of the Rings: Tales of Middle-earth","166","rare","en",1,"NM","nonfoil",false,false,false,0.44,0.26,0.43,0.53,0,0,"0fb0f946-2127-4aa3-88ac-9bd2e94d8983","box","Ff gift box"
"Generous Ent","ltr","The Lord of the Rings: Tales of Middle-earth","169","common","en",1,"NM","nonfoil",false,false,false,3.07,2.07,4.05,2.44,0,0,"85d22d5d-3875-42ff-b51e-c6e21db201f5","box","bulk"
"Generous Ent","ltr","The Lord of the Rings: Tales of Middle-earth","169","common","en",1,"NM","nonfoil",false,false,false,3.07,2.07,4.05,2.44,0,0,"85d22d5d-3875-42ff-b51e-c6e21db201f5","box","Spiderman"
"Mushroom Watchdogs","ltr","The Lord of the Rings: Tales of Middle-earth","180","common","en",1,"NM","nonfoil",false,false,false,0.24,0.06,0.27,0.18,0,0,"d15fd66d-fa7e-411d-9014-a56caa879d93","box","Spiderman"
"Quickbeam, Upstart Ent","ltr","The Lord of the Rings: Tales of Middle-earth","183","uncommon","en",1,"NM","nonfoil",false,false,false,0.18,0.07,0.28,0.15,0,0,"b889037f-b95f-4756-80aa-04097d2818c3","box","Spiderman"
"Radagast the Brown","ltr","The Lord of the Rings: Tales of Middle-earth","184","mythic","en",1,"NM","nonfoil",false,false,false,0.96,0.81,1.42,2.62,0,0,"b3988120-ebbe-4d24-9bb4-8c5331a14034","box","Spiderman"
"Revive the Shire","ltr","The Lord of the Rings: Tales of Middle-earth","185","common","en",1,"NM","nonfoil",false,false,false,0.24,0.10,0.34,0.22,0,0,"46b7f493-1b57-4b07-8510-30703282f879","box","bulk"
"Arwen Undómiel","ltr","The Lord of the Rings: Tales of Middle-earth","194","uncommon","en",1,"NM","nonfoil",false,false,false,0.22,0.15,0.30,0.29,0,0,"c544e301-13b4-4dec-b65c-d54809bb7736","box","Spiderman"
"Butterbur, Bree Innkeeper","ltr","The Lord of the Rings: Tales of Middle-earth","197","uncommon","en",1,"NM","nonfoil",false,false,false,0.14,0.05,0.20,0.27,0,0,"f3fd9ff1-278b-4e6a-b30b-90250d8b5762","box","bulk"
"Gwaihir the Windlord","ltr","The Lord of the Rings: Tales of Middle-earth","210","uncommon","en",1,"NM","nonfoil",false,false,false,0.38,0.09,0.27,0.34,0,0,"1a42c951-1146-4f49-a690-7d385962b191","box","Spiderman"
"Legolas, Counter of Kills","ltr","The Lord of the Rings: Tales of Middle-earth","212","uncommon","en",1,"NM","nonfoil",false,false,false,0.13,0.10,0.34,0.11,0,0,"c8bd408c-9e6d-436d-9c4f-9ef3203aeb64","box","Spiderman"
"Ringsight","ltr","The Lord of the Rings: Tales of Middle-earth","220","uncommon","en",1,"NM","nonfoil",false,false,false,0.36,0.19,0.47,0.64,0,0,"3700a65c-6f54-4d56-9c6f-8364c45a058c","box","Ff gift box"
"Mirror of Galadriel","ltr","The Lord of the Rings: Tales of Middle-earth","244","uncommon","en",1,"NM","nonfoil",false,false,false,0.12,0.10,0.34,0.31,0,0,"bc95036f-98f2-4ea7-93bb-542ad7064540","box","Spiderman"
"Shire Terrace","ltr","The Lord of the Rings: Tales of Middle-earth","261","common","en",1,"NM","nonfoil",false,false,false,0.26,0.08,0.41,0.24,0,0,"25932483-58cd-4ae5-82bf-ab455177d117","deck","Disturbi alimentari - Main"
"Plains","ltr","The Lord of the Rings: Tales of Middle-earth","263","common","en",4,"NM","nonfoil",false,false,false,0.23,0.10,0.32,0.13,0,0,"5bb495cc-9908-455e-bec9-3993d595f4f9","box","bulk"
"Swamp","ltr","The Lord of the Rings: Tales of Middle-earth","266","common","en",4,"NM","nonfoil",false,false,false,0.18,0.13,0.24,0.16,0,0,"2a0fba6e-54d2-498c-83bc-41024307e608","box","bulk"
"Forest","ltr","The Lord of the Rings: Tales of Middle-earth","271","common","en",8,"NM","nonfoil",false,false,false,0.19,0.11,0.26,0.13,0,0,"07264de1-4322-4adb-8f08-c0aa236747c7","box","bulk"
"Plains","ltr","The Lord of the Rings: Tales of Middle-earth","273","common","en",1,"NM","nonfoil",false,false,false,0.56,0.31,0.88,0.63,0,0,"8538a97f-302d-468a-8a6c-50c800d614e5","box","Ff gift box"
"Frodo, Sauron's Bane","ltr","The Lord of the Rings: Tales of Middle-earth","304","rare","en",1,"NM","nonfoil",false,false,false,0.43,0.41,0.38,1.16,0,0,"6d08e637-c2b3-4b38-9b07-5bba1f13efc3","maybeboard","Disturbi alimentari - Maybeboard"
"Legolas, Counter of Kills","ltr","The Lord of the Rings: Tales of Middle-earth","324","uncommon","en",1,"NM","nonfoil",false,false,false,0.22,0.11,0.31,0.45,0,0,"30fe0cb4-71f0-4acb-af1a-a48775826487","box","Spiderman"
"Lotho, Corrupt Shirriff","ltr","The Lord of the Rings: Tales of Middle-earth","370","rare","en",1,"NM","nonfoil",false,false,false,13.79,10.92,24.82,25.33,0,0,"69d97af0-8af0-4124-b56f-2633d34e5574","deck","Disturbi alimentari - Main"
"Last March of the Ents","ltr","The Lord of the Rings: Tales of Middle-earth","418","mythic","en",1,"NM","nonfoil",false,false,false,33.73,22.56,37.31,26.26,0,0,"66763118-6a1e-465a-bfe0-6fe18c419875","box","ProXy"
"Oliphaunt","ltr","The Lord of the Rings: Tales of Middle-earth","426","common","en",1,"NM","nonfoil",false,false,false,0.18,0.27,0.44,0.27,0,0,"fa65958a-f601-472e-a9b6-42650b97fa44","box","Spiderman"
"Many Partings","ltr","The Lord of the Rings: Tales of Middle-earth","445","common","en",1,"NM","nonfoil",false,false,false,0.23,0.08,0.39,0.25,0,0,"7769f0ce-b31b-4cb5-8635-2b9b70114180","box","Ff gift box"
"Borne Upon a Wind","ltr","The Lord of the Rings: Tales of Middle-earth","495","rare","en",1,"NM","nonfoil",false,false,false,13.06,9.27,26.05,22.84,0,0,"728cb877-4361-4352-9c8b-57972a40bd4e","box","ProXy"
"Bitter Downfall","ltr","The Lord of the Rings: Tales of Middle-earth","528","uncommon","en",1,"NM","nonfoil",false,false,false,0.25,0.22,0.33,0.31,0,0,"f17fb28d-7751-461f-9c5b-0e3da9dd749d","box","Ff gift box"
"Ranger's Firebrand","ltr","The Lord of the Rings: Tales of Middle-earth","594","uncommon","en",1,"NM","nonfoil",false,false,false,0.22,0.29,0.33,0.29,0,0,"e1a4e3e5-5d26-470b-94d2-885b575744b3","box","Ff gift box"
"Ent's Fury","ltr","The Lord of the Rings: Tales of Middle-earth","615","common","en",1,"NM","nonfoil",false,false,false,0.26,0.36,0.30,0.26,0,0,"8a90d236-27af-4c9e-80eb-0f09b4088ac9","box","Ff gift box"
"Mithril Coat","ltr","The Lord of the Rings: Tales of Middle-earth","696","rare","en",1,"NM","nonfoil",false,false,false,42.97,23.95,55.77,48.89,0,0,"dc6f98e8-49ca-4a12-9376-54365f49c857","box","ProXy"
"Great Hall of the Citadel","ltr","The Lord of the Rings: Tales of Middle-earth","705","common","en",1,"NM","nonfoil",false,false,false,1.50,0.97,3.62,3.17,0,0,"b97f2ed8-d8e3-40a6-bcf8-a36cfd81f685","box","ProXy"
"Mount Doom","ltr","The Lord of the Rings: Tales of Middle-earth","750","mythic","en",1,"NM","nonfoil",false,false,false,147.82,171.17,253.02,219.31,0,0,"6ad857f8-3c78-4333-b6c9-ac57b6b70888","deck","Sad Men Parade - Main"
"Delighted Halfling","ltr","The Lord of the Rings: Tales of Middle-earth","774","rare","en",1,"NM","foil",false,false,false,0,16.00,36.25,23.68,0,0,"a8a8eee9-5faf-4bc8-8f4f-bb7e6090c588","deck","Disturbi alimentari - Main"
"Andúril, Flame of the West","ltr","The Lord of the Rings: Tales of Middle-earth","786","mythic","en",2,"NM","foil",false,false,false,0,4.39,8.33,5.36,0,0,"7ebd275e-f097-448c-aba3-eab8ee8c9a8c","box","ProXy"
"Glamdring","ltr","The Lord of the Rings: Tales of Middle-earth","787","mythic","en",1,"NM","foil",false,false,false,1.86,2.88,4.32,2.57,0,0,"8c30e7a3-836a-4239-84dc-bc000ad22afd","box","ProXy"
"The One Ring","ltr","The Lord of the Rings: Tales of Middle-earth","791","mythic","en",1,"NM","foil",false,false,false,0,178.50,225.97,186.24,0,0,"6e817a37-235f-46fd-b857-9003b2264d10","deck","Sad Men Parade - Main"
"Llanowar Elves","m10","Magic 2010","189","common","en",1,"NM","nonfoil",false,false,false,0.29,0.36,4.05,2.15,0,0,"199e047c-823b-4d18-a5e9-6de3e6989858","box","Avatar bundle"
"Whispersilk Cloak","m10","Magic 2010","221","uncommon","en",1,"NM","nonfoil",false,false,false,4.29,1.21,11.51,4.52,0,0,"cbb9465c-cea2-491f-a6d6-9022cb3e969d","box","ProXy"
"Giant Growth","m11","Magic 2011","178","common","en",1,"NM","nonfoil",false,false,false,0.07,0.07,0.49,0.55,0,0,"340c33e0-2e41-4e08-a958-124860225735","box","Avatar bundle"
"Grand Abolisher","m12","Magic 2012","19","rare","en",1,"NM","nonfoil",false,false,false,18.44,9.95,44.68,23.81,0,0,"67e35a40-37dd-436c-b4ac-b17b04508c1f","box","ProXy"
"Llanowar Elves","m12","Magic 2012","182","common","en",1,"NM","nonfoil",false,false,false,0.36,0.31,1.04,2.00,0,0,"01c6f877-6b00-4d57-8a88-36cd3b16edbc","box","Ff chchobo bundle"
"Sundial of the Infinite","m12","Magic 2012","218","rare","en",1,"NM","nonfoil",false,false,false,14.53,11.20,25.60,13.69,0,0,"36d3da9c-cb7a-4cea-b6e6-6722bd16c73c","deck","Sad Men Parade - Main"
"Glacial Fortress","m12","Magic 2012","227","rare","en",1,"NM","nonfoil",false,false,false,0.38,1.01,4.36,3.15,0,0,"8b3601d4-4091-465e-8c18-0cd717258211","box","ProXy"
"Grim Return","m14","Magic 2014","100","rare","en",1,"NM","nonfoil",false,false,false,0.55,0.83,6.00,2.03,0,0,"15b69f74-3b54-4db4-abf3-b71db8cc9562","box","Foundation"
"Tormod's Crypt","m15","Magic 2015","237","uncommon","en",2,"NM","nonfoil",false,false,false,0.51,0.81,1.10,1.90,0,0,"314bb937-1b1e-4daa-8b9e-2d282e8f433b","box","ProXy"
"Infuriate","m20","Core Set 2020","145","common","en",1,"NM","nonfoil",false,false,false,0.15,0.07,0.31,0.40,0,0,"7ac778f6-8997-47ee-a676-3eb9f8d1592f","box","Avatar bundle"
"Veil of Summer","m20","Core Set 2020","198","uncommon","en",1,"NM","nonfoil",false,false,false,3.34,3.04,28.40,18.58,0,0,"aa686c34-1c11-469f-93c2-f9891aea521f","deck","La cosa verde - Main"
"Terror of the Peaks","m21","Core Set 2021","369","mythic","en",1,"NM","nonfoil",false,false,false,51.02,50.75,91.80,105.92,0,0,"ac35ea21-fef4-4000-9b22-c8d07420827b","deck","Sad Men Parade - Main"
"Garruk's Uprising","m3c","Modern Horizons 3 Commander","229","uncommon","en",1,"NM","foil",false,false,false,0.43,0.51,3.49,2.32,0,0,"b65810e6-e163-46a9-b2c0-941c53e5255a","deck","La cosa verde - Main"
"Eldrazi Monument","m3c","Modern Horizons 3 Commander","290","mythic","en",1,"NM","nonfoil",false,false,false,9.78,5.60,17.99,7.01,0,0,"f8ecdf65-c6e6-4dac-899b-55cd80242629","deck","La cosa verde - Main"
"Idol of Oblivion","m3c","Modern Horizons 3 Commander","297","uncommon","en",1,"NM","nonfoil",false,false,false,4.02,0.96,6.99,3.22,0,0,"1c602e17-7eee-45f5-82d9-406cb4498b18","deck","Sad Men Parade - Main"
"Lightning Greaves","m3c","Modern Horizons 3 Commander","298","uncommon","en",2,"NM","nonfoil",false,false,false,4.73,3.86,8.99,8.81,0,0,"2f314778-7fa6-4807-b707-9f490dbf0d63","box","ProXy"
"Secluded Courtyard","m3c","Modern Horizons 3 Commander","372","uncommon","en",1,"NM","nonfoil",false,false,false,0.66,0.42,1.99,2.33,0,0,"ebb1e934-b013-47bf-984b-7ac89de6811b","box","Foundation"
"Return to the Ranks","mar","Marvel Universe","48","mythic","en",1,"NM","nonfoil",false,false,false,0.44,0.61,2.68,1.31,0,0,"bbc54478-d2f8-4abf-b664-cf014027c0dc","box","Spiderman"
"Steelshaper's Gift","mar","Marvel Universe","50","mythic","en",1,"NM","nonfoil",false,false,false,6.99,3.19,11.78,6.07,0,0,"44398c81-593a-4967-acf2-ec9823a10d33","box","Spiderman"
"Counterspell","mar","Marvel Universe","52","mythic","en",2,"NM","nonfoil",false,false,false,6.96,5.14,20.15,15.12,0,0,"379f4020-a58c-484d-9b44-72b200884079","box","Spiderman"
"Narset's Reversal","mar","Marvel Universe","58","mythic","en",1,"NM","nonfoil",false,false,false,1.07,1.16,1.66,5.05,0,0,"0355887d-eec7-4b1c-ada1-014ac7fce5c6","box","Spiderman"
"Primal Vigor","mar","Marvel Universe","81","mythic","en",1,"NM","nonfoil",false,false,false,4.19,2.48,4.43,2.94,0,0,"38d16f3a-a20f-4e98-8085-e4e09bc525d6","box","Spiderman"
"Rancor","mar","Marvel Universe","82","mythic","en",1,"NM","nonfoil",false,false,false,1.00,1.05,4.00,3.86,0,0,"377792bf-2d72-40eb-9e47-1d4a86980fa4","box","Spiderman"
"Steely Resolve","mar","Marvel Universe","83","mythic","en",1,"NM","nonfoil",false,false,false,1.87,1.53,2.76,3.00,0,0,"c443ee78-6bdc-4a74-9cad-93727b9fdbd6","box","Spiderman"
"Unnatural Growth","mar","Marvel Universe","84","mythic","en",1,"NM","nonfoil",false,false,false,1.38,0.87,3.00,1.61,0,0,"6b30090a-17b1-4e4d-a70c-bd232b5b3316","box","Spiderman"
"Iron Man, Titan of Innovation","mar","Marvel Universe","91","mythic","en",1,"NM","nonfoil",false,false,false,12.20,5.56,21.35,18.42,0,0,"20d54b22-62e8-48ac-ba65-0bdbf42d6cad","box","Spiderman"
"Sundering Growth","mar","Marvel Universe","95","mythic","en",1,"NM","nonfoil",false,false,false,0.40,0.81,1.32,1.85,0,0,"2aa6ff08-efd2-4f51-b899-19ba6815767a","box","Spiderman"
"Sword of Fire and Ice","mar","Marvel Universe","100","mythic","en",1,"NM","foil",false,false,false,23.80,12.22,36.24,25.44,0,0,"908770e0-5927-486a-b99b-64f165da4d90","box","Spiderman"
"Cathar Commando","mb2","Mystery Booster 2","5","common","en",1,"NM","nonfoil",false,false,false,0.20,0.20,0,0,0,0,"04661413-9bb4-4500-8855-2e9a3bbf1c29","box","Ff chchobo bundle"
"Pitiless Plunderer","mb2","Mystery Booster 2","46","uncommon","en",1,"NM","nonfoil",false,false,false,4.21,2.98,0,0,0,0,"6a4b4679-6ca9-49e1-a7ee-2b7a30e3e06c","deck","Sad Men Parade - Main"
"Wasteland","mb2","Mystery Booster 2","115","uncommon","en",1,"NM","nonfoil",false,false,false,16.30,21.18,0,0,0,0,"378c68f7-cf75-4835-8789-f266843851c3","box","ProXy"
"Underworld Breach","mb2","Mystery Booster 2","200","rare","en",1,"NM","nonfoil",false,false,false,9.82,7.60,56.76,39.66,0,0,"0b9755c8-ee39-4260-90f9-a398b3d06642","box","ProXy"
"Natural Order","mb2","Mystery Booster 2","210","mythic","en",1,"NM","nonfoil",false,false,false,14.23,16.36,29.91,22.77,0,0,"bce00c15-6f06-42c0-b72c-5d94e35a6f57","box","ProXy"
"Norwood Priestess","mb2","Mystery Booster 2","211","rare","en",1,"NM","nonfoil",false,false,false,1.27,1.19,12.92,2.81,0,0,"99a0d1c7-651a-4018-b0de-691cad8e8a56","box","ProXy"
"Consecrated Sphinx","mbs","Mirrodin Besieged","21","mythic","en",1,"NM","nonfoil",false,false,false,32.76,22.68,73.49,41.53,0,0,"b7f6b20c-9871-433c-8557-44493447e914","box","ProXy"
"Sword of Feast and Famine","mbs","Mirrodin Besieged","138","mythic","en",1,"NM","nonfoil",false,false,false,42.88,25.67,71.21,31.36,0,0,"580b4818-2a01-46ad-b4d9-7d895a625bb3","box","ProXy"
"Crypt Rats","mh1","Modern Horizons","84","uncommon","en",2,"NM","nonfoil",false,false,false,0.57,0.67,5.89,7.74,0,0,"96916db2-5121-4ff1-880c-369744f11ecf","box","Spiderman"
"Cleaving Sliver","mh1","Modern Horizons","121","common","en",1,"NM","nonfoil",false,false,false,0.24,0.10,0.67,0.93,0,0,"51b657f0-6636-4d8a-9176-81027816e0ec","box","Lorwin box"
"Fallen Shinobi","mh1","Modern Horizons","199","rare","en",1,"NM","nonfoil",false,false,false,7.30,4.77,17.79,7.61,0,0,"900c9dfd-ece1-4b09-a801-0fa05e1994b9","box","ProXy"
"Inevitable Betrayal","mh2","Modern Horizons 2","47","rare","en",1,"NM","nonfoil",false,false,false,1.50,0.60,1.63,0.98,0,0,"71725895-38cd-4017-bbf0-0b7dc9b5db60","box","Spiderman"
"Deepwood Denizen","mh2","Modern Horizons 2","155","common","en",1,"NM","nonfoil",false,false,false,0.19,0.11,0.27,0.15,0,0,"333f02f7-3b8a-41e3-9ae5-2151539e64ad","box","Avatar bundle"
"Sanctum Weaver","mh2","Modern Horizons 2","171","rare","en",2,"NM","nonfoil",false,false,false,3.75,3.80,7.34,5.12,0,0,"4d42e22d-f60e-40c5-b069-5e1708f3bebc","box","ProXy"
"Misty Rainforest","mh2","Modern Horizons 2","250","rare","en",1,"NM","nonfoil",false,false,false,37.25,25.08,41.55,28.62,0,0,"88231c0d-0cc8-44ec-bf95-81d1710ac141","box","ProXy"
"Kitchen Imp","mh2","Modern Horizons 2","343","common","en",1,"NM","nonfoil",false,false,false,0.26,0.15,0.33,0.36,0,0,"20c7b777-c002-45c7-b2bb-d21dab591445","box","Ff chchobo bundle"
"Vile Entomber","mh2","Modern Horizons 2","403","uncommon","en",1,"NM","nonfoil",false,false,false,0.35,0.26,1.54,0.93,4.32,3.79,"36590526-2f1b-4959-ba9e-55f3ebcffd1e","box","Foundation"
"Misty Rainforest","mh2","Modern Horizons 2","477","rare","en",1,"NM","nonfoil",false,false,false,38.70,28.10,44.65,41.71,0,0,"23d8e67a-5150-4782-98d1-da2ca79607ad","deck","La cosa verde - Main"
"Yavimaya, Cradle of Growth","mh2","Modern Horizons 2","480","rare","en",1,"NM","nonfoil",false,false,false,19.61,13.36,37.23,21.45,0,0,"ee7c2820-e36e-4024-a542-02ca42bb7e2f","deck","La cosa verde - Main"
"Hexgold Slith","mh3","Modern Horizons 3","30","common","en",1,"NM","nonfoil",false,false,false,0.15,0.05,0.07,0.10,0,0,"20a85b6d-fb2b-4359-9dd6-081d8722e580","box","Lorwin box"
"Electrozoa","mh3","Modern Horizons 3","60","common","en",1,"NM","nonfoil",false,false,false,0.16,0.06,0.08,0.02,0,0,"0f92dce7-45d4-4d9e-abfc-e4bfce9562c9","box","Lorwin box"
"Petrifying Meddler","mh3","Modern Horizons 3","66","common","en",1,"NM","nonfoil",false,false,false,0.13,0.07,0.19,0.08,0,0,"f0f2bdfd-1cbc-456e-aba7-4e0b6485cf8a","box","Lorwin box"
"Emperor of Bones","mh3","Modern Horizons 3","90","rare","en",1,"NM","nonfoil",false,false,false,1.81,2.56,2.55,4.05,0,0,"df9d9075-2d1e-4848-b661-816d539e05eb","box","Lorwin box"
"Marionette Apprentice","mh3","Modern Horizons 3","100","uncommon","en",1,"NM","nonfoil",false,false,false,0.60,1.21,1.35,1.39,0,0,"d16f8670-f038-400a-83e7-a53a7f8c47ac","deck","Disturbi alimentari - Main"
"Marionette Apprentice","mh3","Modern Horizons 3","100","uncommon","en",1,"NM","nonfoil",false,false,false,0.60,1.21,1.35,1.39,0,0,"d16f8670-f038-400a-83e7-a53a7f8c47ac","box","ProXy"
"Warren Soultrader","mh3","Modern Horizons 3","110","rare","en",3,"NM","nonfoil",false,false,false,13.30,14.07,15.00,13.63,0,0,"b334e4c6-d316-4141-8889-f95afcc04701","box","ProXy"
"Warren Soultrader","mh3","Modern Horizons 3","110","rare","en",1,"NM","nonfoil",false,false,false,13.30,14.07,15.00,13.63,0,0,"b334e4c6-d316-4141-8889-f95afcc04701","deck","Disturbi alimentari - Main"
"Galvanic Discharge","mh3","Modern Horizons 3","122","common","en",1,"NM","nonfoil",false,false,false,0.24,0.19,0.41,0.33,0,0,"32aa6e33-221f-414c-9b51-850d97a7e051","box","Lorwin box"
"Basking Broodscale","mh3","Modern Horizons 3","145","common","en",1,"NM","nonfoil",false,false,false,0.21,0.21,0.54,0.37,0,0,"5feba5d6-99a6-4e9b-8a7d-90d955868fc3","box","Lorwin box"
"Monstrous Vortex","mh3","Modern Horizons 3","162","uncommon","en",1,"NM","nonfoil",false,false,false,0.34,0.18,0.38,0.33,0,0,"162fcdec-bf3c-43ba-9ada-212f7dec5fbd","box","Lorwin box"
"Golden-Tail Trainer","mh3","Modern Horizons 3","187","uncommon","en",1,"NM","nonfoil",false,false,false,0.22,0.15,0.36,0.24,0,0,"27d42bd9-0307-42ec-a4cd-b39b69b607d0","box","Lorwin box"
"Bloodstained Mire","mh3","Modern Horizons 3","216","rare","en",1,"NM","nonfoil",false,false,false,18.06,17.93,18.81,18.42,0,0,"579743fe-f71e-4cb2-8629-d6b02ed1591d","box","ProXy"
"Bloodstained Mire","mh3","Modern Horizons 3","216","rare","en",1,"NM","nonfoil",false,false,false,18.06,17.93,18.81,18.42,0,0,"579743fe-f71e-4cb2-8629-d6b02ed1591d","deck","Sad Men Parade - Main"
"Perilous Landscape","mh3","Modern Horizons 3","223","common","en",1,"NM","nonfoil",false,false,false,0.12,0.17,0.35,0.28,0,0,"4b0bd07e-cf80-4d64-af29-f4cec6632b3e","box","Lorwin box"
"Twisted Landscape","mh3","Modern Horizons 3","232","common","en",1,"NM","nonfoil",false,false,false,0.28,0.16,0.34,0.42,0,0,"d0e3e7b3-7ba9-47a2-b46c-a40bffb445e2","box","Lorwin box"
"Rush of Inspiration // Crackling Falls","mh3","Modern Horizons 3","257","uncommon","en",1,"NM","nonfoil",false,false,false,0.26,0.10,0.35,0.24,0,0,"70a25a3a-c12a-49d3-8a91-a108dfa9d3c5","box","Lorwin box"
"Waterlogged Teachings // Inundated Archive","mh3","Modern Horizons 3","261","uncommon","en",1,"NM","nonfoil",false,false,false,0.38,0.54,0.88,0.95,0,0,"060f9675-4921-4cbb-bae2-54c85c679fd4","box","ProXy"
"Toxic Deluge","mh3","Modern Horizons 3","277","rare","en",1,"NM","nonfoil",false,false,false,5.21,6.42,7.48,8.71,0,0,"5aa02b7d-db31-4924-b75e-eb02f332ca3a","box","ProXy"
"Toxic Deluge","mh3","Modern Horizons 3","277","rare","en",1,"NM","nonfoil",false,false,false,5.21,6.42,7.48,8.71,0,0,"5aa02b7d-db31-4924-b75e-eb02f332ca3a","deck","Sad Men Parade - Main"
"Toxic Deluge","mh3","Modern Horizons 3","277","rare","en",1,"NM","nonfoil",false,false,false,5.21,6.42,7.48,8.71,0,0,"5aa02b7d-db31-4924-b75e-eb02f332ca3a","deck","Disturbi alimentari - Main"
"Branching Evolution","mh3","Modern Horizons 3","285","rare","en",1,"NM","nonfoil",false,false,false,6.35,6.18,6.87,6.71,0,0,"c0f1a736-8b12-4f58-a031-bf1733f65c51","box","Lorwin box"
"Ashling, Flame Dancer","mh3","Modern Horizons 3","367","mythic","en",1,"NM","nonfoil",false,false,false,12.58,8.89,38.38,18.75,0,0,"95089b00-b159-4c95-952d-bc29e463a1e7","box","ProXy"
"Tamiyo, Inquisitive Student // Tamiyo, Seasoned Scholar","mh3","Modern Horizons 3","443","mythic","en",1,"NM","nonfoil",false,false,false,25.67,27.11,41.88,42.28,0,0,"1b234fee-a2b6-4661-9f98-4da6fc26aebc","box","ProXy"
"Island","mh3","Modern Horizons 3","500","common","en",1,"NM","foil",false,false,false,0,0.18,0.36,0.33,0,0,"e906bdc0-3b04-46ed-a162-92a366319cbf","box","Lorwin box"
"Cathar Commando","mid","Innistrad: Midnight Hunt","10","common","en",1,"NM","nonfoil",false,false,false,0.25,0.18,0.32,0.49,0,0,"98cbc1c2-b76e-4da3-aa43-00e10b2ce532","box","Avatar bundle"
"Fading Hope","mid","Innistrad: Midnight Hunt","51","uncommon","en",1,"NM","nonfoil",false,false,false,0.22,0.22,0.39,1.08,0,0,"c2fb1fff-12be-4bd5-8dba-c36e84d49651","box","Avatar bundle"
"Morbid Opportunist","mid","Innistrad: Midnight Hunt","113","uncommon","en",1,"NM","nonfoil",false,false,false,0.36,0.47,0.49,1.21,0,0,"5a53982e-3d66-4808-bcb5-46ff40567872","box","Avatar bundle"
"Purifying Dragon","mid","Innistrad: Midnight Hunt","155","uncommon","en",1,"NM","nonfoil",false,false,false,0.12,0.07,0.18,0.13,0,0,"f9db384e-9555-4ccc-a305-ee448252e685","box","Ff gift box"
"Raucous Theater","mkm","Murders at Karlov Manor","329","rare","en",1,"NM","nonfoil",false,false,false,14.93,13.78,30.10,25.19,0,0,"2faf0337-c7a3-45a0-bb14-c431526da2cd","deck","Sad Men Parade - Main"
"Eye of Ugin","mm2","Modern Masters 2015","242","rare","en",1,"NM","nonfoil",false,false,false,65.56,43.37,64.10,55.74,0,0,"d2d5124b-4d73-4aa9-9331-88e03779ffad","box","ProXy"
"Cackling Counterpart","mm3","Modern Masters 2017","32","rare","en",1,"NM","nonfoil",false,false,false,0.32,0.28,0.80,1.25,0,0,"02ad8a5a-9814-4fb5-90b1-95c0769be456","box","Avatar bundle"
"Gnawing Zombie","mm3","Modern Masters 2017","71","common","en",1,"NM","nonfoil",false,false,false,0.11,0.08,0.36,0.23,0,0,"f4bdd28d-7467-494b-a52f-a84932da25f3","box","Avatar bundle"
"Arcbound Stinger","mma","Modern Masters","199","common","en",1,"NM","nonfoil",false,false,false,0.26,0.19,9.91,0.32,0,0,"db438720-5bfb-4cd9-b565-434839045f60","box","Foundation"
"Champion of Lambholt","moc","March of the Machine Commander","293","rare","en",1,"NM","nonfoil",false,false,false,3.89,2.74,0,0,0,0,"46eff31d-f460-48f2-aab7-8b9b89cd87fe","box","Ff chchobo bundle"
"Rogue's Passage","moc","March of the Machine Commander","421","uncommon","en",1,"NM","nonfoil",false,false,false,0.37,0.40,0,0,0,0,"25d11ee4-9cb8-4688-8004-d83e00861028","box","Avatar bundle"
"Faerie Mastermind","mom","March of the Machine","58","rare","en",1,"NM","nonfoil",false,false,false,12.41,9.78,22.73,13.72,0,0,"52d3005f-a1c7-4ef5-911f-ccc0752f4181","box","ProXy"
"Invasion of Arcavios // Invocation of the Founders","mom","March of the Machine","61","rare","en",1,"NM","nonfoil",false,false,false,0.32,0.20,0.51,0.55,0,0,"1c3f661d-b9f7-48e7-afe3-3eaea1022bc1","box","ProXy"
"Wary Thespian","mom","March of the Machine","215","common","en",2,"NM","nonfoil",false,false,false,0.05,0.05,0.07,0.12,0,0,"675b29bf-0b64-410f-9a92-c88e5615c27f","box","Avatar bundle"
"Urabrask // The Great Work","mom","March of the Machine","299","mythic","en",1,"NM","nonfoil",false,false,false,17.62,13.30,22.11,16.23,0,0,"52173f36-19d2-48be-a8e8-8cbe946759c0","box","ProXy"
"Maralen of the Mornsong","mor","Morningtide","65","rare","en",2,"NM","nonfoil",false,false,false,35.51,8.27,102.50,43.16,0,0,"ba98d363-194b-4bc0-b9fe-987c498ab6fa","box","ProXy"
"Atog","mrd","Mirrodin","86","uncommon","en",1,"NM","nonfoil",false,false,false,0.28,0.25,2.39,1.47,0,0,"a15397bc-c400-4f8d-b206-08a4d65e76ff","box","Foundation"
"Electrostatic Bolt","mrd","Mirrodin","89","common","en",1,"NM","nonfoil",false,false,false,0.06,0.03,0.61,0.19,0,0,"c455c8d4-6f20-4dcb-8e82-c2bb70d6bc3e","box","Foundation"
"Alpha Myr","mrd","Mirrodin","142","common","en",1,"NM","nonfoil",false,false,false,0.12,0.16,3.27,0.44,0,0,"f3f792d7-75be-429e-8f62-0b563b103642","box","Spiderman"
"Tombstone, Career Criminal","msc","Marvel Super Heroes Commander","160","uncommon","en",1,"NM","nonfoil",false,false,false,0.35,0.18,0.50,0.44,0,0,"d3cd086b-8ffe-452f-9bb1-cc235058a3af","box","Avatarcommander"
"Council of Reeds","msc","Marvel Super Heroes Commander","327","rare","en",1,"NM","nonfoil",false,false,false,3.57,3.13,0,0,0,0,"2aa10540-b082-43d1-94d2-c78ebe6e4805","box","Spiderman"
"Glorious Purpose","msc","Marvel Super Heroes Commander","330","rare","en",1,"NM","nonfoil",false,false,false,1.17,1.03,0,0,0,0,"164e83b1-2822-4215-8857-d31b10b9c4c4","box","Spiderman"
"Firebird, Blazing Ranger","msc","Marvel Super Heroes Commander","360","rare","en",1,"NM","nonfoil",false,false,false,0.87,0.76,0,0,0,0,"db2c8933-cbf7-489a-9c94-48776f6cecca","box","Ff chchobo bundle"
"War Machine, Avenging Arsenal","msc","Marvel Super Heroes Commander","375","rare","en",1,"NM","nonfoil",false,false,false,3.63,3.18,0,0,0,0,"411210d1-02ae-404c-98d6-f1aa6ae2a484","box","Spiderman"
"Overwhelming Stampede","msc","Marvel Super Heroes Commander","385","rare","en",1,"NM","nonfoil",false,false,false,1.90,1.67,0,0,0,0,"938fb368-6b54-4884-b52a-0be3ccf2c9fb","box","Spiderman"
"Shuri, the Black Panther","msc","Marvel Super Heroes Commander","416","mythic","en",1,"NM","nonfoil",false,false,false,2.98,2.61,0,0,0,0,"1a0f7946-cc17-4f24-bec1-d0243af9b726","box","Spiderman"
"T'Chaka, Venerable King","msc","Marvel Super Heroes Commander","419","rare","en",1,"NM","nonfoil",false,false,false,2.47,2.17,0,0,0,0,"4292c19e-21cb-421d-87ff-49e0077bba37","box","Spiderman"
"The Fantasticar","msc","Marvel Super Heroes Commander","433","rare","en",1,"NM","nonfoil",false,false,false,44.43,38.95,0,0,0,0,"b7d36772-c2eb-4824-94db-b9ee47fa098d","box","Spiderman"
"Helm of the Host","msc","Marvel Super Heroes Commander","437","rare","en",1,"NM","nonfoil",false,false,false,6.43,5.64,0,0,0,0,"95932b1b-f59b-4a42-a08f-3eeb783fdb8b","box","Spiderman"
"Hulkbuster Armor","msc","Marvel Super Heroes Commander","438","rare","en",1,"NM","nonfoil",false,false,false,8.59,7.53,0,0,0,0,"4fb937ec-83e6-4911-99e0-f83aa2b36850","box","Spiderman"
"Canyon Slough","msc","Marvel Super Heroes Commander","463","rare","en",1,"NM","nonfoil",false,false,false,0.37,0.32,0,0,0,0,"c7e0d96e-bdb4-44eb-8056-6e78a0e0b5db","box","Spiderman"
"Glacial Fortress","msc","Marvel Super Heroes Commander","477","rare","en",1,"NM","nonfoil",false,false,false,0.78,0.68,0,0,0,0,"318e5c8d-6cb4-4683-9fdb-c487f98a73f7","box","Spiderman"
"Scorched Geyser","msc","Marvel Super Heroes Commander","492","rare","en",1,"NM","nonfoil",false,false,false,1.27,1.11,0,0,0,0,"80a33f20-7df1-4361-b4cd-67c38c792bdc","box","Spiderman"
"Iron Man, Futurist Paragon","msc","Marvel Super Heroes Commander","501","rare","en",1,"NM","nonfoil",false,false,false,3.27,2.87,4.41,3.87,0,0,"266a56d7-c310-4a91-9d1f-a6d55aa17f43","box","Spiderman"
"Fall to Earth","msc","Marvel Super Heroes Commander","517","common","en",3,"NM","nonfoil",false,false,false,0.27,0.24,0,0,0,0,"8c8e39b0-c5c7-447e-a483-ceb72a980fc7","box","Avatarcommander"
"Valkyrior Skyrider","msc","Marvel Super Heroes Commander","525","common","en",2,"NM","nonfoil",false,false,false,0.30,0.26,0,0,0,0,"7b75958b-7b72-4c0f-a75e-5e62e3727a7d","box","Avatarcommander"
"Blue Marvel, Adam Brashear","msc","Marvel Super Heroes Commander","530","uncommon","en",1,"NM","nonfoil",false,false,false,0.34,0.30,0,0,0,0,"de5c8482-462a-49ee-ae4d-1e0e8e0a4b97","box","Avatarcommander"
"Graviton, Fundamental Force","msc","Marvel Super Heroes Commander","531","uncommon","en",1,"NM","nonfoil",false,false,false,0.37,0.32,0,0,0,0,"127cfe92-0433-46b7-a2b4-c0d858ce8c6c","box","Spiderman"
"Boomerang, Blade Flinger","msc","Marvel Super Heroes Commander","534","common","en",1,"NM","nonfoil",false,false,false,0.36,0.32,0,0,0,0,"6b9f9d5d-a1b6-4e3a-8b65-69eba94ee990","box","Avatarcommander"
"Infernal Rebirth","msc","Marvel Super Heroes Commander","537","common","en",1,"NM","nonfoil",false,false,false,0.26,0.23,0,0,0,0,"a09895d1-b41f-4dc6-aefa-774795d28e56","box","Spiderman"
"Infernal Rebirth","msc","Marvel Super Heroes Commander","537","common","en",1,"NM","nonfoil",false,false,false,0.26,0.23,0,0,0,0,"a09895d1-b41f-4dc6-aefa-774795d28e56","box","Avatarcommander"
"Marvelous Melee","msc","Marvel Super Heroes Commander","549","common","en",1,"NM","nonfoil",false,false,false,0.26,0.23,0,0,0,0,"16c69bbf-7cae-481f-9984-8c8cac68c3e3","box","Spiderman"
"Marvelous Melee","msc","Marvel Super Heroes Commander","549","common","en",3,"NM","nonfoil",false,false,false,0.26,0.23,0,0,0,0,"16c69bbf-7cae-481f-9984-8c8cac68c3e3","box","Avatarcommander"
"Wiccan, Young Avenger","msc","Marvel Super Heroes Commander","557","uncommon","en",2,"NM","nonfoil",false,false,false,1.02,0.89,0,0,0,0,"6f210b47-e265-43ed-a336-538170c722af","box","Avatarcommander"
"Colossal Collision","msc","Marvel Super Heroes Commander","558","common","en",2,"NM","nonfoil",false,false,false,0.30,0.26,0,0,0,0,"3a58da0c-6853-4d82-8388-668758e2bf16","box","Avatarcommander"
"Colossal Collision","msc","Marvel Super Heroes Commander","558","common","en",1,"NM","nonfoil",false,false,false,0.30,0.26,0,0,0,0,"3a58da0c-6853-4d82-8388-668758e2bf16","box","Spiderman"
"Thing Swing","msc","Marvel Super Heroes Commander","564","common","en",1,"NM","nonfoil",false,false,false,0.29,0.25,0,0,0,0,"6db37ee7-4669-4eac-8365-5b20c021691d","box","Avatarcommander"
"Atlas, Sizable Stooge","msc","Marvel Super Heroes Commander","566","uncommon","en",1,"NM","nonfoil",false,false,false,0.24,0.21,0,0,0,0,"36ab3eff-348c-480a-a964-88d118b099c8","box","Avatarcommander"
"Brawn, Amadeus Cho","msc","Marvel Super Heroes Commander","567","uncommon","en",1,"NM","nonfoil",false,false,false,0.24,0.21,0,0,0,0,"813ef553-28f2-46d5-b14b-76ebcbe061d4","box","Avatarcommander"
"Gert and Old Lace, Runaways","msc","Marvel Super Heroes Commander","568","uncommon","en",1,"NM","nonfoil",false,false,false,0.32,0.28,0.97,0.85,0,0,"7e4030ce-1574-4d1d-969a-6aa8ce6b89c3","box","Spiderman"
"Iron Lad, Young Avenger","msc","Marvel Super Heroes Commander","569","uncommon","en",1,"NM","nonfoil",false,false,false,0.79,0.69,0,0,0,0,"bce11b29-c674-4d50-b01d-b80bf7e3a73e","box","Avatarcommander"
"Patriot, Young Avenger","msc","Marvel Super Heroes Commander","570","uncommon","en",1,"NM","nonfoil",false,false,false,0.55,0.48,0,0,0,0,"ea0705fd-5446-4960-8afc-ba005f006727","box","Avatarcommander"
"Stature, Young Avenger","msc","Marvel Super Heroes Commander","571","uncommon","en",2,"NM","nonfoil",false,false,false,0.53,0.46,0.40,0.35,0,0,"624fe61d-d16f-40c3-a056-a42f7b06bb38","box","Avatarcommander"
"War Machine, James Rhodes","msc","Marvel Super Heroes Commander","572","uncommon","en",1,"NM","nonfoil",false,false,false,0.33,0.29,0,0,0,0,"78bb5ed6-bb29-49a9-be0d-d9934f00dddd","box","Avatarcommander"
"Victor Mancha, Runaway","msc","Marvel Super Heroes Commander","574","uncommon","en",1,"NM","nonfoil",false,false,false,0.32,0.28,0,0,0,0,"4d9bc6d6-fada-41f9-8a85-483e8806bb4b","box","Avatarcommander"
"Victor Mancha, Runaway","msc","Marvel Super Heroes Commander","574","uncommon","en",1,"NM","nonfoil",false,false,false,0.32,0.28,0,0,0,0,"4d9bc6d6-fada-41f9-8a85-483e8806bb4b","box","Spiderman"
"Black Panther, Most Dangerous","msc","Marvel Super Heroes Commander","584","rare","en",1,"NM","nonfoil",false,false,false,1.11,0.97,2.37,2.08,0,0,"a10f1578-2b8a-49c6-ab59-dd2c5fb1d69f","box","Avatarcommander"
"Captain America, Skybound","msc","Marvel Super Heroes Commander","588","rare","en",1,"NM","nonfoil",false,false,false,4.44,3.89,5.66,4.96,0,0,"49d952d9-8584-435a-bf45-62bf13887083","box","Avatarcommander"
"Donald Blake, Guise of Thor","msc","Marvel Super Heroes Commander","592","uncommon","en",1,"NM","nonfoil",false,false,false,0.33,0.29,1.32,1.16,0,0,"ad0c9940-49fe-410e-b1bd-614b991c2e43","box","Avatarcommander"
"Falcon, Joaquin Torres","msc","Marvel Super Heroes Commander","593","uncommon","en",1,"NM","nonfoil",false,false,false,0.49,0.43,0.43,0.38,0,0,"cfa4837b-7d37-4026-a49d-eaf311d60e33","box","Avatarcommander"
"General Thunderbolt Ross","msc","Marvel Super Heroes Commander","595","uncommon","en",1,"NM","nonfoil",false,false,false,0.44,0.39,0.42,0.37,0,0,"0f352743-383c-4806-8cbd-d2bea6057283","box","Avatarcommander"
"Hawkeye, Bowslinger","msc","Marvel Super Heroes Commander","596","rare","en",1,"NM","nonfoil",false,false,false,1.02,0.89,0.55,0.48,0,0,"ec6889e2-14ad-4193-9272-c1c758f61724","box","Avatarcommander"
"Heroic Teamwork","msc","Marvel Super Heroes Commander","597","common","en",3,"NM","nonfoil",false,false,false,0.38,0.33,0.34,0.30,0,0,"8705e5a4-8a62-40fa-a649-270557c382ce","box","Avatarcommander"
"Heroic Teamwork","msc","Marvel Super Heroes Commander","597","common","en",1,"NM","nonfoil",false,false,false,0.38,0.33,0.34,0.30,0,0,"8705e5a4-8a62-40fa-a649-270557c382ce","box","Spiderman"
"The Howling Commandos","msc","Marvel Super Heroes Commander","598","common","en",1,"NM","nonfoil",false,false,false,0.34,0.30,0.30,0.26,0,0,"e1982da2-4ed5-4fa7-aa88-26362b7b4dc5","box","Avatarcommander"
"Origin of Captain America","msc","Marvel Super Heroes Commander","605","uncommon","en",1,"NM","nonfoil",false,false,false,1.88,1.65,1.30,1.14,0,0,"649ac84b-be8e-4f00-9603-815ee2b11d00","box","Spiderman"
"Secure Detention","msc","Marvel Super Heroes Commander","608","uncommon","en",1,"NM","nonfoil",false,false,false,0.27,0.24,0.33,0.29,0,0,"ae5233b5-08fe-4b63-a0fa-6e5e07df3fa8","box","Avatarcommander"
"Strategic Intervention","msc","Marvel Super Heroes Commander","609","uncommon","en",1,"NM","nonfoil",false,false,false,0.42,0.37,0.32,0.28,0,0,"31bee242-ce53-4c87-8410-1cdacdc56eaf","box","Spiderman"
"Stunning Shot","msc","Marvel Super Heroes Commander","610","uncommon","en",1,"NM","nonfoil",false,false,false,0.44,0.39,0.43,0.38,0,0,"ed190f57-2061-4c47-860c-85554c576332","box","Avatarcommander"
"Ultimate Alliance","msc","Marvel Super Heroes Commander","611","common","en",2,"NM","nonfoil",false,false,false,0.40,0.35,0.33,0.29,0,0,"6b328224-fa09-41b0-aa55-8ebc841f8f7e","box","Avatarcommander"
"Vault Guardsman","msc","Marvel Super Heroes Commander","612","uncommon","en",1,"NM","nonfoil",false,false,false,0.82,0.72,0.82,0.72,0,0,"069eb83e-da10-4314-aa0a-35c4344e4e34","box","Spiderman"
"Wakandan Shield Guard","msc","Marvel Super Heroes Commander","613","common","en",2,"NM","nonfoil",false,false,false,0.31,0.27,0.54,0.47,0,0,"47eba4f9-8276-4367-8ff5-53a066e8c729","box","Avatarcommander"
"Wall Off","msc","Marvel Super Heroes Commander","614","common","en",1,"NM","nonfoil",false,false,false,0.41,0.36,0.34,0.30,0,0,"858182cb-060c-429f-86e9-3d88d2a3b205","box","Avatarcommander"
"Atlantean Skirmisher","msc","Marvel Super Heroes Commander","616","uncommon","en",1,"NM","nonfoil",false,false,false,0.38,0.33,0.55,0.48,0,0,"c95ad4af-bb71-4ca2-bcc0-2c27c3b9ecc3","box","Avatarcommander"
"Collector's Case","msc","Marvel Super Heroes Commander","617","common","en",1,"NM","nonfoil",false,false,false,0.35,0.31,0.36,0.32,0,0,"3449300f-c09d-48b7-8aec-08dd518ddc26","box","Spiderman"
"Daughter of the Deep","msc","Marvel Super Heroes Commander","618","uncommon","en",1,"NM","nonfoil",false,false,false,4.92,4.31,6.21,5.44,0,0,"19e0d68e-7972-4c2a-af4d-8c77c67a8f2e","box","Avatarcommander"
"Dismissive Denial","msc","Marvel Super Heroes Commander","619","common","en",1,"NM","nonfoil",false,false,false,0.46,0.40,0.31,0.27,0,0,"155dcbd3-346d-4c30-91b3-95197b376ec5","box","Spiderman"
"Fantastic Bounce","msc","Marvel Super Heroes Commander","620","common","en",2,"NM","nonfoil",false,false,false,0.43,0.38,0.47,0.41,0,0,"715ccf9c-5f3b-49b7-a8c3-704cd5fb7731","box","Avatarcommander"
"Impossible Man","msc","Marvel Super Heroes Commander","625","uncommon","en",1,"NM","nonfoil",false,false,false,0.92,0.81,1.22,1.07,0,0,"fa305441-3fb7-4f59-8b39-984e931f9bcc","box","Spiderman"
"Iron Man, Bleeding Edge","msc","Marvel Super Heroes Commander","626","rare","en",1,"NM","nonfoil",false,false,false,13.88,12.17,15.39,13.49,0,0,"b14b6721-6491-41a4-afb4-93bd76f21173","box","Spiderman"
"Mysterio's Mirage","msc","Marvel Super Heroes Commander","630","rare","en",1,"NM","nonfoil",false,false,false,1.57,1.38,1.90,1.67,0,0,"d5628e8b-7df6-4c9e-9ddc-57f124b38470","box","Spiderman"
"Namor, Scourge of the Seas","msc","Marvel Super Heroes Commander","631","rare","en",1,"NM","nonfoil",false,false,false,5.14,4.51,6.69,5.86,0,0,"ecbba25e-40fd-43f5-90c8-786ce9c27075","box","Avatarcommander"
"Namora, the Sea Queen","msc","Marvel Super Heroes Commander","632","uncommon","en",1,"NM","nonfoil",false,false,false,1.01,0.89,0.75,0.66,0,0,"e9a469c4-2cbd-47d4-af42-6bfce60a5f0e","box","Avatarcommander"
"Quantum Reduction","msc","Marvel Super Heroes Commander","635","common","en",2,"NM","nonfoil",false,false,false,0.34,0.30,0.40,0.35,0,0,"ebeca5ab-ab9b-4f63-8313-5e2322617693","box","Avatarcommander"
"Reed Richards, Smartest Man","msc","Marvel Super Heroes Commander","636","rare","en",1,"NM","nonfoil",false,false,false,1.85,1.62,3.19,2.80,0,0,"040dfd14-57e1-4f28-a42b-6d8874b44fea","box","Avatarcommander"
"Shipwreck Patrol","msc","Marvel Super Heroes Commander","638","common","en",1,"NM","nonfoil",false,false,false,0.40,0.35,0.29,0.25,0,0,"9d9d1ed2-49fa-4974-b88f-c996c1b7de5b","box","Avatarcommander"
"Timeline Inquiry","msc","Marvel Super Heroes Commander","641","uncommon","en",1,"NM","nonfoil",false,false,false,0.33,0.29,0.41,0.36,0,0,"30a0db77-4427-42e5-b009-a1564cbe64c0","box","Avatarcommander"
"Virtual Assistant","msc","Marvel Super Heroes Commander","643","uncommon","en",1,"NM","nonfoil",false,false,false,0.32,0.28,0.33,0.29,0,0,"89d43d64-eb3b-4152-90f7-2fca851499c6","box","Avatarcommander"
"Virtual Assistant","msc","Marvel Super Heroes Commander","643","uncommon","en",1,"NM","nonfoil",false,false,false,0.32,0.28,0.33,0.29,0,0,"89d43d64-eb3b-4152-90f7-2fca851499c6","box","Spiderman"
"Vision, Spectral Synthezoid","msc","Marvel Super Heroes Commander","644","rare","en",1,"NM","nonfoil",false,false,false,2.17,1.90,2.94,2.58,0,0,"c3da7f82-d2f7-4aaa-b62a-238b3e3e4871","box","Avatarcommander"
"Black Widow, Deadly Hunter","msc","Marvel Super Heroes Commander","648","rare","en",1,"NM","nonfoil",false,false,false,3.27,2.87,3.31,2.90,0,0,"c51a2ec4-2a8b-451b-b0b4-a778b9377948","box","Avatarcommander"
"Bob, Reluctant HYDRA Agent","msc","Marvel Super Heroes Commander","649","uncommon","en",1,"NM","nonfoil",false,false,false,0.55,0.48,0.64,0.56,0,0,"423c5752-b634-44a9-82b3-2dd1045e4d90","box","Spiderman"
"Citizen V, Helmut Zemo","msc","Marvel Super Heroes Commander","650","rare","en",1,"NM","nonfoil",false,false,false,1.07,0.94,1.16,1.02,0,0,"4c2bdc18-9648-44a2-97dd-b0e03789d186","box","Spiderman"
"Count Nefaria","msc","Marvel Super Heroes Commander","651","uncommon","en",1,"NM","nonfoil",false,false,false,0.35,0.31,0.33,0.29,0,0,"06fe30ef-75bb-43aa-827c-234dcf57eb6d","box","Avatarcommander"
"Criminal Enterprise","msc","Marvel Super Heroes Commander","652","uncommon","en",1,"NM","nonfoil",false,false,false,0.62,0.54,0.78,0.68,0,0,"1e71465c-bc55-49e5-916b-6894a8bcd119","box","Avatarcommander"
"Crimson Cowl, Master of Evil","msc","Marvel Super Heroes Commander","653","rare","en",1,"NM","nonfoil",false,false,false,1.07,0.94,2.29,2.01,0,0,"58f35061-20d7-464a-a58d-8e07ed23fa27","box","Avatarcommander"
"Green Goblin, Back for More","msc","Marvel Super Heroes Commander","657","rare","en",1,"NM","nonfoil",false,false,false,3.48,3.05,4.37,3.83,0,0,"5a1d3cb7-cd6a-4a81-b2b1-8fb5eeb49595","box","Avatarcommander"
"Hammerhead, Maggia Boss","msc","Marvel Super Heroes Commander","659","uncommon","en",1,"NM","nonfoil",false,false,false,0.91,0.80,1.10,0.96,0,0,"6db3ce7b-2d31-4cee-bc4a-966b12643759","box","Avatarcommander"
"HYDRA Disintegrator","msc","Marvel Super Heroes Commander","660","uncommon","en",1,"NM","nonfoil",false,false,false,0.34,0.30,0.93,0.82,0,0,"932cb77d-3d01-4212-b6ab-bbe66acd2563","box","Spiderman"
"Kingpin, Wilson Fisk","msc","Marvel Super Heroes Commander","661","rare","en",1,"NM","nonfoil",false,false,false,3.20,2.81,4.27,3.74,0,0,"f4f16314-d2eb-4117-8b28-4404c82e7343","box","Avatarcommander"
"Kingpin, Wilson Fisk","msc","Marvel Super Heroes Commander","661","rare","en",1,"NM","nonfoil",false,false,false,3.20,2.81,4.27,3.74,0,0,"f4f16314-d2eb-4117-8b28-4404c82e7343","box","Ff chchobo bundle"
"Minion Missile","msc","Marvel Super Heroes Commander","663","common","en",1,"NM","nonfoil",false,false,false,0.44,0.39,0.29,0.25,0,0,"cc8567c6-f409-44d4-a19c-480c6e4abe56","box","Spiderman"
"Minion Missile","msc","Marvel Super Heroes Commander","663","common","en",1,"NM","nonfoil",false,false,false,0.44,0.39,0.29,0.25,0,0,"cc8567c6-f409-44d4-a19c-480c6e4abe56","box","Avatarcommander"
"Origin of Black Widow","msc","Marvel Super Heroes Commander","664","uncommon","en",1,"NM","nonfoil",false,false,false,0.91,0.80,0.80,0.70,0,0,"78e4cbed-41e0-46f8-89e4-88f24f026070","box","Avatarcommander"
"Radioactive Man","msc","Marvel Super Heroes Commander","665","uncommon","en",1,"NM","nonfoil",false,false,false,1.07,0.94,0.74,0.65,0,0,"8a195220-26ce-4254-9dd9-7ecf89569b51","box","Avatarcommander"
"Sadistic Slash","msc","Marvel Super Heroes Commander","666","uncommon","en",1,"NM","nonfoil",false,false,false,0.44,0.39,0.42,0.37,0,0,"c4bb1185-2ba1-42e8-908d-a249b70dcef9","box","Avatarcommander"
"Titanium Man","msc","Marvel Super Heroes Commander","667","uncommon","en",1,"NM","nonfoil",false,false,false,0.38,0.33,0.34,0.30,0,0,"2efb18be-250b-4f38-a0c3-9d674ea0225a","box","Spiderman"
"Titanium Man","msc","Marvel Super Heroes Commander","667","uncommon","en",1,"NM","nonfoil",false,false,false,0.38,0.33,0.34,0.30,0,0,"2efb18be-250b-4f38-a0c3-9d674ea0225a","box","Avatarcommander"
"Villainous Syndication","msc","Marvel Super Heroes Commander","672","uncommon","en",1,"NM","nonfoil",false,false,false,0.44,0.39,0.50,0.44,0,0,"f6fd33b2-a784-49c8-a0f5-7246f3afcef6","box","Avatarcommander"
"Viper, Cruel Conspirator","msc","Marvel Super Heroes Commander","673","rare","en",1,"NM","nonfoil",false,false,false,0.58,0.51,0.55,0.48,0,0,"3a57b64f-2b57-44f3-8d4d-2ff5c5615601","box","Spiderman"
"White Widow, Yelena Belova","msc","Marvel Super Heroes Commander","676","uncommon","en",1,"NM","nonfoil",false,false,false,0.84,0.74,2.67,2.34,0,0,"7dd6db74-1dba-4b66-8e54-9f876f16357c","box","Avatarcommander"
"Alex Wilder, Runaway","msc","Marvel Super Heroes Commander","677","uncommon","en",2,"NM","nonfoil",false,false,false,0.89,0.78,0.66,0.58,0,0,"78ba8bef-5b36-4e63-b708-d77250ebaf62","box","Spiderman"
"Asgardian Inspiration","msc","Marvel Super Heroes Commander","678","uncommon","en",1,"NM","nonfoil",false,false,false,0.84,0.74,1.60,1.40,0,0,"d1fe7eef-2636-484f-b476-4dc9c9dbfddd","box","Spiderman"
"Captain America's Motorcycle","msc","Marvel Super Heroes Commander","681","common","en",1,"NM","nonfoil",false,false,false,0.40,0.35,0.34,0.30,0,0,"efc25013-9477-4eb7-8b16-87e5685876ca","box","Spiderman"
"Chase Stein, Runaway","msc","Marvel Super Heroes Commander","682","common","en",2,"NM","nonfoil",false,false,false,0.56,0.49,0.33,0.29,0,0,"e4dab13d-98c3-4f78-b9be-cf29826fcd59","box","Spiderman"
"Crossover Collaboration","msc","Marvel Super Heroes Commander","684","common","en",1,"NM","nonfoil",false,false,false,0.34,0.30,0.43,0.38,0,0,"1d632bef-ee93-4690-9c6d-07f70d18572a","box","Spiderman"
"Crossover Collaboration","msc","Marvel Super Heroes Commander","684","common","en",1,"NM","nonfoil",false,false,false,0.34,0.30,0.43,0.38,0,0,"1d632bef-ee93-4690-9c6d-07f70d18572a","box","Avatarcommander"
"Hulkling, Young Avenger","msc","Marvel Super Heroes Commander","689","rare","en",1,"NM","nonfoil",false,false,false,1.34,1.17,2.09,1.83,0,0,"6358d9ec-7542-4364-8bba-ca29fe470338","box","Avatarcommander"
"Inspired Fire","msc","Marvel Super Heroes Commander","690","common","en",1,"NM","nonfoil",false,false,false,0.36,0.32,0.20,0.18,0,0,"cca79004-b73b-4d71-8692-5187f46cf7cf","box","Avatarcommander"
"Karolina Dean, Runaway","msc","Marvel Super Heroes Commander","694","uncommon","en",1,"NM","nonfoil",false,false,false,12.48,10.94,16.11,14.12,0,0,"ecb8fc29-2d62-43ff-81b4-d035cc633688","box","Spiderman"
"Lady Spider, Maybelle Reilly","msc","Marvel Super Heroes Commander","695","uncommon","en",1,"NM","nonfoil",false,false,false,0.52,0.46,0.44,0.39,0,0,"0fef29f4-0216-4492-97f1-267c1c162ee2","box","Avatarcommander"
"Mjölnir's Might","msc","Marvel Super Heroes Commander","697","common","en",1,"NM","nonfoil",false,false,false,0.35,0.31,0.35,0.31,0,0,"fbf0cc78-15e3-4924-a4c2-96db5c384a89","box","Spiderman"
"Molly Hayes, Runaway","msc","Marvel Super Heroes Commander","698","common","en",1,"NM","nonfoil",false,false,false,0.49,0.43,0.35,0.31,0,0,"c0251b8f-e848-47ad-a22c-9594e08f0f5c","box","Spiderman"
"Molten Lavamancer","msc","Marvel Super Heroes Commander","699","uncommon","en",1,"NM","nonfoil",false,false,false,0.33,0.29,0.35,0.31,0,0,"6b036661-a94c-46b6-aa8f-adff2ccc5b92","box","Spiderman"
"Molten Lavamancer","msc","Marvel Super Heroes Commander","699","uncommon","en",1,"NM","nonfoil",false,false,false,0.33,0.29,0.35,0.31,0,0,"6b036661-a94c-46b6-aa8f-adff2ccc5b92","box","Avatarcommander"
"Nico Minoru, Runaway","msc","Marvel Super Heroes Commander","700","mythic","en",1,"NM","nonfoil",false,false,false,35.12,30.79,39.07,34.25,0,0,"89c21b09-8869-4d94-bf29-29c8d1c69d4f","box","Spiderman"
"Origin of Thor","msc","Marvel Super Heroes Commander","701","uncommon","en",1,"NM","nonfoil",false,false,false,1.01,0.89,0.81,0.71,0,0,"bbe89f07-999c-437a-8b4a-d3901a1fc0ba","box","Spiderman"
"Pick Up the Pace","msc","Marvel Super Heroes Commander","702","rare","en",1,"NM","nonfoil",false,false,false,0.90,0.79,0.83,0.73,0,0,"55332b21-32ab-43dd-8046-9568e2dba6ac","box","Avatarcommander"
"Pick Up the Pace","msc","Marvel Super Heroes Commander","702","rare","en",1,"NM","nonfoil",false,false,false,0.90,0.79,0.83,0.73,0,0,"55332b21-32ab-43dd-8046-9568e2dba6ac","box","Spiderman"
"Quinjet Technician","msc","Marvel Super Heroes Commander","703","common","en",1,"NM","nonfoil",false,false,false,0.44,0.39,0.33,0.29,0,0,"a65b9024-fcca-497d-afb9-5ce9466d796f","box","Spiderman"
"Spider-Man, New Champion","msc","Marvel Super Heroes Commander","705","rare","en",1,"NM","nonfoil",false,false,false,5.16,4.52,7.77,6.81,0,0,"bc90f14c-9289-4284-bc89-e0df8e03152b","box","Avatarcommander"
"The Vision and Scarlet Witch","msc","Marvel Super Heroes Commander","707","mythic","en",1,"NM","nonfoil",false,false,false,65.42,57.35,83.90,73.55,0,0,"930afb5f-54b7-4cca-8c28-3e48938f3a43","box","Avatarcommander"
"Wanda's Vision","msc","Marvel Super Heroes Commander","708","rare","en",1,"NM","nonfoil",false,false,false,6.86,6.01,8.19,7.18,0,0,"43cf33cc-c1ac-4196-aa82-b27083694f64","box","Avatarcommander"
"Whirlwind, Killer Cyclone","msc","Marvel Super Heroes Commander","709","uncommon","en",1,"NM","nonfoil",false,false,false,0.38,0.33,0.41,0.36,0,0,"00d2ac03-a0ef-4f03-bb99-3514305b6d1f","box","Avatarcommander"
"The Whizzer, Classic Speedster","msc","Marvel Super Heroes Commander","710","uncommon","en",1,"NM","nonfoil",false,false,false,0.38,0.33,0.45,0.39,0,0,"77134e93-4c03-476b-ab60-d8fb48f7a74f","box","Avatarcommander"
"Accelerated Evolution","msc","Marvel Super Heroes Commander","711","common","en",1,"NM","nonfoil",false,false,false,0.33,0.29,0.35,0.31,0,0,"2b13c4de-241c-4c34-a140-0b599c61226d","box","Spiderman"
"Advancing the Spirit","msc","Marvel Super Heroes Commander","712","uncommon","en",1,"NM","nonfoil",false,false,false,0.52,0.46,0.55,0.48,0,0,"85d0495c-cca0-4aeb-a03e-2bc102b3c556","box","Avatarcommander"
"Beast Mode","msc","Marvel Super Heroes Commander","713","common","en",1,"NM","nonfoil",false,false,false,0.26,0.23,0.33,0.29,0,0,"39191f85-7698-487e-afad-07648a7cb695","box","Avatarcommander"
"Black Tom Cassidy","msc","Marvel Super Heroes Commander","715","common","en",1,"NM","nonfoil",false,false,false,0.42,0.37,0.37,0.32,0,0,"084275b3-4a51-46dc-adbc-e2d0a59d3545","box","Spiderman"
"Bushmaster, Coiled Henchman","msc","Marvel Super Heroes Commander","716","common","en",1,"NM","nonfoil",false,false,false,0.76,0.67,0.79,0.69,0,0,"0e249024-f9d6-459e-ac2e-53209abb7d53","box","Spiderman"
"Colossus, Steel Stalwart","msc","Marvel Super Heroes Commander","717","uncommon","en",2,"NM","nonfoil",false,false,false,0.60,0.53,1.60,1.40,0,0,"b9e94fec-3e35-4fd9-9bef-462dfa35d198","box","Spiderman"
"Darwin, Adaptive Mutant","msc","Marvel Super Heroes Commander","718","uncommon","en",1,"NM","nonfoil",false,false,false,0.47,0.41,0.46,0.40,0,0,"95ccd8dd-9759-49d7-9380-3811912ce4d6","box","Spiderman"
"Flatman","msc","Marvel Super Heroes Commander","721","uncommon","en",1,"NM","nonfoil",false,false,false,0.49,0.43,0.46,0.40,0,0,"0b3e0339-f54b-41a9-ac80-8d58a61ef5b9","box","Ff chchobo bundle"
"Flatman","msc","Marvel Super Heroes Commander","721","uncommon","en",1,"NM","nonfoil",false,false,false,0.49,0.43,0.46,0.40,0,0,"0b3e0339-f54b-41a9-ac80-8d58a61ef5b9","box","Spiderman"
"Giant-Man, Gargantuan Genius","msc","Marvel Super Heroes Commander","722","rare","en",1,"NM","nonfoil",false,false,false,0.78,0.68,0.78,0.68,0,0,"45c6871c-0b6a-4ae1-a2b6-e1049b2225ea","box","Avatarcommander"
"Hulk's Thunderclap","msc","Marvel Super Heroes Commander","725","uncommon","en",1,"NM","nonfoil",false,false,false,0.53,0.46,0.69,0.60,0,0,"ddd8d212-dc93-4986-9907-c7d37092f68f","box","Spiderman"
"Lucky the Pizza Dog","msc","Marvel Super Heroes Commander","726","rare","en",1,"NM","nonfoil",false,false,false,5.39,4.72,7.01,6.15,0,0,"5fc454a5-39af-421d-a494-727ac7b6115e","maybeboard","Disturbi alimentari - Maybeboard"
"Sauron, Dino Devotee","msc","Marvel Super Heroes Commander","731","mythic","en",1,"NM","nonfoil",false,false,false,24.81,21.75,27.17,23.82,0,0,"6f8f9a5d-514b-491d-a802-3a7629340bca","box","Spiderman"
"Shang-Chi, Martial Mentor","msc","Marvel Super Heroes Commander","732","rare","en",1,"NM","nonfoil",false,false,false,4.47,3.92,4.61,4.04,0,0,"fbc4bf7b-cd8e-4a85-9485-c190f8f8f7fb","box","Avatarcommander"
"Storm, Shaker of Skies","msc","Marvel Super Heroes Commander","733","uncommon","en",1,"NM","nonfoil",false,false,false,0.51,0.45,0.65,0.57,0,0,"9eadf356-105e-4a17-ab06-075ca662e963","box","Spiderman"
"Tippy-Toe, Terrific Partner","msc","Marvel Super Heroes Commander","734","uncommon","en",1,"NM","nonfoil",false,false,false,14.85,13.02,20.58,18.04,0,0,"6082ab9f-290e-4230-84a0-46c7f8ed712d","maybeboard","Disturbi alimentari - Maybeboard"
"Wolverine, Claws Out","msc","Marvel Super Heroes Commander","737","rare","en",1,"NM","nonfoil",false,false,false,14.55,12.75,18.44,16.16,0,0,"534a044c-a4a9-478c-ad74-060185b3cb01","box","Spiderman"
"X-23, Deadly Weapon","msc","Marvel Super Heroes Commander","738","uncommon","en",1,"NM","nonfoil",false,false,false,4.02,3.52,5.45,4.78,0,0,"3dc25593-46cc-4f66-8950-4e18b92d24f2","box","Spiderman"
"Ant-Man, Reformed Rogue","msc","Marvel Super Heroes Commander","739","uncommon","en",2,"NM","nonfoil",false,false,false,0.22,0.19,0.48,0.42,0,0,"777bc602-3c8d-43a1-812f-2103dc26b635","box","Avatarcommander"
"Astonishing Spider-Man","msc","Marvel Super Heroes Commander","740","rare","en",1,"NM","nonfoil",false,false,false,5.04,4.42,5.74,5.03,0,0,"b5787d4b-ce1e-49d9-9669-307bda264b33","box","Avatarcommander"
"The Fantastic Four","msc","Marvel Super Heroes Commander","741","mythic","en",1,"NM","nonfoil",false,false,false,23.72,20.79,25.17,22.06,0,0,"d78cb67a-ed8a-4e76-8506-04c274318b56","box","Avatarcommander"
"Iceman and Firestar","msc","Marvel Super Heroes Commander","742","uncommon","en",1,"NM","nonfoil",false,false,false,0.52,0.46,0.71,0.62,0,0,"3dbc2d29-c56f-4c80-b671-24f39c8d80e5","box","Avatarcommander"
"Ms. Marvel, Elastic Ally","msc","Marvel Super Heroes Commander","744","uncommon","en",1,"NM","nonfoil",false,false,false,1.07,0.94,0.72,0.63,0,0,"bf9ce355-f472-4f0f-8d8e-96df363e1b02","box","Avatarcommander"
"She-Hulk, Attorney-at-Law","msc","Marvel Super Heroes Commander","745","uncommon","en",1,"NM","nonfoil",false,false,false,0.39,0.34,0.48,0.42,0,0,"93a44ea5-a571-4abb-b8fa-14b8224ecaeb","box","Avatarcommander"
"Shuri, Vibranium Technologist","msc","Marvel Super Heroes Commander","746","uncommon","en",2,"NM","nonfoil",false,false,false,0.23,0.20,0.63,0.55,0,0,"33795ef2-2215-4a69-9127-25ef252db684","box","Avatarcommander"
"Tiger Shark, Abyssal Hunter","msc","Marvel Super Heroes Commander","747","uncommon","en",1,"NM","nonfoil",false,false,false,0.58,0.51,0.67,0.59,0,0,"1a7b5a4c-b801-446a-984f-42349b7f8bfe","box","Spiderman"
"Tiger Shark, Abyssal Hunter","msc","Marvel Super Heroes Commander","747","uncommon","en",1,"NM","nonfoil",false,false,false,0.58,0.51,0.67,0.59,0,0,"1a7b5a4c-b801-446a-984f-42349b7f8bfe","box","Avatarcommander"
"Wakandan Tusker","msc","Marvel Super Heroes Commander","748","uncommon","en",2,"NM","nonfoil",false,false,false,0.84,0.74,0.32,0.28,0,0,"5c390e05-2f69-45af-9646-eded19d45dd8","box","Avatarcommander"
"Daily Bugle Newspaper","msc","Marvel Super Heroes Commander","749","uncommon","en",3,"NM","nonfoil",false,false,false,0.44,0.39,0.75,0.66,0,0,"46155477-758e-47a0-9fb9-dec7869978d9","box","Avatarcommander"
"Machine Man, Model X-51","msc","Marvel Super Heroes Commander","751","uncommon","en",1,"NM","nonfoil",false,false,false,0.37,0.32,0.35,0.31,0,0,"b15fcd0a-ad2a-4265-a4f6-c11d361ad686","box","Avatarcommander"
"The Thanos-Copter","msc","Marvel Super Heroes Commander","753","rare","en",1,"NM","nonfoil",false,false,false,2.36,2.07,2.95,2.59,0,0,"6fd703f5-32ee-47d6-a501-b45fb921e42f","box","Spiderman"
"Thor, Asgard's Avenger","msc","Marvel Super Heroes Commander","756","rare","en",1,"NM","nonfoil",false,false,false,0.94,0.82,2.68,2.35,0,0,"3513c041-7147-467d-845d-3d1c83fb3328","box","Spiderman"
"Virtuous Variant","msc","Marvel Super Heroes Commander","758","common","en",1,"NM","nonfoil",false,false,false,0.33,0.29,0.29,0.25,0,0,"87c73b0e-6df9-46db-a14f-f4f5ccc30d91","box","Spiderman"
"Virtuous Variant","msc","Marvel Super Heroes Commander","758","common","en",1,"NM","nonfoil",false,false,false,0.33,0.29,0.29,0.25,0,0,"87c73b0e-6df9-46db-a14f-f4f5ccc30d91","box","Avatarcommander"
"Ant-Man's Air Force","msc","Marvel Super Heroes Commander","759","uncommon","en",1,"NM","nonfoil",false,false,false,0.50,0.44,0.31,0.27,0,0,"a94723d0-2137-41f6-87a1-6a33e1d50d1b","box","Spiderman"
"Mist-Cloaked Herald","msc","Marvel Super Heroes Commander","760","common","en",1,"NM","nonfoil",false,false,false,0.35,0.31,0.35,0.31,0,0,"1e19ed76-26fe-4e39-8d65-959ae5675d5e","box","Spiderman"
"Mist-Cloaked Herald","msc","Marvel Super Heroes Commander","760","common","en",1,"NM","nonfoil",false,false,false,0.35,0.31,0.35,0.31,0,0,"1e19ed76-26fe-4e39-8d65-959ae5675d5e","box","Avatarcommander"
"TVA Bureaucrat","msc","Marvel Super Heroes Commander","761","common","en",1,"NM","nonfoil",false,false,false,0.32,0.28,0.36,0.32,0,0,"62da11c2-e37d-46e9-b225-ba864b7f2c11","box","Avatarcommander"
"Living Lightning, Charged Up","msc","Marvel Super Heroes Commander","764","uncommon","en",1,"NM","nonfoil",false,false,false,0.31,0.27,0.33,0.29,0,0,"95b3f213-434a-45e7-bc09-7ada7728c802","box","Avatarcommander"
"Sif's Spearmaster","msc","Marvel Super Heroes Commander","765","common","en",1,"NM","nonfoil",false,false,false,0.39,0.34,0.34,0.30,0,0,"7fed8476-176b-47a4-a646-368ca4b52f41","box","Spiderman"
"Goliath, Mass Manipulator","msc","Marvel Super Heroes Commander","766","uncommon","en",1,"NM","nonfoil",false,false,false,0.41,0.36,0.42,0.37,0,0,"78216454-a0d5-4b4d-bd72-b96c742202b4","box","Avatarcommander"
"Wolfsbane, Highland Hero","msc","Marvel Super Heroes Commander","767","common","en",2,"NM","nonfoil",false,false,false,0.40,0.35,0.38,0.33,0,0,"81c604fd-9e3e-4527-9ed8-2fdeaabf0870","box","Spiderman"
"Selfless Police Captain","msc","Marvel Super Heroes Commander","774","common","en",1,"NM","nonfoil",false,false,false,0.27,0.24,0.13,0.11,0,0,"1533363c-d95e-46d9-8dce-37f66192d361","box","Spiderman"
"Starling, Aerial Ally","msc","Marvel Super Heroes Commander","778","common","en",1,"NM","nonfoil",false,false,false,0.35,0.31,0.18,0.16,0,0,"be606fd7-a7a0-4960-90cc-a0cf1e867c56","box","Spiderman"
"Starling, Aerial Ally","msc","Marvel Super Heroes Commander","778","common","en",1,"NM","nonfoil",false,false,false,0.35,0.31,0.18,0.16,0,0,"be606fd7-a7a0-4960-90cc-a0cf1e867c56","box","Ff chchobo bundle"
"Sudden Strike","msc","Marvel Super Heroes Commander","779","uncommon","en",1,"NM","nonfoil",false,false,false,0.28,0.25,0.37,0.32,0,0,"03d56bb2-9cb1-4825-b31b-1f4bbf21a500","box","Avatarcommander"
"Wild Pack Squad","msc","Marvel Super Heroes Commander","781","common","en",1,"NM","nonfoil",false,false,false,0.35,0.31,0.25,0.22,0,0,"ca3cdbf8-f09c-43c4-bb43-87f244554838","box","Avatarcommander"
"Doc Ock, Sinister Scientist","msc","Marvel Super Heroes Commander","783","common","en",1,"NM","nonfoil",false,false,false,0.42,0.37,0.25,0.22,0,0,"38681802-429a-4465-8c23-f3d8f790431d","box","Spiderman"
"Doc Ock's Henchmen","msc","Marvel Super Heroes Commander","784","common","en",1,"NM","nonfoil",false,false,false,0.37,0.32,0.20,0.18,0,0,"455e9558-494e-43b2-b661-8e996d767f49","box","Spiderman"
"Flying Octobot","msc","Marvel Super Heroes Commander","785","uncommon","en",1,"NM","nonfoil",false,false,false,0.24,0.21,0.41,0.36,0,0,"88de34bb-81bb-49b7-af33-3f064b38b9dd","box","Spiderman"
"Unstable Experiment","msc","Marvel Super Heroes Commander","789","common","en",1,"NM","nonfoil",false,false,false,0.44,0.39,0.30,0.26,0,0,"4972517e-3d3f-40aa-84c5-5481c54b6f81","box","Avatarcommander"
"Unstable Experiment","msc","Marvel Super Heroes Commander","789","common","en",1,"NM","nonfoil",false,false,false,0.44,0.39,0.30,0.26,0,0,"4972517e-3d3f-40aa-84c5-5481c54b6f81","box","Spiderman"
"Whoosh!","msc","Marvel Super Heroes Commander","790","common","en",1,"NM","nonfoil",false,false,false,0.15,0.13,0.22,0.19,0,0,"7c6cf5b2-cd42-401e-bbb2-82088783e585","box","Spiderman"
"Alien Symbiosis","msc","Marvel Super Heroes Commander","791","uncommon","en",1,"NM","nonfoil",false,false,false,0.38,0.33,0.31,0.27,0,0,"49d66297-722b-4f3a-83cd-e4a21e5b8034","box","Avatarcommander"
"Common Crook","msc","Marvel Super Heroes Commander","792","common","en",1,"NM","nonfoil",false,false,false,0.23,0.20,0.19,0.17,0,0,"79f4fd9c-8ec1-4ccd-95aa-12f169032e1b","box","Avatarcommander"
"Dark Ritual","msc","Marvel Super Heroes Commander","793","uncommon","en",1,"NM","nonfoil",false,false,false,12.54,10.99,13.32,11.68,0,0,"11e12a84-e7be-4afc-a230-c2e644743fa8","box","Spiderman"
"Deadly Dispute","msc","Marvel Super Heroes Commander","794","common","en",1,"NM","nonfoil",false,false,false,0.28,0.25,0.32,0.28,0,0,"d86fa72c-25c1-43ef-9cb0-fe76f7568ed3","box","Avatarcommander"
"Inner Demons Gangsters","msc","Marvel Super Heroes Commander","797","common","en",1,"NM","nonfoil",false,false,false,0.40,0.35,0.20,0.18,0,0,"efec73e0-2dfa-42f7-bb95-3c2553821055","box","Spiderman"
"Inner Demons Gangsters","msc","Marvel Super Heroes Commander","797","common","en",1,"NM","nonfoil",false,false,false,0.40,0.35,0.20,0.18,0,0,"efec73e0-2dfa-42f7-bb95-3c2553821055","box","Avatarcommander"
"The Spot's Portal","msc","Marvel Super Heroes Commander","798","uncommon","en",1,"NM","nonfoil",false,false,false,0.41,0.36,0.37,0.32,0,0,"7b14d897-c056-43e6-972c-d4e23c7f484f","box","Avatarcommander"
"Swarm, Being of Bees","msc","Marvel Super Heroes Commander","799","common","en",1,"NM","nonfoil",false,false,false,0.24,0.21,0.21,0.18,0,0,"8a89d8ca-d084-415a-9247-90902f8bb541","box","Avatarcommander"
"Swarm, Being of Bees","msc","Marvel Super Heroes Commander","799","common","en",1,"NM","nonfoil",false,false,false,0.24,0.21,0.21,0.18,0,0,"8a89d8ca-d084-415a-9247-90902f8bb541","box","Spiderman"
"Venom, Evil Unleashed","msc","Marvel Super Heroes Commander","800","common","en",1,"NM","nonfoil",false,false,false,0.25,0.22,0.31,0.27,0,0,"78fcfdd0-7744-4fed-83dc-6b9a3235ab6f","box","Avatarcommander"
"Venomized Cat","msc","Marvel Super Heroes Commander","801","common","en",1,"NM","nonfoil",false,false,false,0.15,0.13,0.21,0.18,0,0,"149cbb84-c0d0-4636-a440-2b2898f95ec7","box","Spiderman"
"Venomized Cat","msc","Marvel Super Heroes Commander","801","common","en",1,"NM","nonfoil",false,false,false,0.15,0.13,0.21,0.18,0,0,"149cbb84-c0d0-4636-a440-2b2898f95ec7","box","Avatarcommander"
"Big Score","msc","Marvel Super Heroes Commander","802","common","en",1,"NM","nonfoil",false,false,false,0.40,0.35,0.36,0.32,0,0,"3383a939-4ab3-4546-9995-6c65cd3f4441","box","Spiderman"
"Grapeshot","msc","Marvel Super Heroes Commander","803","common","en",1,"NM","nonfoil",false,false,false,2.17,1.90,0.40,0.35,0,0,"e3e2d90a-3557-49d5-9986-cb50fd31f396","box","Spiderman"
"Grapeshot","msc","Marvel Super Heroes Commander","803","common","en",1,"NM","nonfoil",false,false,false,2.17,1.90,0.40,0.35,0,0,"e3e2d90a-3557-49d5-9986-cb50fd31f396","box","Avatarcommander"
"Hobgoblin, Mantled Marauder","msc","Marvel Super Heroes Commander","805","uncommon","en",1,"NM","nonfoil",false,false,false,0.26,0.23,0.41,0.36,0,0,"a4dafd5a-e9eb-48b3-b3ec-8d6a9fd92116","box","Avatarcommander"
"Lightning Bolt","msc","Marvel Super Heroes Commander","806","uncommon","en",1,"NM","nonfoil",false,false,false,0.84,0.74,1.12,0.98,0,0,"7673784e-db4b-43a1-8d55-1bb9fc1e284f","box","Avatarcommander"
"Lightning Bolt","msc","Marvel Super Heroes Commander","806","uncommon","en",1,"NM","nonfoil",false,false,false,0.84,0.74,1.12,0.98,0,0,"7673784e-db4b-43a1-8d55-1bb9fc1e284f","box","Spiderman"
"Masked Meower","msc","Marvel Super Heroes Commander","807","common","en",2,"NM","nonfoil",false,false,false,0.13,0.11,0.27,0.24,0,0,"2e918a9c-4d06-489e-9a7c-a56f7ded7c0e","box","Avatarcommander"
"Romantic Rendezvous","msc","Marvel Super Heroes Commander","808","common","en",1,"NM","nonfoil",false,false,false,0.60,0.53,0.29,0.25,0,0,"ede080dd-7df6-474b-b481-de842fec3139","box","Avatarcommander"
"Romantic Rendezvous","msc","Marvel Super Heroes Commander","808","common","en",1,"NM","nonfoil",false,false,false,0.60,0.53,0.29,0.25,0,0,"ede080dd-7df6-474b-b481-de842fec3139","box","Spiderman"
"Shock","msc","Marvel Super Heroes Commander","809","common","en",1,"NM","nonfoil",false,false,false,0.25,0.22,0.35,0.31,0,0,"b23900fb-efe9-43ab-9f67-4545dd01fb9c","box","Spiderman"
"Stegron the Dinosaur Man","msc","Marvel Super Heroes Commander","810","common","en",1,"NM","nonfoil",false,false,false,0.28,0.25,0.15,0.13,0,0,"5fef478f-3cb4-4b1f-9544-d7690d2b5144","box","Avatarcommander"
"Taxi Driver","msc","Marvel Super Heroes Commander","811","common","en",1,"NM","nonfoil",false,false,false,0.16,0.14,0.26,0.23,0,0,"e3b28135-5c48-4525-8bc6-4833a904ade4","box","Avatarcommander"
"Wisecrack","msc","Marvel Super Heroes Commander","813","uncommon","en",1,"NM","nonfoil",false,false,false,0.34,0.30,0.29,0.25,0,0,"01aab371-0e31-4bf0-a4ef-f18b58c11971","box","Avatarcommander"
"Farseek","msc","Marvel Super Heroes Commander","815","common","en",1,"NM","nonfoil",false,false,false,0.54,0.47,0.38,0.33,0,0,"598f6334-4baf-4f9a-a70c-0cc1e8af68c9","box","Avatarcommander"
"Scout the City","msc","Marvel Super Heroes Commander","817","common","en",1,"NM","nonfoil",false,false,false,0.35,0.31,0.36,0.32,0,0,"3d4dfb11-1aa4-4be1-874b-19a9b02ad041","box","Avatarcommander"
"Scout the City","msc","Marvel Super Heroes Commander","817","common","en",1,"NM","nonfoil",false,false,false,0.35,0.31,0.36,0.32,0,0,"3d4dfb11-1aa4-4be1-874b-19a9b02ad041","box","Spiderman"
"Spider-Rex, Daring Dino","msc","Marvel Super Heroes Commander","818","common","en",1,"NM","nonfoil",false,false,false,0.43,0.38,1.40,1.23,0,0,"531bad8f-a1e2-43ff-9d76-d702142f50a1","box","Avatarcommander"
"Terrific Team-Up","msc","Marvel Super Heroes Commander","819","uncommon","en",1,"NM","nonfoil",false,false,false,0.15,0.13,0.27,0.24,0,0,"378f0a20-61cf-4947-8816-8a065dc44275","box","Avatarcommander"
"Gallant Citizen","msc","Marvel Super Heroes Commander","820","common","en",1,"NM","nonfoil",false,false,false,0.60,0.53,0.16,0.14,0,0,"ec64e524-531c-4e6d-a10f-23bb49ce88c0","box","Ff chchobo bundle"
"Gallant Citizen","msc","Marvel Super Heroes Commander","820","common","en",1,"NM","nonfoil",false,false,false,0.60,0.53,0.16,0.14,0,0,"ec64e524-531c-4e6d-a10f-23bb49ce88c0","box","Spiderman"
"Mob Lookout","msc","Marvel Super Heroes Commander","821","common","en",1,"NM","nonfoil",false,false,false,0.20,0.18,0.33,0.29,0,0,"3a9d6068-dd7b-4cbe-a9d6-5f716d8d1917","box","Spiderman"
"Pumpkin Bombardment","msc","Marvel Super Heroes Commander","822","common","en",1,"NM","nonfoil",false,false,false,0.25,0.22,0.37,0.32,0,0,"b64074c0-5fa5-4d6c-b3ef-9a9f69ca385c","box","Spiderman"
"Pumpkin Bombardment","msc","Marvel Super Heroes Commander","822","common","en",1,"NM","nonfoil",false,false,false,0.25,0.22,0.37,0.32,0,0,"b64074c0-5fa5-4d6c-b3ef-9a9f69ca385c","box","Avatarcommander"
"Eerie Gravestone","msc","Marvel Super Heroes Commander","824","common","en",1,"NM","nonfoil",false,false,false,0.50,0.44,0.34,0.30,0,0,"0d7705e8-b233-4cd0-ad8c-90d900b3cf79","box","Spiderman"
"Rocket-Powered Goblin Glider","msc","Marvel Super Heroes Commander","825","rare","en",1,"NM","nonfoil",false,false,false,0.36,0.32,0.28,0.25,0,0,"0ef5f6c4-04af-47ff-ba50-8343166aa12b","box","Avatarcommander"
"Spider-Gwen, Free Spirit","msc","Marvel Super Heroes Commander","874","common","en",1,"NM","nonfoil",false,false,false,0.20,0.18,0.18,0.16,0,0,"3a9a0ec2-6f57-4218-a307-6e8d785a1693","box","Avatarcommander"
"Spider-Gwen, Free Spirit","msc","Marvel Super Heroes Commander","874","common","en",1,"NM","nonfoil",false,false,false,0.20,0.18,0.18,0.16,0,0,"3a9a0ec2-6f57-4218-a307-6e8d785a1693","box","Spiderman"
"Agent Maria Hill","msh","Marvel Super Heroes","2","uncommon","en",1,"NM","nonfoil",false,false,false,0.11,0.06,0.20,0.13,0,0,"9e327c67-1cf1-4d82-903c-b41c8e7cf747","box","Spiderman"
"Agent of Atlas","msh","Marvel Super Heroes","3","common","en",1,"NM","nonfoil",false,false,false,0.05,0.05,0.17,0.17,0,0,"a9db550e-ed1f-4973-a7f5-ec2e6adb8e6b","box","Avatarcommander"
"Borough Backup","msh","Marvel Super Heroes","7","common","en",2,"NM","nonfoil",false,false,false,0.10,0.04,0.25,0.08,0,0,"bb753ac8-67e1-44b0-b404-37f04c2b7438","box","Ff chchobo bundle"
"Borough Backup","msh","Marvel Super Heroes","7","common","en",1,"NM","nonfoil",false,false,false,0.10,0.04,0.25,0.08,0,0,"bb753ac8-67e1-44b0-b404-37f04c2b7438","box","Avatarcommander"
"Brave Brawler","msh","Marvel Super Heroes","8","common","en",1,"NM","nonfoil",false,false,false,0.06,0.04,0.16,0.15,0,0,"2242b5c3-42ef-4be0-a61f-65c93e56fcab","box","Spiderman"
"Brave Brawler","msh","Marvel Super Heroes","8","common","en",1,"NM","nonfoil",false,false,false,0.06,0.04,0.16,0.15,0,0,"2242b5c3-42ef-4be0-a61f-65c93e56fcab","box","Ff chchobo bundle"
"Captain America, Super-Soldier","msh","Marvel Super Heroes","9","mythic","en",1,"NM","nonfoil",false,false,false,2.78,1.58,3.18,3.76,0,0,"33631d6c-c584-42ff-afe5-2647b5fb321f","box","Spiderman"
"Colleen Wing, Street Samurai","msh","Marvel Super Heroes","13","uncommon","en",1,"NM","nonfoil",false,false,false,0.09,0.09,0.22,0.18,0,0,"8bffc505-608e-4a5b-9ed9-2321e4cab484","box","Spiderman"
"Colleen Wing, Street Samurai","msh","Marvel Super Heroes","13","uncommon","en",1,"NM","nonfoil",false,false,false,0.09,0.09,0.22,0.18,0,0,"8bffc505-608e-4a5b-9ed9-2321e4cab484","box","Avatarcommander"
"Crowd of True Believers","msh","Marvel Super Heroes","14","common","en",1,"NM","nonfoil",false,false,false,0.06,0.05,0.17,0.05,0,0,"4b2fffb8-d538-4772-8fbc-9bec3b9c4d9c","box","Avatarcommander"
"Crowd of True Believers","msh","Marvel Super Heroes","14","common","en",1,"NM","nonfoil",false,false,false,0.06,0.05,0.17,0.05,0,0,"4b2fffb8-d538-4772-8fbc-9bec3b9c4d9c","box","Ff chchobo bundle"
"Helicarrier Strike","msh","Marvel Super Heroes","15","common","en",1,"NM","nonfoil",false,false,false,0.09,0.07,0.19,0.16,0,0,"6e518842-ce44-4af2-8f38-89869828294a","box","Avatarcommander"
"Helicarrier Strike","msh","Marvel Super Heroes","15","common","en",1,"NM","nonfoil",false,false,false,0.09,0.07,0.19,0.16,0,0,"6e518842-ce44-4af2-8f38-89869828294a","box","Ff chchobo bundle"
"Hero in Training","msh","Marvel Super Heroes","16","common","en",1,"NM","nonfoil",false,false,false,0.06,0.04,0.21,0.15,0,0,"105a937b-289c-47b5-96a4-654c697bbb7d","box","Ff chchobo bundle"
"Hero in Training","msh","Marvel Super Heroes","16","common","en",1,"NM","nonfoil",false,false,false,0.06,0.04,0.21,0.15,0,0,"105a937b-289c-47b5-96a4-654c697bbb7d","box","Spiderman"
"Invisible Woman, Sue Storm","msh","Marvel Super Heroes","17","uncommon","en",1,"NM","nonfoil",false,false,false,0.16,0.02,0.37,0.23,0,0,"2f80394b-2f7e-40a7-8203-720bcf39d71b","box","Spiderman"
"Invisible Woman, Sue Storm","msh","Marvel Super Heroes","17","uncommon","en",1,"NM","nonfoil",false,false,false,0.16,0.02,0.37,0.23,0,0,"2f80394b-2f7e-40a7-8203-720bcf39d71b","box","Ff chchobo bundle"
"Invisible Woman, Sue Storm","msh","Marvel Super Heroes","17","uncommon","en",1,"NM","nonfoil",false,false,false,0.16,0.02,0.37,0.23,0,0,"2f80394b-2f7e-40a7-8203-720bcf39d71b","box","Avatarcommander"
"Kree Commandos","msh","Marvel Super Heroes","19","common","en",1,"NM","nonfoil",false,false,false,0.08,0.08,0.13,0.13,0,0,"401f9ccf-f30c-4777-9a5b-4c340e724fff","box","Avatarcommander"
"Kree Commandos","msh","Marvel Super Heroes","19","common","en",1,"NM","nonfoil",false,false,false,0.08,0.08,0.13,0.13,0,0,"401f9ccf-f30c-4777-9a5b-4c340e724fff","box","Ff chchobo bundle"
"Mockingbird, Ace Agent","msh","Marvel Super Heroes","22","uncommon","en",1,"NM","nonfoil",false,false,false,0.08,0.07,0.19,0.21,0,0,"0f5701ac-ec30-4fb1-bd71-4bac4693c075","box","Avatarcommander"
"Murdock's Crusade","msh","Marvel Super Heroes","24","common","en",2,"NM","nonfoil",false,false,false,0.10,0.04,0.24,0.17,0,0,"98df64ca-39c3-47e6-8143-4106c8e9cf59","box","Ff chchobo bundle"
"Nick Fury, Agent of S.H.I.E.L.D.","msh","Marvel Super Heroes","25","rare","en",1,"NM","nonfoil",false,false,false,0.30,0.02,0.42,0.86,0,0,"3aa6fc02-ef76-426b-accd-6c0ef88b2a5e","box","Ff chchobo bundle"
"Night Nurse, Healer of Heroes","msh","Marvel Super Heroes","26","uncommon","en",1,"NM","nonfoil",false,false,false,0.20,0.15,0.31,0.25,0,0,"3199907b-9f24-4554-942a-8ab5a7701717","box","Avatarcommander"
"Okoye, Dora Milaje Leader","msh","Marvel Super Heroes","27","uncommon","en",1,"NM","nonfoil",false,false,false,0.10,0.02,0.24,0.13,0,0,"2c89acf5-20f0-4441-b96f-2c5cacd685fb","box","Avatarcommander"
"Panther Pounce","msh","Marvel Super Heroes","29","common","en",2,"NM","nonfoil",false,false,false,0.08,0.08,0.19,0.14,0,0,"4122ae40-800d-4b6b-93c9-aa503c33f1a9","box","Avatarcommander"
"Panther Pounce","msh","Marvel Super Heroes","29","common","en",1,"NM","nonfoil",false,false,false,0.08,0.08,0.19,0.14,0,0,"4122ae40-800d-4b6b-93c9-aa503c33f1a9","box","Ff chchobo bundle"
"Panther Pounce","msh","Marvel Super Heroes","29","common","en",1,"NM","nonfoil",false,false,false,0.08,0.08,0.19,0.14,0,0,"4122ae40-800d-4b6b-93c9-aa503c33f1a9","box","Spiderman"
"Political Triumph","msh","Marvel Super Heroes","31","uncommon","en",1,"NM","nonfoil",false,false,false,0.22,0.02,0.29,0.29,0,0,"dec3dd36-b8ca-432b-8973-d37c6efc4c1a","box","Ff chchobo bundle"
"Political Triumph","msh","Marvel Super Heroes","31","uncommon","en",1,"NM","nonfoil",false,false,false,0.22,0.02,0.29,0.29,0,0,"dec3dd36-b8ca-432b-8973-d37c6efc4c1a","box","Spiderman"
"Quake, Agent of S.H.I.E.L.D.","msh","Marvel Super Heroes","32","uncommon","en",1,"NM","nonfoil",false,false,false,0.14,0.11,0.24,0.18,0,0,"92dad216-ef8e-4af2-a3c6-1d215721c478","box","Ff chchobo bundle"
"Raft Security Officer","msh","Marvel Super Heroes","33","common","en",1,"NM","nonfoil",false,false,false,0.07,0.02,0.18,0.15,0,0,"f9b9f9d6-b50c-4b29-80be-284ba773c70b","box","Ff chchobo bundle"
"Raft Security Officer","msh","Marvel Super Heroes","33","common","en",1,"NM","nonfoil",false,false,false,0.07,0.02,0.18,0.15,0,0,"f9b9f9d6-b50c-4b29-80be-284ba773c70b","box","Avatarcommander"
"Raft Security Officer","msh","Marvel Super Heroes","33","common","en",1,"NM","nonfoil",false,false,false,0.07,0.02,0.18,0.15,0,0,"f9b9f9d6-b50c-4b29-80be-284ba773c70b","box","Spiderman"
"Red Guardian, Super-Soldier","msh","Marvel Super Heroes","34","uncommon","en",1,"NM","nonfoil",false,false,false,0.12,0.12,0.21,0.16,0,0,"c08f8163-319a-4a31-b15a-93974cacd5b7","box","Ff chchobo bundle"
"S.H.I.E.L.D. Spy Kit","msh","Marvel Super Heroes","36","common","en",1,"NM","nonfoil",false,false,false,0.06,0.06,0.20,0.14,0,0,"4938e23f-b5da-493b-9904-af61a3733ba0","box","Spiderman"
"Take Up the Shield","msh","Marvel Super Heroes","39","common","en",1,"NM","nonfoil",false,false,false,0.13,0.08,0.19,0.13,0,0,"5199d708-8b11-461d-9e91-3e8cd70906f7","box","Ff chchobo bundle"
"Wakandan Drone Flock","msh","Marvel Super Heroes","40","common","en",1,"NM","nonfoil",false,false,false,0.06,0.05,0.15,0.16,0,0,"4b12dc1f-2218-4c71-aafa-ea6a26eeb0aa","box","Avatarcommander"
"Wakandan Drone Flock","msh","Marvel Super Heroes","40","common","en",1,"NM","nonfoil",false,false,false,0.06,0.05,0.15,0.16,0,0,"4b12dc1f-2218-4c71-aafa-ea6a26eeb0aa","box","Ff chchobo bundle"
"Web Up","msh","Marvel Super Heroes","41","common","en",1,"NM","nonfoil",false,false,false,0.11,0.05,0.19,0.13,0,0,"9a1b057b-229c-4f65-ba4e-12dd342238de","box","Spiderman"
"White Widow, Free Agent","msh","Marvel Super Heroes","42","uncommon","en",1,"NM","nonfoil",false,false,false,0.12,0.08,0.29,0.23,0,0,"57da765f-7d87-42ac-9eb0-a49c296fbbf8","box","Ff chchobo bundle"
"White Widow, Free Agent","msh","Marvel Super Heroes","42","uncommon","en",1,"NM","nonfoil",false,false,false,0.12,0.08,0.29,0.23,0,0,"57da765f-7d87-42ac-9eb0-a49c296fbbf8","box","Spiderman"
"Aerial Doombot","msh","Marvel Super Heroes","43","common","en",1,"NM","nonfoil",false,false,false,0.11,0.05,0.17,0.18,0,0,"e727ec1c-dc3b-4f1a-8a62-18549f118b89","box","Ff chchobo bundle"
"A.I.M. Scientists","msh","Marvel Super Heroes","44","common","en",3,"NM","nonfoil",false,false,false,0.08,0.04,0.22,0.18,0,0,"ab96b656-100e-491a-a8c9-94dbb9482c4d","box","Ff chchobo bundle"
"Atlantean Cavalry","msh","Marvel Super Heroes","45","common","en",1,"NM","nonfoil",false,false,false,0.10,0.09,0.23,0.15,0,0,"1319bf54-8705-4cc4-8d08-40f05fd09837","box","Avatarcommander"
"Atlantis Attacks","msh","Marvel Super Heroes","46","common","en",2,"NM","nonfoil",false,false,false,0.09,0.09,0.19,0.12,0,0,"40bc4380-055d-4913-93cb-280c9c1d1a87","box","Avatarcommander"
"Attuma, Atlantean Warlord","msh","Marvel Super Heroes","47","uncommon","en",1,"NM","nonfoil",false,false,false,0.28,0.02,0.35,0.14,0,0,"c3d5add1-0d0e-414b-a964-8da326472d35","box","Avatarcommander"
"Bold Biochemist","msh","Marvel Super Heroes","48","common","en",1,"NM","nonfoil",false,false,false,0.10,0.12,0.18,0.19,0,0,"10644127-3da0-484e-9afc-de26d9c34390","box","Ff chchobo bundle"
"Bold Biochemist","msh","Marvel Super Heroes","48","common","en",1,"NM","nonfoil",false,false,false,0.10,0.12,0.18,0.19,0,0,"10644127-3da0-484e-9afc-de26d9c34390","box","Spiderman"
"Bold Biochemist","msh","Marvel Super Heroes","48","common","en",1,"NM","nonfoil",false,false,false,0.10,0.12,0.18,0.19,0,0,"10644127-3da0-484e-9afc-de26d9c34390","box","Avatarcommander"
"Depower","msh","Marvel Super Heroes","50","common","en",1,"NM","nonfoil",false,false,false,0.06,0.13,0.11,0.12,0,0,"36e9a6e9-1f9d-4860-97ee-f01e66f8eb4d","box","Ff chchobo bundle"
"Depower","msh","Marvel Super Heroes","50","common","en",1,"NM","nonfoil",false,false,false,0.06,0.13,0.11,0.12,0,0,"36e9a6e9-1f9d-4860-97ee-f01e66f8eb4d","box","Spiderman"
"Echo, Perceptive Prodigy","msh","Marvel Super Heroes","51","uncommon","en",1,"NM","nonfoil",false,false,false,0.19,0.02,0.35,0.02,0,0,"cd9b9be6-0143-467c-8a2a-937ecafe0473","box","Avatarcommander"
"Frozen in Ice","msh","Marvel Super Heroes","54","common","en",1,"NM","nonfoil",false,false,false,0.09,0.10,0.20,0.16,0,0,"a990260b-39b7-4799-930a-bf9ac208d9ed","box","Spiderman"
"Frozen in Ice","msh","Marvel Super Heroes","54","common","en",3,"NM","nonfoil",false,false,false,0.09,0.10,0.20,0.16,0,0,"a990260b-39b7-4799-930a-bf9ac208d9ed","box","Avatarcommander"
"Frozen in Ice","msh","Marvel Super Heroes","54","common","en",1,"NM","nonfoil",false,false,false,0.09,0.10,0.20,0.16,0,0,"a990260b-39b7-4799-930a-bf9ac208d9ed","box","Ff chchobo bundle"
"Futurist Forge","msh","Marvel Super Heroes","55","common","en",1,"NM","nonfoil",false,false,false,0.08,0.11,0.19,0.18,0,0,"a50feebf-c660-43f1-9fae-75294703b346","box","Ff chchobo bundle"
"Futurist Forge","msh","Marvel Super Heroes","55","common","en",1,"NM","nonfoil",false,false,false,0.08,0.11,0.19,0.18,0,0,"a50feebf-c660-43f1-9fae-75294703b346","box","Spiderman"
"Futurist Forge","msh","Marvel Super Heroes","55","common","en",1,"NM","nonfoil",false,false,false,0.08,0.11,0.19,0.18,0,0,"a50feebf-c660-43f1-9fae-75294703b346","box","Avatarcommander"
"Hydraulic Helper","msh","Marvel Super Heroes","57","common","en",1,"NM","nonfoil",false,false,false,0.09,0.08,0.20,0.17,0,0,"06d8a2a0-775b-4813-973f-8b15612b38d1","box","Spiderman"
"Hydraulic Helper","msh","Marvel Super Heroes","57","common","en",1,"NM","nonfoil",false,false,false,0.09,0.08,0.20,0.17,0,0,"06d8a2a0-775b-4813-973f-8b15612b38d1","box","Ff chchobo bundle"
"Justice, Vance Astrovik","msh","Marvel Super Heroes","61","uncommon","en",1,"NM","nonfoil",false,false,false,0.13,0.09,0.15,0.19,0,0,"f1448731-d50e-4b9c-8eb2-3d85c21516c6","box","Ff chchobo bundle"
"Kang the Conqueror","msh","Marvel Super Heroes","62","mythic","en",1,"NM","nonfoil",false,false,false,0.52,1.01,1.09,2.29,0,0,"79747b45-fd7b-4023-9a9c-4d9dab2429fe","box","Ff chchobo bundle"
"Kid Loki","msh","Marvel Super Heroes","63","uncommon","en",2,"NM","nonfoil",false,false,false,0.23,0.28,0.37,0.35,0,0,"5c9ff69e-6489-49f3-b401-64856f0b7c11","box","Spiderman"
"Kid Loki","msh","Marvel Super Heroes","63","uncommon","en",1,"NM","nonfoil",false,false,false,0.23,0.28,0.37,0.35,0,0,"5c9ff69e-6489-49f3-b401-64856f0b7c11","box","Avatarcommander"
"Leader, Super-Genius","msh","Marvel Super Heroes","64","rare","en",1,"NM","nonfoil",false,false,false,0.28,0.14,0.41,0.46,0,0,"2c8aab8d-2dfe-49c8-9aa8-536b0587b467","box","Spiderman"
"Mister Fantastic, Reed Richards","msh","Marvel Super Heroes","66","uncommon","en",1,"NM","nonfoil",false,false,false,0.26,0.02,0.36,0.10,0,0,"17ef068b-61fc-443d-97b0-1e41f2622425","box","Avatarcommander"
"Pym Particles","msh","Marvel Super Heroes","70","uncommon","en",1,"NM","nonfoil",false,false,false,0.27,0.17,0.48,0.31,0,0,"928dfa54-1ead-4eff-a538-36cb94f05b78","box","Spiderman"
"Rewrite History","msh","Marvel Super Heroes","71","uncommon","en",1,"NM","nonfoil",false,false,false,0.11,0.09,0.30,0.18,0,0,"91fdf444-3f41-4b8b-b9f5-f3ae3d903649","box","Ff chchobo bundle"
"S.H.I.E.L.D. Deployment Drone","msh","Marvel Super Heroes","73","common","en",1,"NM","nonfoil",false,false,false,0.08,0.06,0.18,0.18,0,0,"c3d0f02f-dfaf-47b6-8053-514417f4dfe2","box","Ff chchobo bundle"
"Shuri, Wakandan Inventor","msh","Marvel Super Heroes","75","uncommon","en",1,"NM","nonfoil",false,false,false,0.36,0.06,0.74,0.81,0,0,"65005522-555e-4479-939c-be16e0262f6f","box","Spiderman"
"Shuri, Wakandan Inventor","msh","Marvel Super Heroes","75","uncommon","en",1,"NM","nonfoil",false,false,false,0.36,0.06,0.74,0.81,0,0,"65005522-555e-4479-939c-be16e0262f6f","box","Ff chchobo bundle"
"Stature, Size Shifter","msh","Marvel Super Heroes","76","uncommon","en",1,"NM","nonfoil",false,false,false,0.15,0.07,0.30,0.20,0,0,"fe692959-64ca-4065-9f9e-1abe590e3d0f","box","Ff chchobo bundle"
"Super Intelligence","msh","Marvel Super Heroes","77","uncommon","en",1,"NM","nonfoil",false,false,false,0.22,0.16,0.41,0.32,0,0,"f26613a1-b4ad-4c7f-8dd9-8f82de995f0c","box","Avatarcommander"
"Thirst for Knowledge","msh","Marvel Super Heroes","79","uncommon","en",1,"NM","nonfoil",false,false,false,0.13,0.08,0.18,0.15,0,0,"5f4f77e5-0019-4a5f-bae6-136121946929","box","Ff chchobo bundle"
"Trickster's Stratagem","msh","Marvel Super Heroes","81","common","en",1,"NM","nonfoil",false,false,false,0.10,0.04,0.23,0.14,0,0,"620376d0-dc0c-405f-8121-eb36d9b4f4c2","box","Spiderman"
"Trickster's Stratagem","msh","Marvel Super Heroes","81","common","en",2,"NM","nonfoil",false,false,false,0.10,0.04,0.23,0.14,0,0,"620376d0-dc0c-405f-8121-eb36d9b4f4c2","box","Ff chchobo bundle"
"We Say Thee Nay!","msh","Marvel Super Heroes","82","common","en",1,"NM","nonfoil",false,false,false,0.16,0.13,0.23,0.20,0,0,"13b70321-75bd-4d44-b9f6-5f062a5dda0f","box","Avatarcommander"
"Agents of HYDRA","msh","Marvel Super Heroes","85","common","en",1,"NM","nonfoil",false,false,false,0.09,0.06,0.14,0.17,0,0,"857fef2e-df1f-4ec6-a262-f6fa52389cf9","box","Avatarcommander"
"Agents of HYDRA","msh","Marvel Super Heroes","85","common","en",1,"NM","nonfoil",false,false,false,0.09,0.06,0.14,0.17,0,0,"857fef2e-df1f-4ec6-a262-f6fa52389cf9","box","Spiderman"
"Arnim Zola, Bio-Fanatic","msh","Marvel Super Heroes","86","uncommon","en",2,"NM","nonfoil",false,false,false,0.09,0.13,0.17,0.17,0,0,"07c70df6-b064-424a-852e-201b312a5b54","box","Ff chchobo bundle"
"Arnim Zola, Bio-Fanatic","msh","Marvel Super Heroes","86","uncommon","en",1,"NM","nonfoil",false,false,false,0.09,0.13,0.17,0.17,0,0,"07c70df6-b064-424a-852e-201b312a5b54","box","Spiderman"
"Baron Strucker, HYDRA Overlord","msh","Marvel Super Heroes","88","uncommon","en",1,"NM","nonfoil",false,false,false,0.24,0.11,0.30,0.21,0,0,"eaf2251a-ffaf-4055-9474-7e3d08d89609","box","Spiderman"
"Construct a Cosmic Cube","msh","Marvel Super Heroes","90","rare","en",1,"NM","nonfoil",false,false,false,0.31,0.02,0.38,0.62,0,0,"448de757-ac16-4529-b851-1a1331b821a5","box","Ff chchobo bundle"
"Crossbones, Malicious Mercenary","msh","Marvel Super Heroes","91","uncommon","en",2,"NM","nonfoil",false,false,false,0.12,0.02,0.29,0.28,0,0,"1576148a-2371-49ba-8eef-0bc2ec3dcaf3","box","Spiderman"
"Crossbones, Malicious Mercenary","msh","Marvel Super Heroes","91","uncommon","en",1,"NM","nonfoil",false,false,false,0.12,0.02,0.29,0.28,0,0,"1576148a-2371-49ba-8eef-0bc2ec3dcaf3","box","Ff chchobo bundle"
"Cruel Alliance","msh","Marvel Super Heroes","92","common","en",1,"NM","nonfoil",false,false,false,0.08,0.06,0.22,0.12,0,0,"d895d5a1-d382-438b-8551-e142bb5142af","box","Avatarcommander"
"Cruel Alliance","msh","Marvel Super Heroes","92","common","en",2,"NM","nonfoil",false,false,false,0.08,0.06,0.22,0.12,0,0,"d895d5a1-d382-438b-8551-e142bb5142af","box","Spiderman"
"Cruel Alliance","msh","Marvel Super Heroes","92","common","en",2,"NM","nonfoil",false,false,false,0.08,0.06,0.22,0.12,0,0,"d895d5a1-d382-438b-8551-e142bb5142af","box","Ff chchobo bundle"
"Dark Deed","msh","Marvel Super Heroes","93","uncommon","en",1,"NM","nonfoil",false,false,false,0.17,0.02,0.32,0.27,0,0,"49e36cac-3999-40b3-91b3-85af4fded679","box","Spiderman"
"Decoy Ploy","msh","Marvel Super Heroes","94","common","en",1,"NM","nonfoil",false,false,false,0.10,0.06,0.31,0.15,0,0,"d8719b74-48ef-4f68-b59a-949edd644ddc","box","Ff chchobo bundle"
"Decoy Ploy","msh","Marvel Super Heroes","94","common","en",1,"NM","nonfoil",false,false,false,0.10,0.06,0.31,0.15,0,0,"d8719b74-48ef-4f68-b59a-949edd644ddc","box","Spiderman"
"Hour of Defeat","msh","Marvel Super Heroes","99","common","en",1,"NM","nonfoil",false,false,false,0.08,0.07,0.19,0.15,0,0,"9e0034dd-396e-46af-b931-0daa25da4406","box","Avatarcommander"
"Hour of Defeat","msh","Marvel Super Heroes","99","common","en",1,"NM","nonfoil",false,false,false,0.08,0.07,0.19,0.15,0,0,"9e0034dd-396e-46af-b931-0daa25da4406","box","Spiderman"
"Hour of Defeat","msh","Marvel Super Heroes","99","common","en",1,"NM","nonfoil",false,false,false,0.08,0.07,0.19,0.15,0,0,"9e0034dd-396e-46af-b931-0daa25da4406","box","Ff chchobo bundle"
"HYDRA Infiltration","msh","Marvel Super Heroes","100","common","en",1,"NM","nonfoil",false,false,false,0.07,0.05,0.16,0.14,0,0,"c2e446e1-e384-4d5f-8099-544f78c08510","box","Ff chchobo bundle"
"HYDRA Infiltration","msh","Marvel Super Heroes","100","common","en",1,"NM","nonfoil",false,false,false,0.07,0.05,0.16,0.14,0,0,"c2e446e1-e384-4d5f-8099-544f78c08510","box","Spiderman"
"HYDRA Troopers","msh","Marvel Super Heroes","101","common","en",1,"NM","nonfoil",false,false,false,0.06,0.03,0.20,0.14,0,0,"40c202f1-6e0d-42f4-a41e-e0be3362d585","box","Spiderman"
"Kingpin's Enforcers","msh","Marvel Super Heroes","102","common","en",1,"NM","nonfoil",false,false,false,0.07,0.05,0.16,0.19,0,0,"64056edb-6de2-4694-b771-f35542c25771","box","Spiderman"
"Kingpin's Enforcers","msh","Marvel Super Heroes","102","common","en",1,"NM","nonfoil",false,false,false,0.07,0.05,0.16,0.19,0,0,"64056edb-6de2-4694-b771-f35542c25771","box","Avatarcommander"
"Kingpin's Enforcers","msh","Marvel Super Heroes","102","common","en",1,"NM","nonfoil",false,false,false,0.07,0.05,0.16,0.19,0,0,"64056edb-6de2-4694-b771-f35542c25771","box","Ff chchobo bundle"
"Klaw, Sonic Subjugator","msh","Marvel Super Heroes","103","uncommon","en",1,"NM","nonfoil",false,false,false,0.12,0.09,0.21,0.17,0,0,"c79a86f8-24e9-49a2-8b1c-72a72fed1985","box","Avatarcommander"
"Madame Masque","msh","Marvel Super Heroes","104","uncommon","en",1,"NM","nonfoil",false,false,false,0.12,0.11,0.33,0.21,0,0,"f54197b8-6279-43ee-9340-69bd22cf3775","box","Avatarcommander"
"The Masters of Evil","msh","Marvel Super Heroes","105","uncommon","en",1,"NM","nonfoil",false,false,false,0.19,0.11,0.31,0.22,0,0,"65ba4439-3282-4179-85b9-67a25e2e5d24","box","Avatarcommander"
"Ninja of the Hand","msh","Marvel Super Heroes","108","common","en",1,"NM","nonfoil",false,false,false,0.11,0.05,0.12,0.17,0,0,"6b8116d8-2cc6-449b-a8b4-8a5166553497","box","Ff chchobo bundle"
"Ninja of the Hand","msh","Marvel Super Heroes","108","common","en",1,"NM","nonfoil",false,false,false,0.11,0.05,0.12,0.17,0,0,"6b8116d8-2cc6-449b-a8b4-8a5166553497","box","Avatarcommander"
"Project Deathlok Soldier","msh","Marvel Super Heroes","109","common","en",2,"NM","nonfoil",false,false,false,0.10,0.06,0.23,0.14,0,0,"5c21a120-4ec7-46ec-974a-2204edb92abb","box","Ff chchobo bundle"
"Project Deathlok Soldier","msh","Marvel Super Heroes","109","common","en",1,"NM","nonfoil",false,false,false,0.10,0.06,0.23,0.14,0,0,"5c21a120-4ec7-46ec-974a-2204edb92abb","box","Avatarcommander"
"Red Room Recruit","msh","Marvel Super Heroes","110","common","en",2,"NM","nonfoil",false,false,false,0.07,0.06,0.20,0.17,0,0,"f52a5ba3-a618-4f52-9d33-ba85345eb627","box","Avatarcommander"
"Red Room Recruit","msh","Marvel Super Heroes","110","common","en",1,"NM","nonfoil",false,false,false,0.07,0.06,0.20,0.17,0,0,"f52a5ba3-a618-4f52-9d33-ba85345eb627","box","Spiderman"
"Roxxon Brutes","msh","Marvel Super Heroes","113","common","en",1,"NM","nonfoil",false,false,false,0.08,0.03,0.18,0.12,0,0,"66550490-74e1-4bf1-8741-1266dfab3a03","box","Avatarcommander"
"Roxxon Brutes","msh","Marvel Super Heroes","113","common","en",1,"NM","nonfoil",false,false,false,0.08,0.03,0.18,0.12,0,0,"66550490-74e1-4bf1-8741-1266dfab3a03","box","Ff chchobo bundle"
"Stolen Stark Tech","msh","Marvel Super Heroes","114","common","en",1,"NM","nonfoil",false,false,false,0.11,0.02,0.17,0.13,0,0,"db4557ad-4141-4dae-870e-a587506f4914","box","Avatarcommander"
"Stolen Stark Tech","msh","Marvel Super Heroes","114","common","en",1,"NM","nonfoil",false,false,false,0.11,0.02,0.17,0.13,0,0,"db4557ad-4141-4dae-870e-a587506f4914","box","Ff chchobo bundle"
"Too Evil to Stay Dead","msh","Marvel Super Heroes","118","uncommon","en",1,"NM","nonfoil",false,false,false,0.17,0.12,0.26,0.20,0,0,"f471e9ce-73bb-4090-98f2-f591c7cf4efe","box","Ff chchobo bundle"
"Unliving Legionnaire","msh","Marvel Super Heroes","119","common","en",1,"NM","nonfoil",false,false,false,0.06,0.03,0.16,0.11,0,0,"ce08f4bb-7da3-4199-8b90-fcdb29e84e98","box","Ff chchobo bundle"
"Visions of Villainy","msh","Marvel Super Heroes","120","common","en",1,"NM","nonfoil",false,false,false,0.09,0.09,0.23,0.19,0,0,"f8f1e4f9-7415-437f-b694-ecbdd76db114","box","Spiderman"
"Visions of Villainy","msh","Marvel Super Heroes","120","common","en",1,"NM","nonfoil",false,false,false,0.09,0.09,0.23,0.19,0,0,"f8f1e4f9-7415-437f-b694-ecbdd76db114","box","Ff chchobo bundle"
"Whiplash, Vengeful Engineer","msh","Marvel Super Heroes","121","uncommon","en",1,"NM","nonfoil",false,false,false,0.11,0.10,0.28,0.18,0,0,"6f6e6767-4d20-469c-9f4b-7286b8cc1979","box","Ff chchobo bundle"
"Widow's Bite","msh","Marvel Super Heroes","122","common","en",1,"NM","nonfoil",false,false,false,0.10,0.06,0.19,0.14,0,0,"dbee18af-9ade-4251-81a1-f6e7ffbf480f","box","Ff chchobo bundle"
"Widow's Bite","msh","Marvel Super Heroes","122","common","en",1,"NM","nonfoil",false,false,false,0.10,0.06,0.19,0.14,0,0,"dbee18af-9ade-4251-81a1-f6e7ffbf480f","box","Avatarcommander"
"Yellowjacket, Heartless Marauder","msh","Marvel Super Heroes","123","uncommon","en",1,"NM","nonfoil",false,false,false,0.11,0.10,0.19,0.15,0,0,"d8f91212-2ff5-4024-8f14-86bb5c4a9754","box","Ff chchobo bundle"
"Yellowjacket, Heartless Marauder","msh","Marvel Super Heroes","123","uncommon","en",2,"NM","nonfoil",false,false,false,0.11,0.10,0.19,0.15,0,0,"d8f91212-2ff5-4024-8f14-86bb5c4a9754","box","Avatarcommander"
"Blazing Crescendo","msh","Marvel Super Heroes","125","common","en",2,"NM","nonfoil",false,false,false,0.10,0.04,0.18,0.14,0,0,"8447c3d6-8c65-4d3c-81c4-609801602d06","box","Spiderman"
"Blazing Crescendo","msh","Marvel Super Heroes","125","common","en",1,"NM","nonfoil",false,false,false,0.10,0.04,0.18,0.14,0,0,"8447c3d6-8c65-4d3c-81c4-609801602d06","box","Ff chchobo bundle"
"Crimson Operative","msh","Marvel Super Heroes","126","common","en",1,"NM","nonfoil",false,false,false,0.09,0.12,0.19,0.17,0,0,"c4bc077c-f220-47a5-aaf4-5324ca23d0c5","box","Ff chchobo bundle"
"Crimson Operative","msh","Marvel Super Heroes","126","common","en",1,"NM","nonfoil",false,false,false,0.09,0.12,0.19,0.17,0,0,"c4bc077c-f220-47a5-aaf4-5324ca23d0c5","box","Spiderman"
"Evil's Thrall","msh","Marvel Super Heroes","128","uncommon","en",1,"NM","nonfoil",false,false,false,0.10,0.07,0.21,0.17,0,0,"310e30cd-b8c3-40ea-9d61-57c5c5fc2a0b","box","Spiderman"
"Evil's Thrall","msh","Marvel Super Heroes","128","uncommon","en",1,"NM","nonfoil",false,false,false,0.10,0.07,0.21,0.17,0,0,"310e30cd-b8c3-40ea-9d61-57c5c5fc2a0b","box","Ff chchobo bundle"
"Hawkeye, Young Avenger","msh","Marvel Super Heroes","131","uncommon","en",1,"NM","nonfoil",false,false,false,0.26,0.15,0.38,0.26,0,0,"3cebccbb-dde2-41fe-bfdc-0a46ee185749","box","Avatarcommander"
"Hawkeye's Bow","msh","Marvel Super Heroes","132","common","en",2,"NM","nonfoil",false,false,false,0.37,0.55,0.41,0.90,0,0,"485be72b-d784-4886-bb3a-48cff8f781c6","box","Ff chchobo bundle"
"Hawkeye's Bow","msh","Marvel Super Heroes","132","common","en",1,"NM","nonfoil",false,false,false,0.37,0.55,0.41,0.90,0,0,"485be72b-d784-4886-bb3a-48cff8f781c6","box","Spiderman"
"Hawkeye's Bow","msh","Marvel Super Heroes","132","common","en",1,"NM","nonfoil",false,false,false,0.37,0.55,0.41,0.90,0,0,"485be72b-d784-4886-bb3a-48cff8f781c6","box","Avatarcommander"
"Hex Magic","msh","Marvel Super Heroes","133","uncommon","en",1,"NM","nonfoil",false,false,false,0.95,0.59,3.80,3.12,0,0,"259bed47-1950-43ae-8efd-3009537529a8","box","Avatarcommander"
"Hex Magic","msh","Marvel Super Heroes","133","uncommon","en",1,"NM","nonfoil",false,false,false,0.95,0.59,3.80,3.12,0,0,"259bed47-1950-43ae-8efd-3009537529a8","box","Spiderman"
"Hire a Crew","msh","Marvel Super Heroes","134","common","en",1,"NM","nonfoil",false,false,false,0.06,0.06,0.26,0.16,0,0,"50a6aa80-79a3-46f3-9cc1-5bf663b64976","box","Ff chchobo bundle"
"Human Torch, Johnny Storm","msh","Marvel Super Heroes","136","uncommon","en",1,"NM","nonfoil",false,false,false,0.15,0.08,0.31,0.24,0,0,"8f8659f6-a793-4edc-8401-d9126840c1c2","box","Avatarcommander"
"HYDRA Assault Robot","msh","Marvel Super Heroes","137","common","en",1,"NM","nonfoil",false,false,false,0.17,0.10,0.29,0.31,0,0,"e3b23fff-7d3b-4341-b556-82136f8c113b","box","Ff chchobo bundle"
"Iron Fist, Living Weapon","msh","Marvel Super Heroes","138","uncommon","en",1,"NM","nonfoil",false,false,false,0.12,0.02,0.28,0.22,0,0,"5cc2d948-ac8b-4466-b604-3fabc0ab6bb9","box","Spiderman"
"Iron Fist, Living Weapon","msh","Marvel Super Heroes","138","uncommon","en",1,"NM","nonfoil",false,false,false,0.12,0.02,0.28,0.22,0,0,"5cc2d948-ac8b-4466-b604-3fabc0ab6bb9","box","Ff chchobo bundle"
"K'un-Lun Warrior","msh","Marvel Super Heroes","140","common","en",1,"NM","nonfoil",false,false,false,0.09,0.06,0.25,0.19,0,0,"e6e8359d-12be-49be-8cbe-6a3b8506a9e6","box","Ff chchobo bundle"
"K'un-Lun Warrior","msh","Marvel Super Heroes","140","common","en",1,"NM","nonfoil",false,false,false,0.09,0.06,0.25,0.19,0,0,"e6e8359d-12be-49be-8cbe-6a3b8506a9e6","box","Spiderman"
"Kree Sentinel","msh","Marvel Super Heroes","141","common","en",1,"NM","nonfoil",false,false,false,0.09,0.07,0.17,0.14,0,0,"ba5e441d-d036-4080-9571-6cf76df7b452","box","Avatarcommander"
"Kree Sentinel","msh","Marvel Super Heroes","141","common","en",1,"NM","nonfoil",false,false,false,0.09,0.07,0.17,0.14,0,0,"ba5e441d-d036-4080-9571-6cf76df7b452","box","Ff chchobo bundle"
"Kree Sentinel","msh","Marvel Super Heroes","141","common","en",2,"NM","nonfoil",false,false,false,0.09,0.07,0.17,0.14,0,0,"ba5e441d-d036-4080-9571-6cf76df7b452","box","Spiderman"
"Lightning Strike","msh","Marvel Super Heroes","142","common","en",2,"NM","nonfoil",false,false,false,0.11,0.10,0.29,0.18,0,0,"88b13bc0-da54-4c3b-917c-7c8345a329f5","box","Avatarcommander"
"Lightning Strike","msh","Marvel Super Heroes","142","common","en",2,"NM","nonfoil",false,false,false,0.11,0.10,0.29,0.18,0,0,"88b13bc0-da54-4c3b-917c-7c8345a329f5","box","Spiderman"
"Lightning Strike","msh","Marvel Super Heroes","142","common","en",1,"NM","nonfoil",false,false,false,0.11,0.10,0.29,0.18,0,0,"88b13bc0-da54-4c3b-917c-7c8345a329f5","box","Ff chchobo bundle"
"Loki Laufeyson","msh","Marvel Super Heroes","143","uncommon","en",1,"NM","nonfoil",false,false,false,0.21,0.14,0.35,0.09,0,0,"53b795a7-11f8-423a-b021-f811007fc82f","box","Ff chchobo bundle"
"Loki Laufeyson","msh","Marvel Super Heroes","143","uncommon","en",1,"NM","nonfoil",false,false,false,0.21,0.14,0.35,0.09,0,0,"53b795a7-11f8-423a-b021-f811007fc82f","box","Avatarcommander"
"Loki Laufeyson","msh","Marvel Super Heroes","143","uncommon","en",1,"NM","nonfoil",false,false,false,0.21,0.14,0.35,0.09,0,0,"53b795a7-11f8-423a-b021-f811007fc82f","box","Spiderman"
"Machinesmith Automaton","msh","Marvel Super Heroes","144","common","en",1,"NM","nonfoil",false,false,false,0.13,0.07,0.17,0.22,0,0,"802e663e-9529-46da-8af4-eb9ca07971b1","box","Spiderman"
"Photon Blast Barrage","msh","Marvel Super Heroes","147","uncommon","en",2,"NM","nonfoil",false,false,false,0.13,0.02,0.29,0.16,0,0,"f85a77d2-e11e-44bc-a1e7-d783cd49d714","box","Ff chchobo bundle"
"Photon Blast Barrage","msh","Marvel Super Heroes","147","uncommon","en",1,"NM","nonfoil",false,false,false,0.13,0.02,0.29,0.16,0,0,"f85a77d2-e11e-44bc-a1e7-d783cd49d714","box","Spiderman"
"Quicksilver, Brash Blur","msh","Marvel Super Heroes","148","rare","en",1,"NM","nonfoil",false,false,false,0.34,0.02,0.40,0.78,0,0,"2d5819ca-165d-4f4c-9500-3ac206994880","box","Avatarcommander"
"Repulsor Blast","msh","Marvel Super Heroes","150","common","en",1,"NM","nonfoil",false,false,false,0.09,0.04,0.24,0.12,0,0,"837265b0-fc15-4d96-9d6b-fd1c78534262","box","Spiderman"
"The Scarlet Witch","msh","Marvel Super Heroes","151","rare","en",1,"NM","nonfoil",false,false,false,0.63,0.36,1.45,1.16,0,0,"407e8993-e56d-477d-ab85-d10a2522eab3","box","Spiderman"
"Speed, Young Avenger","msh","Marvel Super Heroes","152","uncommon","en",1,"NM","nonfoil",false,false,false,0.10,0.09,0.14,0.14,0,0,"d15d187b-dc5d-482d-a79a-b9b98193ad7a","box","Avatarcommander"
"Stark Industries Executive","msh","Marvel Super Heroes","153","common","en",1,"NM","nonfoil",false,false,false,0.10,0.07,0.22,0.22,0,0,"709ffd07-706c-471f-b74d-4637afa11686","box","Avatarcommander"
"Stark Industries Executive","msh","Marvel Super Heroes","153","common","en",1,"NM","nonfoil",false,false,false,0.10,0.07,0.22,0.22,0,0,"709ffd07-706c-471f-b74d-4637afa11686","box","Ff chchobo bundle"
"Super Speed","msh","Marvel Super Heroes","154","common","en",1,"NM","nonfoil",false,false,false,0.06,0.09,0.17,0.17,0,0,"2aa2e596-e5e0-4c60-8eea-14adda1cdaae","box","Avatarcommander"
"Super Speed","msh","Marvel Super Heroes","154","common","en",1,"NM","nonfoil",false,false,false,0.06,0.09,0.17,0.17,0,0,"2aa2e596-e5e0-4c60-8eea-14adda1cdaae","box","Spiderman"
"Super Speed","msh","Marvel Super Heroes","154","common","en",1,"NM","nonfoil",false,false,false,0.06,0.09,0.17,0.17,0,0,"2aa2e596-e5e0-4c60-8eea-14adda1cdaae","box","Ff chchobo bundle"
"Team Tactics","msh","Marvel Super Heroes","155","uncommon","en",1,"NM","nonfoil",false,false,false,0.15,0.12,0.29,0.18,0,0,"db1c7a71-3d01-4f2a-9b25-2a19bb0d1a56","box","Avatarcommander"
"Vision of Love","msh","Marvel Super Heroes","158","common","en",1,"NM","nonfoil",false,false,false,0.21,0.10,0.32,0.30,0,0,"5604cee1-a2ea-48ed-88f4-6878bd053fc8","box","Avatarcommander"
"Vision of Love","msh","Marvel Super Heroes","158","common","en",1,"NM","nonfoil",false,false,false,0.21,0.10,0.32,0.30,0,0,"5604cee1-a2ea-48ed-88f4-6878bd053fc8","box","Spiderman"
"Vision of Love","msh","Marvel Super Heroes","158","common","en",1,"NM","nonfoil",false,false,false,0.21,0.10,0.32,0.30,0,0,"5604cee1-a2ea-48ed-88f4-6878bd053fc8","box","Ff chchobo bundle"
"Volcanic Villain","msh","Marvel Super Heroes","159","common","en",1,"NM","nonfoil",false,false,false,0.07,0.06,0.28,0.10,0,0,"4f48ba40-9934-40fd-a251-e15a68e772d2","box","Avatarcommander"
"Volcanic Villain","msh","Marvel Super Heroes","159","common","en",1,"NM","nonfoil",false,false,false,0.07,0.06,0.28,0.10,0,0,"4f48ba40-9934-40fd-a251-e15a68e772d2","box","Ff chchobo bundle"
"Ant-Man's Army","msh","Marvel Super Heroes","161","common","en",1,"NM","nonfoil",false,false,false,0.10,0.06,0.22,0.18,0,0,"61a89566-06c1-404f-8217-e5276e2dc5a2","box","Avatarcommander"
"Call Damage Control","msh","Marvel Super Heroes","162","common","en",1,"NM","nonfoil",false,false,false,0.20,0.09,0.32,0.18,0,0,"de1ed886-c33b-4cfd-8442-944cec654a8b","box","Spiderman"
"Call Damage Control","msh","Marvel Super Heroes","162","common","en",1,"NM","nonfoil",false,false,false,0.20,0.09,0.32,0.18,0,0,"de1ed886-c33b-4cfd-8442-944cec654a8b","box","Ff chchobo bundle"
"Doc Samson, Super Psychiatrist","msh","Marvel Super Heroes","164","uncommon","en",1,"NM","nonfoil",false,false,false,0.25,0.02,0.38,0.33,0,0,"19dc5fcc-d05d-41a0-84c5-2dec996f3e4f","box","Ff chchobo bundle"
"Giant Growth","msh","Marvel Super Heroes","167","common","en",1,"NM","nonfoil",false,false,false,0.06,0.07,0.22,0.19,0,0,"fd1f95bf-48ea-455a-8a6c-0249b11c8900","box","Spiderman"
"Giant Growth","msh","Marvel Super Heroes","167","common","en",1,"NM","nonfoil",false,false,false,0.06,0.07,0.22,0.19,0,0,"fd1f95bf-48ea-455a-8a6c-0249b11c8900","box","Avatarcommander"
"Go Nuts!","msh","Marvel Super Heroes","168","common","en",1,"NM","nonfoil",false,false,false,0.11,0.02,0.24,0.17,0,0,"152a7b5b-2d95-45d3-8fd9-0ca1d5a79f8b","box","Ff chchobo bundle"
"Go Nuts!","msh","Marvel Super Heroes","168","common","en",1,"NM","nonfoil",false,false,false,0.11,0.02,0.24,0.17,0,0,"152a7b5b-2d95-45d3-8fd9-0ca1d5a79f8b","box","Avatarcommander"
"Guerrilla Gorilla","msh","Marvel Super Heroes","169","common","en",1,"NM","nonfoil",false,false,false,0.13,0.09,0.18,0.17,0,0,"af6bc9d2-5783-489a-8963-af65f54f4f17","box","Avatarcommander"
"Guerrilla Gorilla","msh","Marvel Super Heroes","169","common","en",1,"NM","nonfoil",false,false,false,0.13,0.09,0.18,0.17,0,0,"af6bc9d2-5783-489a-8963-af65f54f4f17","box","Ff chchobo bundle"
"Hellcat, Undying Vigilante","msh","Marvel Super Heroes","170","uncommon","en",1,"NM","nonfoil",false,false,false,0.14,0.02,0.25,0.21,0,0,"d7922c5f-d6ee-4b62-a537-3be5aa280e10","box","Spiderman"
"Hercules, Prince of Power","msh","Marvel Super Heroes","171","uncommon","en",1,"NM","nonfoil",false,false,false,0.09,0.02,0.14,0.15,0,0,"d610d9fe-f8ae-473f-9325-e2f28f7e8a69","box","Avatarcommander"
"Hercules, Prince of Power","msh","Marvel Super Heroes","171","uncommon","en",1,"NM","nonfoil",false,false,false,0.09,0.02,0.14,0.15,0,0,"d610d9fe-f8ae-473f-9325-e2f28f7e8a69","box","Ff chchobo bundle"
"Heroic Feast","msh","Marvel Super Heroes","172","rare","en",1,"NM","nonfoil",false,false,false,0.45,0.02,0.57,0.71,0,0,"32d05c3d-cf03-492e-a956-2e77c36e36c4","maybeboard","Disturbi alimentari - Maybeboard"
"Hulkling, Burgeoning Bruiser","msh","Marvel Super Heroes","173","uncommon","en",1,"NM","nonfoil",false,false,false,0.09,0.06,0.22,0.23,0,0,"9018477f-a67b-4fa4-8661-11ab91fae863","box","Spiderman"
"Hulkling, Burgeoning Bruiser","msh","Marvel Super Heroes","173","uncommon","en",1,"NM","nonfoil",false,false,false,0.09,0.06,0.22,0.23,0,0,"9018477f-a67b-4fa4-8661-11ab91fae863","box","Ff chchobo bundle"
"Ka-Zar of the Savage Land","msh","Marvel Super Heroes","174","uncommon","en",1,"NM","nonfoil",false,false,false,0.14,0.02,0.34,0.11,0,0,"caf70fc5-87a0-4b4d-bedd-74dd09569bed","box","Spiderman"
"Ka-Zar of the Savage Land","msh","Marvel Super Heroes","174","uncommon","en",2,"NM","nonfoil",false,false,false,0.14,0.02,0.34,0.11,0,0,"caf70fc5-87a0-4b4d-bedd-74dd09569bed","box","Ff chchobo bundle"
"Knight of Wundagore","msh","Marvel Super Heroes","175","common","en",1,"NM","nonfoil",false,false,false,0.08,0.07,0.14,0.12,0,0,"f3003766-9383-44e0-8b51-35ccbed137ed","box","Ff chchobo bundle"
"Mister Hyde, Monster Within","msh","Marvel Super Heroes","176","uncommon","en",1,"NM","nonfoil",false,false,false,0.13,0.10,0.28,0.02,0,0,"3cf30476-ed92-4dc2-86b7-2b5fd60a2de7","box","Spiderman"
"Pet Avengers","msh","Marvel Super Heroes","178","common","en",2,"NM","nonfoil",false,false,false,0.15,0.10,0.22,0.17,0,0,"108a0b92-2134-4776-a2f7-da92050f1b21","box","Avatarcommander"
"Powerful Broker","msh","Marvel Super Heroes","179","common","en",1,"NM","nonfoil",false,false,false,0.11,0.08,0.22,0.12,0,0,"801f0417-b663-4e28-9a61-9570061654d7","box","Spiderman"
"Powerful Broker","msh","Marvel Super Heroes","179","common","en",1,"NM","nonfoil",false,false,false,0.11,0.08,0.22,0.12,0,0,"801f0417-b663-4e28-9a61-9570061654d7","box","Ff chchobo bundle"
"Punishing Punch","msh","Marvel Super Heroes","180","uncommon","en",1,"NM","nonfoil",false,false,false,0.20,0.13,0.26,0.17,0,0,"a33a4cb4-1b57-47ca-8e5e-58ff46a6e0ce","box","Avatarcommander"
"Punishing Punch","msh","Marvel Super Heroes","180","uncommon","en",1,"NM","nonfoil",false,false,false,0.20,0.13,0.26,0.17,0,0,"a33a4cb4-1b57-47ca-8e5e-58ff46a6e0ce","box","Spiderman"
"Rapid Rescue","msh","Marvel Super Heroes","181","common","en",2,"NM","nonfoil",false,false,false,0.08,0.04,0.12,0.17,0,0,"d739e636-681e-4423-84e3-91efd02b2c94","box","Ff chchobo bundle"
"Rapid Rescue","msh","Marvel Super Heroes","181","common","en",1,"NM","nonfoil",false,false,false,0.08,0.04,0.12,0.17,0,0,"d739e636-681e-4423-84e3-91efd02b2c94","box","Avatarcommander"
"Reptil, Dinomorpher","msh","Marvel Super Heroes","182","uncommon","en",1,"NM","nonfoil",false,false,false,0.12,0.02,0.14,0.17,0,0,"472db3f2-23df-46c1-86c6-f35fbe5ab4e3","box","Avatarcommander"
"Restorative Technique","msh","Marvel Super Heroes","183","common","en",2,"NM","nonfoil",false,false,false,0.14,0.09,0.29,0.16,0,0,"dbe9102d-b92b-4c32-93f6-5b6dc0fa08e6","box","Ff chchobo bundle"
"Restorative Technique","msh","Marvel Super Heroes","183","common","en",1,"NM","nonfoil",false,false,false,0.14,0.09,0.29,0.16,0,0,"dbe9102d-b92b-4c32-93f6-5b6dc0fa08e6","box","Spiderman"
"Restorative Technique","msh","Marvel Super Heroes","183","common","en",1,"NM","nonfoil",false,false,false,0.14,0.09,0.29,0.16,0,0,"dbe9102d-b92b-4c32-93f6-5b6dc0fa08e6","box","Avatarcommander"
"Savage Land Dinosaur","msh","Marvel Super Heroes","185","common","en",1,"NM","nonfoil",false,false,false,0.11,0.09,0.21,0.18,0,0,"562bd376-3fba-4de0-b9fc-183004b03732","box","Avatarcommander"
"Savage Land Dinosaur","msh","Marvel Super Heroes","185","common","en",1,"NM","nonfoil",false,false,false,0.11,0.09,0.21,0.18,0,0,"562bd376-3fba-4de0-b9fc-183004b03732","box","Ff chchobo bundle"
"Serpent Specialist","msh","Marvel Super Heroes","186","common","en",1,"NM","nonfoil",false,false,false,0.09,0.08,0.20,0.15,0,0,"72727c2a-08a9-47bc-a5eb-cda52e21684b","box","Ff chchobo bundle"
"Serpent Specialist","msh","Marvel Super Heroes","186","common","en",1,"NM","nonfoil",false,false,false,0.09,0.08,0.20,0.15,0,0,"72727c2a-08a9-47bc-a5eb-cda52e21684b","box","Spiderman"
"Serpent Specialist","msh","Marvel Super Heroes","186","common","en",1,"NM","nonfoil",false,false,false,0.09,0.08,0.20,0.15,0,0,"72727c2a-08a9-47bc-a5eb-cda52e21684b","box","Avatarcommander"
"She-Hulk, Jade Defender","msh","Marvel Super Heroes","188","uncommon","en",1,"NM","nonfoil",false,false,false,0.15,0.12,0.31,0.21,0,0,"d22a8d02-023c-4f71-a771-16b5aa2a05d7","box","Ff chchobo bundle"
"Super Strength","msh","Marvel Super Heroes","189","common","en",1,"NM","nonfoil",false,false,false,0.10,0.05,0.21,0.14,0,0,"1d24d200-63d4-44cf-8d3a-6c6ece5e16ff","box","Ff chchobo bundle"
"The Thing, Ben Grimm","msh","Marvel Super Heroes","190","uncommon","en",1,"NM","nonfoil",false,false,false,0.16,0.06,0.26,0.20,0,0,"3f1933a8-046f-471a-afcf-cfb08ca0d239","box","Avatarcommander"
"Tigra, Feline Fury","msh","Marvel Super Heroes","191","uncommon","en",1,"NM","nonfoil",false,false,false,0.17,0.08,0.33,0.05,0,0,"73c11aea-4fa4-438d-b886-2fafa60c82f9","box","Avatarcommander"
"Training Regimen","msh","Marvel Super Heroes","192","uncommon","en",2,"NM","nonfoil",false,false,false,0.19,0.14,0.34,0.19,0,0,"a27aee6d-1fc3-4307-bb16-b964d723fe2f","box","Spiderman"
"Undercover Skrull","msh","Marvel Super Heroes","194","common","en",1,"NM","nonfoil",false,false,false,0.10,0.09,0.19,0.13,0,0,"90b9a3c0-3fd6-403e-9d6c-201342fea0ad","box","Avatarcommander"
"Wakandan Royal Guard","msh","Marvel Super Heroes","195","common","en",1,"NM","nonfoil",false,false,false,0.09,0.07,0.16,0.16,0,0,"9bf0b1e9-32b5-4591-8dd2-6b5f9768c72d","box","Avatarcommander"
"White Tiger, Ava Ayala","msh","Marvel Super Heroes","196","uncommon","en",1,"NM","nonfoil",false,false,false,0.10,0.09,0.26,0.22,0,0,"c1589e2e-32a8-48b8-93eb-a9af344e7084","box","Avatarcommander"
"Alien Invasion","msh","Marvel Super Heroes","200","rare","en",1,"NM","nonfoil",false,false,false,0.23,0.11,0.29,0.02,0,0,"f46a7158-5807-4750-a1f3-853aabb56b99","box","Spiderman"
"Alien Invasion","msh","Marvel Super Heroes","200","rare","en",1,"NM","nonfoil",false,false,false,0.23,0.11,0.29,0.02,0,0,"f46a7158-5807-4750-a1f3-853aabb56b99","box","Ff chchobo bundle"
"Ant-Man, Colony Commander","msh","Marvel Super Heroes","201","uncommon","en",1,"NM","nonfoil",false,false,false,0.16,0.05,0.34,0.02,0,0,"26faf2db-ad86-462f-b61f-c1893c9aebbf","box","Ff chchobo bundle"
"Ant-Man, Colony Commander","msh","Marvel Super Heroes","201","uncommon","en",1,"NM","nonfoil",false,false,false,0.16,0.05,0.34,0.02,0,0,"26faf2db-ad86-462f-b61f-c1893c9aebbf","box","Spiderman"
"Beast, Erudite Aerialist","msh","Marvel Super Heroes","206","uncommon","en",1,"NM","nonfoil",false,false,false,0.14,0.06,0.27,0.02,0,0,"a92a95d2-9529-417a-b7d5-b4244d7fdca7","box","Avatarcommander"
"Beast, Erudite Aerialist","msh","Marvel Super Heroes","206","uncommon","en",2,"NM","nonfoil",false,false,false,0.14,0.06,0.27,0.02,0,0,"a92a95d2-9529-417a-b7d5-b4244d7fdca7","box","Spiderman"
"Black Panther, Vanguard","msh","Marvel Super Heroes","207","uncommon","en",1,"NM","nonfoil",false,false,false,0.11,0.06,0.23,0.28,0,0,"9e308f77-206b-4c9d-bfba-f4c476ea574a","box","Ff chchobo bundle"
"Black Widow, Double Agent","msh","Marvel Super Heroes","208","uncommon","en",1,"NM","nonfoil",false,false,false,0.16,0.02,0.28,0.24,0,0,"aa8dbbb9-36a5-48e0-9e30-aeed0fb5d522","box","Ff chchobo bundle"
"The Kingpin of Crime","msh","Marvel Super Heroes","220","rare","en",1,"NM","nonfoil",false,false,false,0.28,0.12,0.45,0.48,0,0,"495c08ea-5502-4bfe-aa15-fa85556755ae","box","Ff chchobo bundle"
"The Mighty Thor, Jane Foster","msh","Marvel Super Heroes","222","rare","en",1,"NM","nonfoil",false,false,false,0.33,0.02,0.56,0.81,0,0,"082cc8cc-bbea-4ca7-a0e8-da1f865d6626","box","Ff chchobo bundle"
"The Ruinous Wrecking Crew","msh","Marvel Super Heroes","224","rare","en",1,"NM","nonfoil",false,false,false,0.21,0.02,0.38,0.48,0,0,"4d8c8ceb-84cd-46d2-9230-ab6ca4569334","box","Spiderman"
"Speedball, New Warrior","msh","Marvel Super Heroes","227","uncommon","en",1,"NM","nonfoil",false,false,false,0.17,0.07,0.37,0.02,0,0,"e040b456-9853-4e94-9bf8-9374888168bb","box","Ff chchobo bundle"
"Spider-Woman, Secret Agent","msh","Marvel Super Heroes","229","uncommon","en",1,"NM","nonfoil",false,false,false,0.13,0.02,0.28,0.24,0,0,"a0325cb5-4c43-418a-8f1b-cf5bf29e74d7","box","Spiderman"
"Storm, Windrider","msh","Marvel Super Heroes","230","rare","en",1,"NM","nonfoil",false,false,false,0.29,0.17,0.51,0.21,0,0,"e90196a9-5a76-42f8-9b40-097d02b47f33","box","Ff chchobo bundle"
"Titania, Rugged Rumbler","msh","Marvel Super Heroes","235","uncommon","en",1,"NM","nonfoil",false,false,false,0.12,0.09,0.24,0.17,0,0,"c281e0ee-155b-4022-b921-ebc391535aad","box","Avatarcommander"
"Titania, Rugged Rumbler","msh","Marvel Super Heroes","235","uncommon","en",1,"NM","nonfoil",false,false,false,0.12,0.09,0.24,0.17,0,0,"c281e0ee-155b-4022-b921-ebc391535aad","box","Spiderman"
"Titania, Rugged Rumbler","msh","Marvel Super Heroes","235","uncommon","en",1,"NM","nonfoil",false,false,false,0.12,0.09,0.24,0.17,0,0,"c281e0ee-155b-4022-b921-ebc391535aad","box","Ff chchobo bundle"
"U.S.Agent, John Walker","msh","Marvel Super Heroes","236","uncommon","en",1,"NM","nonfoil",false,false,false,0.13,0.07,0.20,0.27,0,0,"35e11911-799c-4d82-9109-3ca27964bef0","box","Spiderman"
"U.S.Agent, John Walker","msh","Marvel Super Heroes","236","uncommon","en",1,"NM","nonfoil",false,false,false,0.13,0.07,0.20,0.27,0,0,"35e11911-799c-4d82-9109-3ca27964bef0","box","Avatarcommander"
"Vision Quest","msh","Marvel Super Heroes","237","rare","en",1,"NM","nonfoil",false,false,false,0.32,0.02,0.38,0.65,0,0,"c01afea6-645d-4d4f-bdaa-90794a628bcd","box","Ff chchobo bundle"
"A.I.M. Synthoids","msh","Marvel Super Heroes","242","common","en",1,"NM","nonfoil",false,false,false,0.09,0.03,0.25,0.18,0,0,"f29dee50-ea7e-4a54-bc91-99928a8405e3","box","Ff chchobo bundle"
"Arc Reactor","msh","Marvel Super Heroes","243","rare","en",1,"NM","nonfoil",false,false,false,0.90,0.67,2.02,1.29,0,0,"339acb17-4b8e-4836-9cc5-8a0a946ebc73","box","Spiderman"
"Dependable Quinjet","msh","Marvel Super Heroes","246","common","en",1,"NM","nonfoil",false,false,false,0.13,0.08,0.27,0.17,0,0,"c035c625-4de5-4c3b-9d07-aa1df8fc7b78","box","Ff chchobo bundle"
"H.E.R.B.I.E. Scout Unit","msh","Marvel Super Heroes","247","common","en",1,"NM","nonfoil",false,false,false,0.13,0.13,0.31,0.23,0,0,"3496d0d4-3fab-4ea4-8986-afe5a7155ec6","box","Avatarcommander"
"Ultron Drone","msh","Marvel Super Heroes","253","common","en",1,"NM","nonfoil",false,false,false,0.11,0.07,0.25,0.20,0,0,"149a0a3b-c470-414c-a7de-d773b8b4cc82","box","Ff chchobo bundle"
"Vibranium Energy Daggers","msh","Marvel Super Heroes","254","common","en",2,"NM","nonfoil",false,false,false,0.13,0.07,0.21,0.02,0,0,"4fe5952d-f50f-443a-b960-657fc4bc1965","box","Ff chchobo bundle"
"Vibranium Energy Daggers","msh","Marvel Super Heroes","254","common","en",1,"NM","nonfoil",false,false,false,0.13,0.07,0.21,0.02,0,0,"4fe5952d-f50f-443a-b960-657fc4bc1965","box","Avatarcommander"
"Viv Vision, Teen Synthezoid","msh","Marvel Super Heroes","256","uncommon","en",1,"NM","nonfoil",false,false,false,0.15,0.12,0.28,0.16,0,0,"85cc170a-ecd2-4870-b675-7ece88813995","box","Spiderman"
"Viv Vision, Teen Synthezoid","msh","Marvel Super Heroes","256","uncommon","en",1,"NM","nonfoil",false,false,false,0.15,0.12,0.28,0.16,0,0,"85cc170a-ecd2-4870-b675-7ece88813995","box","Avatarcommander"
"A.I.M. Labs","msh","Marvel Super Heroes","257","common","en",1,"NM","nonfoil",false,false,false,0.13,0.09,0.17,0.19,0,0,"ca24cd9f-fd9f-4ea0-8b9c-ecf98db219a6","box","Spiderman"
"Asgardian Citadel","msh","Marvel Super Heroes","258","common","en",1,"NM","nonfoil",false,false,false,0.09,0.09,0.25,0.23,0,0,"d5f88c3d-b17b-46aa-a573-449350f95d46","box","Ff chchobo bundle"
"Asgardian Citadel","msh","Marvel Super Heroes","258","common","en",1,"NM","nonfoil",false,false,false,0.09,0.09,0.25,0.23,0,0,"d5f88c3d-b17b-46aa-a573-449350f95d46","box","Spiderman"
"Birnin Zana Plaza","msh","Marvel Super Heroes","262","common","en",1,"NM","nonfoil",false,false,false,0.13,0.08,0.21,0.17,0,0,"41463827-46de-40c4-ac2b-1fdf6aa36f65","box","Spiderman"
"Birnin Zana Plaza","msh","Marvel Super Heroes","262","common","en",1,"NM","nonfoil",false,false,false,0.13,0.08,0.21,0.17,0,0,"41463827-46de-40c4-ac2b-1fdf6aa36f65","box","Ff chchobo bundle"
"Castle Doom","msh","Marvel Super Heroes","263","rare","en",1,"NM","nonfoil",false,false,false,0.49,0.68,0.76,0.62,0,0,"6b39d7a6-ca2d-4376-a18e-efd0138e83bc","box","Ff chchobo bundle"
"Fisk Tower","msh","Marvel Super Heroes","265","common","en",1,"NM","nonfoil",false,false,false,0.13,0.08,0.17,0.16,0,0,"7690e624-93c1-46f4-8f33-e28d881787d3","box","Spiderman"
"Gathering Place","msh","Marvel Super Heroes","266","rare","en",1,"NM","nonfoil",false,false,false,2.74,3.26,3.92,4.90,0,0,"081cdbd0-5081-4a9e-90ba-f5baf4ac137e","box","Ff chchobo bundle"
"Hell's Kitchen","msh","Marvel Super Heroes","268","common","en",1,"NM","nonfoil",false,false,false,0.11,0.08,0.21,0.21,0,0,"6137c34e-cc4c-4342-a8e4-cfa9c767c67b","box","Spiderman"
"Hidden Lair","msh","Marvel Super Heroes","269","rare","en",1,"NM","nonfoil",false,false,false,3.56,4.82,4.19,6.07,0,0,"0742ddb6-71ed-444e-91ad-84f876725a4a","box","Spiderman"
"Stark Industries","msh","Marvel Super Heroes","272","common","en",1,"NM","nonfoil",false,false,false,0.12,0.10,0.24,0.17,0,0,"fe3609d8-71a2-49d9-a3fa-25e0906a1a0e","box","Spiderman"
"Stark Industries","msh","Marvel Super Heroes","272","common","en",1,"NM","nonfoil",false,false,false,0.12,0.10,0.24,0.17,0,0,"fe3609d8-71a2-49d9-a3fa-25e0906a1a0e","box","Ff chchobo bundle"
"Subterranean Cavern","msh","Marvel Super Heroes","273","common","en",1,"NM","nonfoil",false,false,false,0.15,0.06,0.16,0.15,0,0,"038bf500-e23a-4d38-9312-db1909e20353","box","Ff chchobo bundle"
"Surveillance Room","msh","Marvel Super Heroes","274","common","en",2,"NM","nonfoil",false,false,false,0.10,0.02,0.24,0.14,0,0,"8fb51fbb-ab7f-4484-a3c9-dc50cb6f2756","box","Ff chchobo bundle"
"Plains","msh","Marvel Super Heroes","277","common","en",1,"NM","nonfoil",false,false,false,0.19,0.17,0.32,0.23,0,0,"be30f027-ffdd-4d81-bed2-4adb6b4b803f","box","Spiderman"
"Plains","msh","Marvel Super Heroes","278","common","en",2,"NM","nonfoil",false,false,false,0.21,0.18,0.39,0.27,0,0,"69a24fc3-90f9-4f2e-91d9-1aaca888e432","box","Spiderman"
"Island","msh","Marvel Super Heroes","279","common","en",1,"NM","nonfoil",false,false,false,0.22,0.21,0.32,0.26,0,0,"8c1467b1-ff2c-4f73-91ba-bc2b07afc2c3","box","Spiderman"
"Island","msh","Marvel Super Heroes","280","common","en",1,"NM","nonfoil",false,false,false,0.25,0.20,0.36,0.27,0,0,"937b3d7d-decb-4e17-998a-6def3f2c97a2","box","Spiderman"
"Swamp","msh","Marvel Super Heroes","281","common","en",1,"NM","nonfoil",false,false,false,0.19,0.18,0.32,0.23,0,0,"dda87be6-317e-4227-a96d-7742ac054d2e","box","Spiderman"
"Swamp","msh","Marvel Super Heroes","282","common","en",2,"NM","nonfoil",false,false,false,0.24,0.23,0.27,0.22,0,0,"69eee76e-5714-4503-8170-3f551410abec","box","Spiderman"
"Mountain","msh","Marvel Super Heroes","283","common","en",1,"NM","nonfoil",false,false,false,0.29,0.22,0.32,0.25,0,0,"9c29ba11-7438-4fd7-98b9-961be882122d","box","Spiderman"
"Mountain","msh","Marvel Super Heroes","284","common","en",1,"NM","nonfoil",false,false,false,0.23,0.20,0.29,0.25,0,0,"22cc3a0c-ab10-490d-b309-df87df551328","box","Spiderman"
"Forest","msh","Marvel Super Heroes","285","common","en",1,"NM","nonfoil",false,false,false,0.24,0.17,0.25,0.25,0,0,"e5da22bf-bc8a-4810-b273-1e33a6b37323","box","Spiderman"
"Forest","msh","Marvel Super Heroes","286","common","en",1,"NM","nonfoil",false,false,false,0.22,0.18,0.36,0.25,0,0,"47eb96ec-a417-4dbc-82d2-6317372dda11","box","Spiderman"
"Origin of the Avengers","msh","Marvel Super Heroes","298","rare","en",1,"NM","nonfoil",false,false,false,0.37,0.53,0.43,0.66,0,0,"8a500880-56c9-44ea-ad34-c3e5123106cb","box","Spiderman"
"Avengers Disassembled","msh","Marvel Super Heroes","302","rare","en",1,"NM","nonfoil",false,false,false,0.85,1.43,1.29,1.07,0,0,"c1e9b598-a3a4-4d31-8f74-532415725b70","box","Spiderman"
"The Coming of Galactus","msh","Marvel Super Heroes","307","mythic","en",1,"NM","nonfoil",false,false,false,4.49,6.07,5.35,4.85,0,0,"8ffaa5b3-00fa-46ea-918c-dfce0de9e898","box","Spiderman"
"Vision Quest","msh","Marvel Super Heroes","309","rare","en",1,"NM","nonfoil",false,false,false,0.50,0.68,0.71,0.64,0,0,"271ee6c8-164b-4d6a-a7c0-3aa8dea10b7d","box","Spiderman"
"Madame Hydra","msh","Marvel Super Heroes","318","uncommon","en",1,"NM","nonfoil",false,false,false,0.18,0.19,0.27,0.15,0,0,"f05ffa99-fce3-4dc3-80c1-cd4de82b83d0","box","Spiderman"
"Mister Fantastic, Reed Richards","msh","Marvel Super Heroes","320","uncommon","en",1,"NM","nonfoil",false,false,false,0.50,0.39,0.54,0.25,0,0,"6fa1c908-68cb-4832-b972-f9efe7d55cdb","box","Ff chchobo bundle"
"Human Torch, Johnny Storm","msh","Marvel Super Heroes","321","uncommon","en",1,"NM","nonfoil",false,false,false,0.23,0.12,0.37,0.20,0,0,"2fa8010c-3f88-4fbe-880e-7facfea06893","box","Spiderman"
"Invisible Woman, Sue Storm","msh","Marvel Super Heroes","323","uncommon","en",2,"NM","nonfoil",false,false,false,0.26,0.14,0.34,0.16,0,0,"8a037650-cdb2-41f8-b3a8-fedcfdb90259","box","Spiderman"
"Bullseye, Death Dealer","msh","Marvel Super Heroes","325","uncommon","en",1,"NM","nonfoil",false,false,false,0.20,0.06,0.33,0.03,0,0,"879abc8e-bc69-4214-945a-09d02b66010c","box","Spiderman"
"Red Hulk","msh","Marvel Super Heroes","329","uncommon","en",1,"NM","nonfoil",false,false,false,0.31,0.15,0.35,0.25,0,0,"7e623818-838b-4c02-a23a-498cf18d70d6","box","Spiderman"
"HULK SMASH!","msh","Marvel Super Heroes","332","common","en",2,"NM","nonfoil",false,false,false,0.21,0.13,0.32,0.20,0,0,"0d01bc37-ebf4-4f08-9beb-fef8787f8e7a","box","Spiderman"
"Abomination, Terrifying Titan","msh","Marvel Super Heroes","333","uncommon","en",1,"NM","nonfoil",false,false,false,0.18,0.08,0.31,0.15,0,0,"d1fb5d54-8232-4888-9d51-5aca90a7b6eb","box","Spiderman"
"Avengers Tower","msh","Marvel Super Heroes","334","uncommon","en",1,"NM","nonfoil",false,false,false,0.34,0.09,0.42,0.03,0,0,"1292713f-1462-438f-a3a2-1f69ece99668","box","Spiderman"
"Spider-Man, To the Rescue","msh","Marvel Super Heroes","335","uncommon","en",1,"NM","nonfoil",false,false,false,0.20,0.08,0.34,0.02,0,0,"87dd1800-b9b6-4bac-a504-28146a42a4b4","box","Spiderman"
"Spider-Man, To the Rescue","msh","Marvel Super Heroes","335","uncommon","en",2,"NM","nonfoil",false,false,false,0.20,0.08,0.34,0.02,0,0,"87dd1800-b9b6-4bac-a504-28146a42a4b4","box","Ff chchobo bundle"
"Loki, God of Mischief","msh","Marvel Super Heroes","343","rare","en",1,"NM","nonfoil",false,false,false,11.99,11.72,15.37,17.89,0,0,"881af8c7-2d4d-4b68-b999-20e56a973311","box","Spiderman"
"Ultron, Artificial Malevolence","msh","Marvel Super Heroes","344","mythic","en",1,"NM","nonfoil",false,false,false,22.93,15.18,35.92,19.97,0,0,"8a65f1b1-56b5-4a4c-acc7-d1b8933244a4","box","Spiderman"
"Ultron, Artificial Malevolence","msh","Marvel Super Heroes","344","mythic","en",1,"NM","nonfoil",false,false,false,22.93,15.18,35.92,19.97,0,0,"8a65f1b1-56b5-4a4c-acc7-d1b8933244a4","box","Ff chchobo bundle"
"Take Up the Shield","msh","Marvel Super Heroes","348","common","en",1,"NM","nonfoil",false,false,false,0.18,0.04,0.31,0.13,0,0,"d7ebfe43-1772-4557-bad5-e170e8270d21","box","Spiderman"
"Take Up the Shield","msh","Marvel Super Heroes","348","common","en",1,"NM","nonfoil",false,false,false,0.18,0.04,0.31,0.13,0,0,"d7ebfe43-1772-4557-bad5-e170e8270d21","box","Ff chchobo bundle"
"Captain America, Wings of Freedom","msh","Marvel Super Heroes","353","rare","en",1,"NM","nonfoil",false,false,false,0.75,0.62,0.96,0.89,0,0,"309e72e0-d47e-49af-b85a-45b51afb65b1","box","Spiderman"
"Ironheart, Clever Champion","msh","Marvel Super Heroes","360","rare","en",1,"NM","nonfoil",false,false,false,2.03,1.83,2.58,2.00,0,0,"ebfaaaac-b0ad-4f1d-93b4-64dcccfe1cd1","box","Ff chchobo bundle"
"The Scarlet Witch","msh","Marvel Super Heroes","368","rare","en",1,"NM","nonfoil",false,false,false,4.03,1.26,7.53,4.08,0,0,"4bf2a4dc-c4aa-453a-ad18-1af42eb59f40","box","Spiderman"
"The Unbeatable Squirrel Girl","msh","Marvel Super Heroes","371","rare","en",1,"NM","foil",false,false,false,18.97,8.65,25.35,17.15,0,0,"ef518e5b-7942-4e66-aee0-a1c2aa1f9754","box","Spiderman"
"Daredevil, Man Without Fear","msh","Marvel Super Heroes","372","rare","en",1,"NM","nonfoil",false,false,false,4.56,1.36,5.39,1.83,0,0,"ddd4c1d4-09c9-4b85-aef5-e764682ece62","box","Spiderman"
"Storm, Windrider","msh","Marvel Super Heroes","375","rare","en",1,"NM","nonfoil",false,false,false,2.35,1.13,3.75,1.97,0,0,"2c4a0e2c-1037-44cd-9630-b5511d82f9cb","box","Spiderman"
"Winter Soldier, Icy Assassin","msh","Marvel Super Heroes","377","rare","en",1,"NM","nonfoil",false,false,false,0.75,0.23,1.63,0.91,0,0,"76c05333-0e02-4173-b8b4-cb0da3b99a64","box","Spiderman"
"Hidden Lair","msh","Marvel Super Heroes","383","rare","en",1,"NM","nonfoil",false,false,false,5.00,3.73,7.61,5.45,0,0,"4c2d4184-0377-40ee-9bf4-40d5183d0d0d","box","Ff chchobo bundle"
"Captain America, Super-Soldier","msh","Marvel Super Heroes","387","mythic","fr",1,"NM","foil",false,false,false,0,0,229.99,56.93,0,0,"","box","Spiderman"
"Agent Phil Coulson","msh","Marvel Super Heroes","402","rare","en",1,"NM","nonfoil",false,false,false,0.43,0.62,0.53,0.44,0,0,"258b663e-2fa0-4203-9f5f-f9963940c5b3","box","Spiderman"
"Baron Helmut Zemo","msh","Marvel Super Heroes","405","rare","en",2,"NM","nonfoil",false,false,false,0.57,1.16,0.87,1.63,0,0,"1ff8f5aa-a450-4399-bd3a-a8f6b221bab0","box","Spiderman"
"Construct a Cosmic Cube","msh","Marvel Super Heroes","406","rare","en",1,"NM","nonfoil",false,false,false,0.38,1.12,0.44,1.77,0,0,"248b4c86-163b-46eb-9949-e8d8e5875294","box","Spiderman"
"Super-Skrull","msh","Marvel Super Heroes","409","rare","en",1,"NM","nonfoil",false,false,false,0.77,0.76,0.81,1.27,0,0,"625d95ac-41c5-4b42-b479-52446bb39465","box","Spiderman"
"Absorbing Man","msh","Marvel Super Heroes","416","rare","en",2,"NM","nonfoil",false,false,false,0.40,0.77,2.34,1.11,0,0,"35d772a2-717d-4b82-a267-52efed584ae9","box","Spiderman"
"Moon Girl and Devil Dinosaur","msh","Marvel Super Heroes","421","rare","en",1,"NM","nonfoil",false,false,false,0.40,0.53,0.41,0.30,0,0,"42141284-32b3-4195-b696-801232fe6799","box","Spiderman"
"The Ruinous Wrecking Crew","msh","Marvel Super Heroes","422","rare","en",1,"NM","nonfoil",false,false,false,0.34,0.32,0.33,0.33,0,0,"52c4f3fa-d6d2-4fe7-9a9c-ec3ab41134e9","box","Spiderman"
"The Serpent Society","msh","Marvel Super Heroes","424","rare","en",1,"NM","nonfoil",false,false,false,2.69,3.16,3.42,4.06,0,0,"112ac08d-a4b6-4f2b-8afb-41d2ca948d56","box","Spiderman"
"Castle Doom","msh","Marvel Super Heroes","429","rare","en",1,"NM","nonfoil",false,false,false,2.17,1.91,2.43,1.75,0,0,"daaf180d-074d-4ade-8954-0b3a90d56ce5","box","Spiderman"
"The Scarlet Witch","msh","Marvel Super Heroes","431","rare","en",1,"NM","foil",false,false,false,0,0,5.81,1.66,0,0,"3a62ba9f-e164-43ab-a20d-151805e8c237","box","Ff chchobo bundle"
"Speed, Young Avenger","msh","Marvel Super Heroes","448","uncommon","en",2,"NM","foil",false,false,false,0,0,2.00,1.74,0,0,"7224b9cc-6a88-4aea-a7ab-ab64e0e25451","box","Avatarcommander"
"Speed, Young Avenger","msh","Marvel Super Heroes","448","uncommon","en",1,"NM","foil",false,false,false,0,0,2.00,1.74,0,0,"7224b9cc-6a88-4aea-a7ab-ab64e0e25451","box","Ff chchobo bundle"
"Baxter Building","msh","Marvel Super Heroes","453","uncommon","en",1,"NM","foil",false,false,false,0,0,0,0,0,0,"3edd8a6e-1be9-48d1-9dd1-cab72416115d","box","Ff chchobo bundle"
"Captain Lannery Storm","mul","Multiverse Legends","20","rare","en",1,"NM","nonfoil",false,false,false,0.36,0.20,0.40,0.23,0,0,"2ab5252d-e6b2-43ae-ac35-75f32082486c","deck","Sad Men Parade - Main"
"Lutri, the Spellchaser","mul","Multiverse Legends","52","rare","en",1,"NM","nonfoil",false,false,false,0.62,0.98,1.52,1.80,0,0,"08d24f3f-bff1-4424-a029-3221c4e395b3","box","ProXy"
"Deep Analysis","ncc","New Capenna Commander","218","common","en",1,"NM","nonfoil",false,false,false,0.15,0.17,0,0.10,0,0,"64904c29-e0e4-4ecd-af0a-89a820899108","box","Avatar bundle"
"Garruk's Uprising","ncc","New Capenna Commander","292","uncommon","en",1,"NM","nonfoil",false,false,false,0.55,0.74,0,0,0,0,"98795a31-7b54-4ad1-ac87-3f58e71dbeb7","box","Avatar bundle"
"Canopy Vista","ncc","New Capenna Commander","389","rare","en",1,"NM","nonfoil",false,false,false,0.38,0.26,0,0.40,0,0,"79dffd83-05c8-4698-9677-5decb997e29f","box","Lorwin box"
"Cinder Glade","ncc","New Capenna Commander","394","rare","en",1,"NM","nonfoil",false,false,false,0.36,0.28,0,1.00,0,0,"95e3baad-ec4d-4111-9121-994980df4b0c","box","Lorwin box"
"Jungle Shrine","ncc","New Capenna Commander","409","uncommon","en",1,"NM","nonfoil",false,false,false,0.34,0.31,0,0,0,0,"256b65d6-f50d-4b5c-afae-77935b33f7de","box","Lorwin box"
"Seaside Citadel","ncc","New Capenna Commander","425","uncommon","en",1,"NM","nonfoil",false,false,false,0.38,0.32,0,0,0,0,"816ce96f-9180-4f95-a7cd-334f4a159fa7","box","Lorwin box"
"Sunken Hollow","ncc","New Capenna Commander","431","rare","en",1,"NM","nonfoil",false,false,false,0.40,0.43,0,0,0,0,"0fb2782e-6fe9-4383-9ba4-02d21b7cb4d7","box","Lorwin box"
"Saproling Burst","nem","Nemesis","113","rare","en",1,"NM","nonfoil",false,false,false,13.67,8.80,34.97,78.18,0,0,"de3a293d-08d8-49e4-b0fa-91afa0a5591d","box","ProXy"
"The Reality Chip","neo","Kamigawa: Neon Dynasty","74","rare","en",1,"NM","nonfoil",false,false,false,3.79,2.26,4.45,3.95,0,0,"d859de3a-0be1-4e66-b438-1c3d4ee756cd","box","ProXy"
"Tamiyo's Safekeeping","neo","Kamigawa: Neon Dynasty","211","common","en",1,"NM","nonfoil",false,false,false,4.94,3.48,6.57,4.42,0,0,"fd4b7ee2-de65-4288-872d-486065a4f226","deck","La cosa verde - Main"
"Containment Construct","neo","Kamigawa: Neon Dynasty","243","uncommon","en",1,"NM","nonfoil",false,false,false,0.47,0.54,1.28,0.94,0,0,"520e5505-429b-4da0-b25e-14b8d4e81ce3","box","Spiderman"
"Boseiju, Who Endures","neo","Kamigawa: Neon Dynasty","266","rare","en",1,"NM","nonfoil",false,false,false,46.54,36.85,54.25,41.80,0,0,"2135ac5a-187b-4dc9-8f82-34e8d1603416","box","ProXy"
"Boseiju, Who Endures","neo","Kamigawa: Neon Dynasty","501","rare","en",1,"NM","nonfoil",false,false,false,56.34,39.45,69.81,50.81,0,0,"2488a80b-6882-4b59-8232-f02f800204a9","deck","La cosa verde - Main"
"Gitaxian Probe","nph","New Phyrexia","35","common","en",2,"NM","nonfoil",false,false,false,3.87,3.66,25.93,18.16,0,0,"995486ce-58bb-4753-a812-0ca73ef1a235","box","ProXy"
"Kirtar's Desire","ody","Odyssey","27","common","en",1,"NM","nonfoil",false,false,false,0.21,0.27,3.24,2.45,0,0,"7f1e36fe-ecbe-46aa-9ee8-2ba4daba7d31","box","Foundation"
"Expedition Raptor","ogw","Oath of the Gatewatch","18","common","en",1,"NM","nonfoil",false,false,false,0.03,0.08,0.49,0.11,0,0,"819d11eb-960b-4116-ba09-f03bff88b4e7","box","Avatar bundle"
"Karakas","olgc","Legacy Championship","2020A","mythic","en",1,"NM","nonfoil",false,false,false,0,0,0,0,0,0,"b68c652e-9413-456e-b875-bf9a0ca801a8","box","Lorwin box"
"Duress","one","Phyrexia: All Will Be One","92","common","en",1,"NM","nonfoil",false,false,false,0.22,0.14,0.34,0.29,0,0,"3557e601-9b71-4ce9-9047-1a8baa72e574","box","Foundation"
"Mindsplice Apparatus","one","Phyrexia: All Will Be One","382","rare","en",1,"NM","nonfoil",false,false,false,1.67,1.29,1.89,1.29,0,0,"9e92da4c-85ed-4afa-8755-dc9627491b07","box","ProXy"
"Accursed Centaur","ons","Onslaught","123","common","en",1,"NM","nonfoil",false,false,false,0.08,0.03,1.18,0.63,0,0,"894556d8-6d5c-431b-a45d-26cd37c5f456","box","Foundation"
"Crown of Suspicion","ons","Onslaught","134","common","en",1,"NM","nonfoil",false,false,false,0.07,0.08,0.54,0.58,0,0,"8953e11b-cc3a-4c8d-9d7e-04bf90c77027","box","Foundation"
"Profane Prayers","ons","Onslaught","162","common","en",1,"NM","nonfoil",false,false,false,0.16,0.10,0.68,0.77,0,0,"bc8320ef-af97-4cf6-9aaf-17818174d842","box","Foundation"
"Crown of Vigor","ons","Onslaught","253","common","en",1,"NM","nonfoil",false,false,false,0.09,0.06,0.85,0.62,0,0,"e7e320a6-88e2-4be1-97e2-30e0f3c2e450","box","Ff chchobo bundle"
"Overwhelming Instinct","ons","Onslaught","276","uncommon","en",1,"NM","nonfoil",false,false,false,0.32,0.24,3.07,1.80,0,0,"2d9e3793-7ddc-45c5-b25d-acd5cb96026f","deck","La cosa verde - Main"
"Riptide Laboratory","ons","Onslaught","322","rare","en",1,"NM","nonfoil",false,false,false,2.53,2.31,46.29,30.88,0,0,"d993c973-2eb6-423c-8ee9-10749a751524","box","ProXy"
"Dwynen, Gilt-Leaf Daen","ori","Magic Origins","172","rare","en",1,"NM","nonfoil",false,false,false,0.34,0.44,1.77,1.17,0,0,"91c143a9-c642-425a-a469-a9d158e43c21","box","Avatar bundle"
"Battlefield Forge","ori","Magic Origins","244","rare","en",1,"NM","nonfoil",false,false,false,0.35,0.52,2.31,2.91,0,0,"034c5944-aad3-4bf2-b79d-8da61ab1bd52","box","ProXy"
"Shivan Reef","ori","Magic Origins","251","rare","en",1,"NM","nonfoil",false,false,false,0.54,0.52,1.80,2.17,0,0,"f1d33afd-6f2a-43c8-ae5d-17a0674fcdd3","box","ProXy"
"Orochi Soul-Reaver","otc","Outlaws of Thunder Junction Commander","58","rare","en",1,"NM","nonfoil",false,false,false,11.32,9.44,0,0,0,0,"5ba1d8a7-2249-4c74-adb7-d13a9b347571","box","ProXy"
"Mizzix's Mastery","otc","Outlaws of Thunder Junction Commander","175","rare","en",1,"NM","nonfoil",false,false,false,8.40,4.85,0,0,0,0,"4fa2d7f2-05b3-468f-9f2c-a61b46bad88e","box","ProXy"
"Fake Your Own Death","otj","Outlaws of Thunder Junction","87","common","en",1,"NM","nonfoil",false,false,false,0.17,0.09,0.32,0.18,0,0,"79a17ab9-13c9-41d4-a143-82d8caacfd8b","box","Avatar bundle"
"Tinybones, the Pickpocket","otj","Outlaws of Thunder Junction","109","mythic","en",1,"NM","nonfoil",false,false,false,5.39,4.55,5.69,6.59,0,0,"3d3025a2-4a17-4137-ba0b-bd676c6f5f88","box","ProXy"
"Return the Favor","otj","Outlaws of Thunder Junction","142","uncommon","en",1,"NM","nonfoil",false,false,false,0.44,0.67,1.62,1.06,0,0,"a9cc02d1-799d-42aa-9bc2-4c05452b63b4","box","ProXy"
"Snakeskin Veil","otj","Outlaws of Thunder Junction","181","common","en",1,"NM","nonfoil",false,false,false,0.25,0.13,0.12,0.29,0,0,"133fbdec-0d00-433f-9015-5eb091126e3a","box","Ff chchobo bundle"
"Archfiend of Ifnir","pakh","Amonkhet Promos","78","rare","en",1,"NM","foil",false,false,false,0,0.08,4.45,1.74,0,0,"f216bfb7-739d-4a3a-8ba4-6507c66aa5ca","box","Spiderman"
"Pawpatch Recruit","pblb","Bloomburrow Promos","187p","rare","en",1,"NM","nonfoil",false,false,false,1.94,1.88,3.37,2.57,0,0,"ab2ddf36-c624-48ba-8ab3-43e8c79eeb83","box","Foundation"
"Mutavault","pcmp","Champs and States","12","rare","en",1,"NM","foil",false,false,false,0,750.00,758.66,670.16,0,0,"85985b9a-274a-49be-be46-6e32efcce9fb","deck","La cosa verde - Main"
"Ridgeline Rager","pcy","Prophecy","100","common","en",1,"NM","nonfoil",false,false,false,0.06,0.05,0.33,0.82,0,0,"5f663a4a-592a-4a3b-bbaf-e9c5c3049021","box","Foundation"
"Sunbillow Verge","pdft","Aetherdrift Promos","264s","rare","en",1,"NM","foil",false,false,false,0,6.90,14.89,8.05,0,0,"bdccc238-6555-4f21-9b89-f3cf9319cbe4","box","ProXy"
"Riverpyre Verge","pdft","Aetherdrift Promos","260p","rare","en",1,"NM","nonfoil",false,false,false,22.03,20.63,23.93,20.14,0,0,"11d844a8-1497-4830-af57-400487dca001","box","ProXy"
"Marwyn, the Nurturer","pdom","Dominaria Promos","172s","rare","en",1,"NM","foil",false,false,false,0,2.00,10.07,5.95,0,0,"722b130d-1766-4052-9e0c-2a6f0c5fcbb4","box","Ff chchobo bundle"
"Helm of the Host","pdom","Dominaria Promos","217s","rare","en",1,"NM","foil",false,false,false,0,6.98,34.55,9.45,0,0,"5aa30590-943e-4442-814a-20a524ab5bb2","deck","La cosa verde - Main"
"Grub, Storied Matriarch // Grub, Notorious Auntie","pecl","Lorwyn Eclipsed Promos","105p","rare","en",1,"NM","nonfoil",false,false,false,4.55,0.17,7.50,0.08,0,0,"12d28a95-4b54-4b0a-8ded-c2f1fe9a40c9","box","Lorwin box"
"Raiding Schemes","pecl","Lorwyn Eclipsed Promos","239p","rare","en",1,"NM","nonfoil",false,false,false,0.73,0.21,2.63,0.55,0,0,"e306c2d0-793b-4f99-a7d2-60aefa413bdb","box","Lorwin box"
"Maralen, Fae Ascendant","pecl","Lorwyn Eclipsed Promos","233p","rare","en",1,"NM","nonfoil",false,false,false,2.41,0.08,7.89,0.16,0,0,"b78774cc-bd67-448b-8289-bdc59ef538e4","box","Lorwin box"
"Moonshadow","pecl","Lorwyn Eclipsed Promos","110p","mythic","en",1,"NM","nonfoil",false,false,false,13.95,16.01,31.75,16.66,0,0,"615e3b0c-539c-4c92-9d6f-cc580aa45d03","box","Spiderman"
"Lluwen, Imperfect Naturalist","pecl","Lorwyn Eclipsed Promos","232p","rare","en",1,"NM","nonfoil",false,false,false,0.68,0.16,1.57,0.49,0,0,"f7bb2863-a877-4ceb-9cf5-d4db4a5e1aac","box","Lorwin box"
"Deceit","pecl","Lorwyn Eclipsed Promos","212p","mythic","en",1,"NM","nonfoil",false,false,false,5.07,5.60,11.72,3.35,0,0,"6966d7cf-f91d-43f4-b3b7-9ca2947d52c8","box","Lorwin box"
"Dawnhand Dissident","pecl","Lorwyn Eclipsed Promos","98p","rare","en",1,"NM","nonfoil",false,false,false,0.73,0.43,1.11,0.42,0,0,"040ee15b-4d59-44df-93a6-b1b7fd4c095e","box","Lorwin box"
"Slumbering Walker","pecl","Lorwyn Eclipsed Promos","35p","rare","en",1,"NM","nonfoil",false,false,false,1.00,0.13,3.45,0.02,0,0,"e5dc27e9-94f8-4934-b244-12af21a39637","box","Lorwin box"
"Hallowed Fountain","pecl","Lorwyn Eclipsed Promos","265p","rare","en",1,"NM","nonfoil",false,false,false,8.68,7.87,9.10,8.13,0,0,"805316fb-a96f-4770-abf2-8ad2572b9b5c","box","Lorwin box"
"Champion of the Path","pecl","Lorwyn Eclipsed Promos","130p","rare","en",1,"NM","nonfoil",false,false,false,1.41,0.43,3.23,0.55,0,0,"721b507d-489b-4676-8f1f-f34f572ca8b3","box","Lorwin box"
"Lavaleaper","pecl","Lorwyn Eclipsed Promos","150p","rare","en",1,"NM","nonfoil",false,false,false,1.15,0.22,1.41,0.28,0,0,"b34cd684-b060-4d6c-99b8-34f4e54cdd01","box","Lorwin box"
"Formidable Speaker","pecl","Lorwyn Eclipsed Promos","176p","rare","en",1,"NM","nonfoil",false,false,false,10.03,11.27,26.40,11.16,0,0,"21baed9f-feda-4141-b829-142c0ce7b850","deck","La cosa verde - Main"
"Harmonized Crescendo","pecl","Lorwyn Eclipsed Promos","54p","rare","en",1,"NM","nonfoil",false,false,false,1.66,0.74,2.63,0.86,0,0,"ce6ad7d7-fb8c-46ea-b37f-46eda3a468bf","box","Lorwin box"
"Charming Prince","peld","Throne of Eldraine Promos","8p","rare","en",1,"NM","nonfoil",false,false,false,3.51,1.28,3.08,2.27,0,0,"67ca015a-849f-4c9c-9e12-c049cfe16aeb","box","Foundation"
"Lightstall Inquisitor","peoe","Edge of Eternities Promos","24s","rare","en",2,"NM","foil",false,false,false,0,0.99,1.66,0.43,0,0,"0a79342d-1297-4942-b7e0-bbbf869c4045","box","Foundation"
"Sol Ring","pfdn","Foundations Promos","1","rare","en",1,"NM","foil",false,false,false,0,2.48,8.48,3.60,0,0,"120e2b4b-afc7-4bf0-a09f-568e08f6bd8f","box","Foundation"
"Krenko, Mob Boss","pfdn","Foundations Promos","204s","rare","en",1,"NM","foil",false,false,false,0,1.50,29.95,3.65,0,0,"f888f402-c6f7-4387-a512-6edf9b262bb3","box","Avatar bundle"
"Brass's Bounty","pfdn","Foundations Promos","190s","rare","en",1,"NM","foil",false,false,false,0,0.20,0.58,0.56,0,0,"84ff997f-4852-4533-af06-fef596337496","box","Ff chchobo bundle"
"Abyssal Harvester","pfdn","Foundations Promos","54s","rare","en",1,"NM","foil",false,false,false,0,0.79,1.43,2.87,0,0,"24c747d6-0b51-42e9-b94c-185bce2dfef1","box","Ff chchobo bundle"
"Kiora, the Rising Tide","pfdn","Foundations Promos","45s","rare","en",1,"NM","foil",false,false,false,0,2.14,1.57,2.67,0,0,"3d4ce6c3-a66d-45f9-b576-53b4468cda9a","box","Ff chchobo bundle"
"Spinner of Souls","pfdn","Foundations Promos","112s","rare","en",1,"NM","foil",false,false,false,0,0.90,1.41,1.31,0,0,"9601eb3a-04d5-47af-906e-f526b55c5f45","box","Ff chchobo bundle"
"Koma, World-Eater","pfdn","Foundations Promos","121s","rare","en",1,"NM","foil",false,false,false,1.00,1.50,2.23,2.00,0,0,"cdb0a664-3598-4073-96f5-08ccf33e646f","box","Avatar bundle"
"Giada, Font of Hope","pfdn","Foundations Promos","141s","rare","en",2,"NM","foil",false,false,false,0,1.20,3.13,3.03,0,0,"9e779119-9cac-4e0d-8d3d-76be4a91a5fc","box","Foundation"
"Elenda, Saint of Dusk","pfdn","Foundations Promos","119p","rare","en",1,"NM","nonfoil",false,false,false,0.37,0.36,0.63,0.37,0,0,"f8fc3a6d-22a8-42ce-95e4-855df8a20f76","box","Avatar bundle"
"Bloodthirsty Conqueror","pfdn","Foundations Promos","58p","mythic","en",1,"NM","nonfoil",false,false,false,34.39,25.77,34.68,26.83,0,0,"940b3aa3-0f57-4b44-8ccb-60229c8cc72d","box","Ff chchobo bundle"
"Exemplar of Light","pfdn","Foundations Promos","11s","rare","en",2,"NM","foil",false,false,false,0,1.60,5.30,4.72,0,0,"422e5ef2-230a-4b30-96a8-ac6af4f0ec61","box","Foundation"
"Scavenging Ooze","pfdn","Foundations Promos","232s","rare","en",1,"NM","foil",false,false,false,0,0.12,0.51,0.72,0,0,"a06c77d7-79e4-4d47-8dc9-b6ebd47d1482","box","Ff chchobo bundle"
"Twinflame Tyrant","pfdn","Foundations Promos","97p","mythic","en",1,"NM","nonfoil",false,false,false,24.07,19.52,27.54,20.91,0,0,"aa72c2fd-53dd-4a34-95e1-89e2b2d2ac72","box","Avatar bundle"
"Silver Shroud Costume","pip","Fallout","142","uncommon","en",1,"NM","nonfoil",false,false,false,10.26,6.62,41.25,14.00,0,0,"f21fba59-330b-4daf-bf77-6dd817327a64","box","ProXy"
"Tainted Peak","pip","Fallout","828","uncommon","en",1,"NM","foil",false,false,false,0,5.80,16.16,6.23,0,0,"5887b00e-cf23-4b01-80de-20ff037aaea9","deck","Sad Men Parade - Main"
"Mr. House, President and CEO","pip","Fallout","949","mythic","en",1,"NM","foil",false,false,false,0,9.34,37.06,17.24,0,0,"d54fa1d0-ec56-4be8-973b-384ae0e66b6c","box","ProXy"
"Get Lost","plci","The Lost Caverns of Ixalan Promos","14p","rare","en",1,"NM","nonfoil",false,false,false,4.32,4.17,4.94,5.70,0,0,"02465747-9651-4832-b2ed-67aecdc79904","box","Foundation"
"Snap","plst","The List","DDS-10","common","en",1,"NM","nonfoil",false,false,false,3.95,4.02,0,0,0,0,"a3b42202-548e-46f2-90a6-6f952315d157","box","ProXy"
"Morophon, the Boundless","plst","The List","MH1-1","mythic","en",1,"NM","nonfoil",false,false,false,7.26,5.43,0,10.00,0,0,"9f4b771e-1f3a-406c-b92f-4c0664edacb5","box","Lorwin box"
"Coat of Arms","plst","The List","DDS-58","rare","en",1,"NM","nonfoil",false,false,false,17.45,11.89,0,0,0,0,"aef2eb36-f20d-4d90-a556-de2ba09b2635","deck","La cosa verde - Main"
"Solemn Simulacrum","plst","The List","DDU-62","rare","en",1,"NM","nonfoil",false,false,false,0.38,0.42,0,0,0,0,"1b6772e4-4ff9-4090-a8dc-df9e8f568fc0","box","Avatar bundle"
"Necromancy","plst","The List","VIS-64","uncommon","en",1,"NM","nonfoil",false,false,false,19.78,13.74,0,11.99,0,0,"1d3c7c00-3a27-4926-9cdd-b112dd35218a","deck","Sad Men Parade - Main"
"Bastion of Remembrance","plst","The List","IKO-73","uncommon","en",1,"NM","nonfoil",false,false,false,0.28,0.36,0,0,0,0,"7ad20d37-575d-490e-bf04-91323a35e89d","deck","Sad Men Parade - Main"
"Feed the Swarm","plst","The List","SCD-77","common","en",1,"NM","nonfoil",false,false,false,0.19,0.27,0,0,0,0,"2aa3218c-c1ca-487a-8acc-fc8554fdd5a6","box","ProXy"
"Diregraf Ghoul","plst","The List","ISD-97","uncommon","en",1,"NM","nonfoil",false,false,false,0.04,0.10,0,0,0,0,"0af362d5-036e-4705-8d56-52c96c2712c4","box","Ff chchobo bundle"
"Feign Death","plst","The List","AFR-103","common","en",1,"NM","nonfoil",false,false,false,1.06,0.88,0,0,0,0,"36c959c3-dd37-46ca-850f-f423955effe3","deck","Sad Men Parade - Main"
"Hero's Downfall","plst","The List","VOW-120","uncommon","en",1,"NM","nonfoil",false,false,false,0.13,0.19,0,0,0,0,"3f6e5fb9-215f-4c12-a5d2-1166c19d60b4","box","Foundation"
"Fling","plst","The List","AKH-132","common","en",1,"NM","nonfoil",false,false,false,0.21,0.31,0,0,0,0,"60cd9d00-30eb-4060-baea-176104d3fa1a","box","Avatar bundle"
"Aggressive Instinct","plst","The List","GS1-34","common","en",1,"NM","nonfoil",false,false,false,0.11,0.17,0,0,0,0,"f749af9f-2900-483a-869c-e26da7f2dc9a","box","Avatar bundle"
"Thrill of Possibility","plst","The List","ELD-146","common","en",1,"NM","nonfoil",false,false,false,0.28,0.21,0,0,0,0,"61888b07-481c-4f26-8c60-1cb8e850a9e5","box","Avatar bundle"
"Echoing Courage","plst","The List","CNS-161","common","en",1,"NM","nonfoil",false,false,false,0.19,0.18,0,0,0,0,"10a60ea6-b7c0-42a6-a2ad-f349c56e6430","deck","La cosa verde - Main"
"Splinter Twin","plst","The List","ROE-165","rare","en",1,"NM","nonfoil",false,false,false,10.32,11.22,0,10.00,0,0,"718e0e1d-35bd-4af2-9810-c0cd804e4691","deck","Sad Men Parade - Main"
"Bushwhack","plst","The List","BRO-174","uncommon","en",1,"NM","nonfoil",false,false,false,0.24,0.19,0,0,0,0,"a0487cb8-c394-4c59-b6fc-2cdcbeb7dd40","box","Avatar bundle"
"Aura Shards","plst","The List","CMD-182","uncommon","en",1,"NM","nonfoil",false,false,false,20.09,14.18,0,0,0,0,"21ee3588-e512-4391-8f11-b44220c4b972","box","ProXy"
"Voldaren Duelist","plst","The List","SOI-191","common","en",1,"NM","nonfoil",false,false,false,0.14,0.05,0,0,0,0,"2a838f4d-1277-42ed-9f0a-d6112f7b5b4c","box","Avatar bundle"
"Ashnod's Altar","plst","The List","EMA-218","uncommon","en",2,"NM","nonfoil",false,false,false,16.88,12.59,0,0,0,0,"91ca97db-2c83-4c87-9491-e5878293afe5","box","ProXy"
"Lotus Petal","plst","The List","TMP-294","common","en",4,"NM","nonfoil",false,false,false,39.91,28.76,0,0,0,0,"153983dd-54dc-420d-9249-665b0d669614","box","ProXy"
"Lotus Petal","plst","The List","TMP-294","common","en",1,"NM","nonfoil",false,false,false,39.91,28.76,0,0,0,0,"153983dd-54dc-420d-9249-665b0d669614","deck","La cosa verde - Main"
"Burst Lightning","plst","The List","MM2-109","common","en",1,"NM","nonfoil",false,false,false,0.26,0.24,0,0,0,0,"416943f1-8416-4e3b-961f-b38df3986058","box","Foundation"
"Birds of Paradise","plst","The List","CN2-176","rare","en",1,"NM","nonfoil",false,false,false,12.95,11.65,0,0,0,0,"e6bc963e-042f-4cdc-be38-de8e386c00b3","box","ProXy"
"Urza's Saga","plst","The List","MH2-259","rare","en",1,"NM","nonfoil",false,false,false,42.14,36.94,0,34.00,0,0,"9df37469-6e2d-4783-aad3-c897ecbc967d","box","ProXy"
"Titania, Protector of Argoth","plst","The List","MH2-287","mythic","en",1,"NM","nonfoil",false,false,false,0.95,0.83,0,0,0,0,"610a4f3d-3d92-4b7f-bc6e-89a87b7c7717","box","Spiderman"
"Sundial of the Infinite","plst","The List","M12-218","rare","en",1,"NM","foil",false,false,false,0,8.20,19.03,11.70,0,0,"d77b771d-9c7e-43b1-ac23-849ca882113b","box","ProXy"
"Chaos Warp","plst","The List","C17-131","rare","en",1,"NM","nonfoil",false,false,false,2.16,0.65,0,0,0,0,"fe285a48-9a13-4bfa-9426-fb1fe7703a82","deck","Sad Men Parade - Main"
"Fertile Ground","plst","The List","C18-147","common","en",1,"NM","nonfoil",false,false,false,0.57,0.16,0,0,0,0,"72496b94-c039-49f4-8fa8-935d81c97824","box","Ff chchobo bundle"
"Dragon Mage","plst","The List","M20-135","uncommon","en",1,"NM","nonfoil",false,false,false,0.28,0.23,0,0,0,0,"77113016-5384-4006-b195-a1a7c682139b","box","Foundation"
"Llanowar Visionary","plst","The List","M21-193","common","en",1,"NM","nonfoil",false,false,false,0.22,0.11,0,0,0,0,"bf25f069-4834-4d98-acc8-77f5d149deed","box","Ff chchobo bundle"
"Ancestral Blade","plst","The List","2XM-3","common","en",1,"NM","nonfoil",false,false,false,0.17,0.03,0,0,0,0,"098bedeb-166f-4d6a-87cd-c8ed6f70c2dc","box","Avatar bundle"
"Frodo, Determined Hero","pltc","Tales of Middle-earth Deluxe Commander Kit","1","rare","en",1,"NM","foil",false,false,false,0,0,0.40,2.63,0,0,"f1903d03-21c2-42e3-bac4-c8b972d8f62b","box","Spiderman"
"Gandalf, White Rider","pltc","Tales of Middle-earth Deluxe Commander Kit","2","rare","en",1,"NM","foil",false,false,false,0,0,0.57,3.38,0,0,"2e7b9e2b-f773-4df8-b3ac-de6744e9b3b5","box","Spiderman"
"Gollum, Scheming Guide","pltc","Tales of Middle-earth Deluxe Commander Kit","3","rare","en",1,"NM","foil",false,false,false,0,0,0.46,3.78,0,0,"02beed67-1968-4bc8-8e9a-02645da19c46","box","Spiderman"
"The Balrog, Flame of Udûn","pltc","Tales of Middle-earth Deluxe Commander Kit","4","rare","en",1,"NM","foil",false,false,false,0,0,0.25,2.17,0,0,"28768fb2-cf23-49c4-93f6-14cc36b9a812","box","Spiderman"
"Delighted Halfling","pltr","Tales of Middle-earth Promos","158s","rare","en",1,"NM","foil",false,false,false,0,0,42.03,22.53,0,0,"10829a5d-d8cd-4285-8fd1-da52c61eed0e","deck","La cosa verde - Main"
"Esper Sentinel","pmh2","Modern Horizons 2 Promos","12s","rare","en",1,"NM","foil",false,false,false,0,39.88,87.66,52.16,0,0,"e61ae0e2-8170-453e-93dd-f8ee82290677","box","ProXy"
"Hallowed Fountain","prna","Ravnica Allegiance Promos","251p","rare","en",1,"NM","nonfoil",false,false,false,14.30,10.28,16.12,14.43,0,0,"be1b2869-b0ba-490f-b207-f6cfe4dfe317","box","ProXy"
"Withering Curse","psos","Secrets of Strixhaven Promos","105p","mythic","en",1,"NM","nonfoil",false,false,false,3.58,2.36,9.39,4.98,0,0,"a34d134e-dbee-4e47-8104-de15315fea1e","box","Lorwin box"
"Brushland","ptc","Pro Tour Collector Set","pp352","rare","en",1,"NM","nonfoil",false,false,false,2.99,2.65,0,0,0,0,"d147d333-0172-4247-aec3-99c741123005","box","ProXy"
"Farhaven Elf","pw26","Wizards Play Network 2026","2","rare","en",1,"NM","nonfoil",false,false,false,0.38,0.12,9.59,0.58,0,0,"007dc743-19e4-4086-8afe-364116b0c91c","box","Ff gift box"
"Cytoplast Manipulator","pza","Teenage Mutant Ninja Turtles Source Material","5","mythic","en",1,"NM","nonfoil",false,false,false,0.45,0.47,1.13,0.81,0,0,"402e538f-c8f9-4fb7-9a9f-f9c75c9ca97f","box","Ff gift box"
"Umezawa's Jitte","pza","Teenage Mutant Ninja Turtles Source Material","19","mythic","en",1,"NM","nonfoil",false,false,false,3.78,4.05,8.12,6.93,0,0,"4ddaccfb-52e5-4448-8273-797cff31db2b","box","Ff gift box"
"Valakut Awakening // Valakut Stoneforge","pznr","Zendikar Rising Promos","174s","rare","en",1,"NM","foil",false,false,false,0,9.49,19.84,12.36,0,0,"299bda14-d657-476d-ac1f-d9f1e920d6c1","deck","Sad Men Parade - Main"
"Spitting Dilophosaurus","rex","Jurassic World Collection","29","rare","en",1,"NM","foil",false,false,false,0,499.95,305.36,212.62,0,0,"cd062615-648f-4cc7-9373-520f3f6a90e3","box","ProXy"
"Moment of Craving","rix","Rivals of Ixalan","79","common","en",1,"NM","nonfoil",false,false,false,0.10,0.10,0.29,0.37,0,0,"c0e3ea55-162d-4466-ba4e-b938a0845fb5","box","Avatar bundle"
"Gleaming Barrier","rix","Rivals of Ixalan","178","common","en",1,"NM","nonfoil",false,false,false,0.06,0.05,0.37,0.28,0,0,"62447a76-4aa7-4823-941e-84bc18eb672a","box","Avatar bundle"
"Electrodominance","rna","Ravnica Allegiance","99","rare","en",1,"NM","nonfoil",false,false,false,1.04,0.62,3.60,2.88,0,0,"5c63877b-cdab-4ce4-a1c0-c088eb62a57a","box","ProXy"
"Grave Betrayal","rtr","Return to Ravnica","67","rare","en",1,"NM","nonfoil",false,false,false,4.30,2.06,9.16,4.81,0,0,"47b38c68-8e72-4afc-bb5e-0b40880fdda9","deck","Sad Men Parade - Main"
"Burglar Rat","rvr","Ravnica Remastered","69","common","en",1,"NM","nonfoil",false,false,false,0.15,0.22,0.31,0.31,0,0,"a2829e6d-7cdb-4edf-8b22-f6457ff36814","box","Ff chchobo bundle"
"Birds of Paradise","rvr","Ravnica Remastered","133","rare","en",1,"NM","nonfoil",false,false,false,15.49,14.37,13.61,13.62,0,0,"3d69a3e0-6a2e-475a-964e-0affed1c017d","deck","La cosa verde - Main"
"Arboreal Grazer","rvr","Ravnica Remastered","343","common","en",1,"NM","nonfoil",false,false,false,0.42,0.41,2.72,3.61,0,0,"bbed5933-836f-4a78-af53-c7e68a231279","deck","La cosa verde - Main"
"Birds of Paradise","rvr","Ravnica Remastered","344","rare","en",1,"NM","nonfoil",false,false,false,12.97,14.78,16.65,20.84,0,0,"4910cd53-87dc-4365-9a42-80dd1f77881f","maybeboard","Disturbi alimentari - Maybeboard"
"Tide Skimmer","scd","Starter Commander Decks","62","uncommon","en",1,"NM","nonfoil",false,false,false,0.10,0.18,0,0,0,0,"c5708b3b-103a-40f3-a4bb-73a499277611","box","Avatar bundle"
"Dragonlord's Servant","scd","Starter Commander Decks","135","uncommon","en",1,"NM","nonfoil",false,false,false,0.28,0.26,0,0,0,0,"d746adc2-5844-424e-af19-c7e80498f106","box","Avatar bundle"
"Altar of the Brood","slc","Secret Lair Countdown","1","rare","en",1,"NM","nonfoil",false,false,false,10.21,4.96,12.54,8.12,0,0,"0d656542-f0cd-485d-9d74-05573a2d49e4","box","Foundation"
"Crop Rotation","slc","Secret Lair Countdown","3","rare","en",1,"NM","nonfoil",false,false,false,4.73,5.07,10.35,9.39,0,0,"8894eed8-fc6b-4bc4-a8d0-daa628911967","box","Foundation"
"Demonic Consultation","slc","Secret Lair Countdown","4","rare","en",1,"NM","nonfoil",false,false,false,8.32,9.12,11.82,12.90,0,0,"4f2f0fda-592f-4420-9703-defa07ffa2dc","box","Foundation"
"Eerie Ultimatum","slc","Secret Lair Countdown","5","rare","en",1,"NM","nonfoil",false,false,false,2.05,1.59,2.42,2.40,0,0,"9d96d034-7c69-4aec-835c-233cf941db70","box","Foundation"
"Gray Merchant of Asphodel","slc","Secret Lair Countdown","7","rare","en",1,"NM","nonfoil",false,false,false,8.31,6.63,15.36,14.17,0,0,"d7655424-a6c9-4c90-bc27-b4b4c3d78d12","box","Foundation"
"Isochron Scepter","slc","Secret Lair Countdown","9","rare","en",1,"NM","nonfoil",false,false,false,10.15,4.60,10.34,6.01,0,0,"d4f4ccdc-ffeb-4393-836d-f46204ad9b65","box","Foundation"
"Junji, the Midnight Sky","slc","Secret Lair Countdown","10","mythic","en",1,"NM","nonfoil",false,false,false,3.74,3.77,9.25,7.68,0,0,"1050fea7-307b-47fb-94f4-36f5cb481b2b","box","Foundation"
"Llanowar Elves","slc","Secret Lair Countdown","12","rare","en",1,"NM","nonfoil",false,false,false,16.42,10.92,22.99,18.04,0,0,"eea9251b-ca83-420f-ac5f-4fc3ea8dc190","box","Foundation"
"Myrel, Shield of Argive","slc","Secret Lair Countdown","13","rare","en",1,"NM","nonfoil",false,false,false,19.30,12.69,26.10,17.13,0,0,"14b4d558-11f2-46d0-8f25-d44f5e74f70c","deck","Disturbi alimentari - Main"
"Narset's Reversal","slc","Secret Lair Countdown","14","rare","en",1,"NM","nonfoil",false,false,false,4.32,2.81,6.84,4.08,0,0,"3efbd60f-f1c0-4657-b2e4-902086b061b6","box","Foundation"
"Ob Nixilis, the Fallen","slc","Secret Lair Countdown","15","mythic","en",1,"NM","nonfoil",false,false,false,4.57,3.71,8.21,7.63,0,0,"c6c0bbd8-c428-4773-bd78-974d92f0e8bc","box","Foundation"
"Questing Beast","slc","Secret Lair Countdown","17","mythic","en",1,"NM","nonfoil",false,false,false,2.54,2.22,3.36,4.03,0,0,"faf48a1c-e130-475a-8a45-db82bd950ab7","box","Foundation"
"Sol Ring","slc","Secret Lair Countdown","19","rare","en",1,"NM","nonfoil",false,false,false,16.20,10.21,26.80,17.63,0,0,"193a5688-9e9b-48f4-9904-53134ec73c97","deck","Sad Men Parade - Main"
"Temple of the False God","slc","Secret Lair Countdown","20","rare","en",1,"NM","nonfoil",false,false,false,1.92,1.55,3.09,2.81,0,0,"1308603d-169b-4e26-96aa-05c2a5b5accd","box","Foundation"
"Vesuva","slc","Secret Lair Countdown","22","rare","en",1,"NM","foil",false,false,false,3.59,3.57,7.53,8.75,0,0,"2671eaa1-e6d5-4b70-a36c-3c7765695f1b","deck","Sad Men Parade - Main"
"Xantcha, Sleeper Agent","slc","Secret Lair Countdown","24","rare","en",1,"NM","nonfoil",false,false,false,1.20,1.17,1.34,2.06,0,0,"9e919d80-093a-4b11-a78d-1ce2d038f8fc","deck","Sad Men Parade - Main"
"Yarok, the Desecrated","slc","Secret Lair Countdown","25","mythic","en",1,"NM","nonfoil",false,false,false,1.61,1.96,5.04,4.11,0,0,"f3b6a891-9206-4c7b-9331-fb652af9751f","box","Foundation"
"Zo-Zu the Punisher","slc","Secret Lair Countdown","26","rare","en",1,"NM","nonfoil",false,false,false,3.38,3.08,3.69,4.46,0,0,"c9a27fc2-f9d4-4645-8d50-98a2bf2db1ef","box","Foundation"
"Alhammarret's Archive","slc","Secret Lair Countdown","27","mythic","en",1,"NM","foil",false,false,false,0,5.50,11.17,8.51,0,0,"95d65164-0ce3-40cd-a647-7e7f355a5afb","maybeboard","Disturbi alimentari - Maybeboard"
"Brain Freeze","slc","Secret Lair Countdown","29","rare","en",1,"NM","foil",false,false,false,0,34.53,92.05,41.07,0,0,"6db339e8-1e48-4ad6-b536-bbbc41016038","box","Foundation"
"Hymn to Tourach","slc","Secret Lair Countdown","35","rare","en",1,"NM","foil",false,false,false,0,12.00,13.30,18.78,0,0,"d94b9887-1a47-423c-bc81-fe57b4637e21","box","Foundation"
"Krark-Clan Ironworks","slc","Secret Lair Countdown","38","rare","en",1,"NM","foil",false,false,false,0,28.00,39.28,24.30,0,0,"f5b731dd-49ab-440b-b974-497e57122d4e","box","Foundation"
"Retrofitter Foundry","slc","Secret Lair Countdown","45","rare","en",1,"NM","foil",false,false,false,0,12.49,13.92,12.53,0,0,"5afffa6f-ae69-47c5-b79e-4a34f4acaf58","box","Foundation"
"Wasteland","slc","Secret Lair Countdown","50","rare","en",1,"NM","foil",false,false,false,0,26.97,44.01,28.41,0,0,"96ad119e-d609-466b-8c2b-d540c3c11984","box","Foundation"
"Leonin Warleader","sld","Secret Lair Drop","22","rare","en",1,"NM","foil",false,false,false,0,20.00,20.36,24.32,0,0,"b9793cbf-9338-450f-8ef0-8033e7aae49a","box","ProXy"
"Purphoros, God of the Forge","sld","Secret Lair Drop","77","mythic","en",1,"NM","foil",false,false,false,0,50.00,49.87,52.44,0,0,"d2698e2d-16d8-4b76-923f-e18775104de0","deck","Sad Men Parade - Main"
"Blood Crypt","sld","Secret Lair Drop","125","rare","en",1,"NM","nonfoil",false,false,false,13.20,15.15,0,0,0,0,"1716b4dd-9045-462b-b053-72de450a8cde","box","Spiderman"
"Blood Crypt","sld","Secret Lair Drop","125","rare","en",1,"NM","nonfoil",false,false,false,13.20,15.15,0,0,0,0,"1716b4dd-9045-462b-b053-72de450a8cde","box","ProXy"
"Anguished Unmaking","sld","Secret Lair Drop","138","rare","en",1,"NM","nonfoil",false,false,false,15.20,13.95,0,0,0,0,"bbd79be1-3e84-41a3-89ae-b1132cb31ed9","box","ProXy"
"Grim Tutor","sld","Secret Lair Drop","365","mythic","en",1,"NM","foil",false,false,false,0,19.54,37.50,21.39,0,0,"3be03def-6e43-4420-8380-8f4e5cf39500","box","ProXy"
"Elesh Norn, Grand Cenobite","sld","Secret Lair Drop","811","mythic","en",2,"NM","foil",false,false,false,0,949.99,659.43,394.16,0,0,"05c000fe-726f-4236-9317-c9dfeba4fb66","box","ProXy"
"Toothy, Imaginary Friend","sld","Secret Lair Drop","1049","rare","en",1,"NM","nonfoil",false,false,false,22.41,18.06,30.27,19.10,0,0,"4182556f-3a01-41b5-a469-50ce5363c863","box","ProXy"
"The World Tree","sld","Secret Lair Drop","1266","rare","en",1,"NM","foil",false,false,false,0,14.88,29.20,15.65,0,0,"3cb15155-9bd8-4062-aa81-de275748faf2","box","ProXy"
"Nyxbloom Ancient","sld","Secret Lair Drop","1275","mythic","en",1,"NM","foil",false,false,false,0,29.00,48.05,31.92,0,0,"71c9929e-95bc-4d97-8579-d85c6f4e2dc8","deck","La cosa verde - Main"
"Nyxbloom Ancient","sld","Secret Lair Drop","1275","mythic","en",1,"NM","foil",false,false,false,0,29.00,48.05,31.92,0,0,"71c9929e-95bc-4d97-8579-d85c6f4e2dc8","box","ProXy"
"Commander's Plate","sld","Secret Lair Drop","1339","mythic","en",1,"NM","foil",false,false,false,0,0,71.17,52.15,0,0,"25a14f93-6896-4b8e-a0b2-e081dfea5958","deck","La cosa verde - Main"
"Tinybones, Trinket Thief","sld","Secret Lair Drop","1407","mythic","en",2,"NM","nonfoil",false,false,false,27.65,30.68,33.78,38.89,0,0,"f3edb27c-4faa-464a-9bb1-fbe17013c022","box","ProXy"
"Arcane Signet","sld","Secret Lair Drop","1492","rare","en",1,"NM","nonfoil",false,false,false,50.03,35.30,99.99,48.03,0,0,"1fc6b109-4657-4e9e-82f3-53ddd56aef1c","deck","Sad Men Parade - Main"
"Whispersilk Cloak","sld","Secret Lair Drop","1574","rare","en",2,"NM","nonfoil",false,false,false,30.12,21.54,32.99,24.08,0,0,"0a7a90bb-5ff0-48ec-b578-63ebcf7f1e70","box","ProXy"
"The Ozolith","sld","Secret Lair Drop","1741","rare","en",1,"NM","nonfoil",false,false,false,72.58,45.58,84.99,47.94,0,0,"e0aaee13-bfeb-47fd-93cb-2ccdd5d44e75","box","ProXy"
"Deadly Rollick","sld","Secret Lair Drop","1754","rare","en",1,"NM","nonfoil",false,false,false,24.62,17.81,27.99,17.81,0,0,"701335fe-657c-408e-9030-85c9d6f4a666","deck","Sad Men Parade - Main"
"Saw in Half","sld","Secret Lair Drop","1755","rare","en",1,"NM","nonfoil",false,false,false,6.02,4.09,6.99,4.56,0,0,"70761936-81c0-401d-9a7e-5b834c518aed","deck","Sad Men Parade - Main"
"Blasphemous Act","sld","Secret Lair Drop","1756","rare","en",1,"NM","nonfoil",false,false,false,3.49,3.00,4.49,3.49,0,0,"457097be-6737-4873-a6fd-28ae18cc722a","deck","Sad Men Parade - Main"
"Vandalblast","sld","Secret Lair Drop","1757","rare","en",1,"NM","nonfoil",false,false,false,2.78,2.12,3.99,2.09,0,0,"4a9c4a7d-9a48-4388-b0af-6fc509f74523","deck","Sad Men Parade - Main"
"Blasphemous Act","sld","Secret Lair Drop","1998","rare","en",1,"NM","nonfoil",false,false,false,7.04,8.85,11.99,9.70,0,0,"4ba163f4-4906-446a-b544-8cf9ddf6429e","box","ProXy"
"Descent into Avernus","sld","Secret Lair Drop","2176","rare","en",1,"NM","nonfoil",false,false,false,17.91,15.56,22.99,17.72,0,0,"3e1003d5-f585-4194-a829-1bc342b26e0b","deck","Sad Men Parade - Main"
"Wasitora, Nekoru Queen","sld","Secret Lair Drop","2253","rare","en",1,"NM","nonfoil",false,false,false,0,0,0,0,0,0,"e4b316cf-677c-4b91-8452-41a4fd8f0c6d","box","ProXy"
"Vito, Thorn of the Dusk Rose","sld","Secret Lair Drop","2282","rare","en",1,"NM","nonfoil",false,false,false,21.64,18.21,27.99,23.19,0,0,"65beff20-a533-44eb-addd-8d6fed02c6a2","box","ProXy"
"Tinybones, Trinket Thief","sld","Secret Lair Drop","2458","mythic","en",1,"NM","nonfoil",false,false,false,4.63,6.97,4.42,7.90,0,0,"8e462172-6efe-46ad-a97a-fa43ee52c831","box","Spiderman"
"Isshin, Two Heavens as One","sld","Secret Lair Drop","2459","rare","en",1,"NM","nonfoil",false,false,false,7.56,5.24,8.12,5.60,0,0,"c6d813e9-560a-4d89-b576-db88dbdb8da7","box","Spiderman"
"The Deck of Many Things","sld","Secret Lair Drop","2460","mythic","en",1,"NM","nonfoil",false,false,false,2.29,2.77,2.37,3.24,0,0,"b242ea65-becb-4983-bf30-6c85ed009fde","box","Spiderman"
"Caged Sun","sld","Secret Lair Drop","2461","rare","en",1,"NM","nonfoil",false,false,false,4.36,3.06,4.47,2.48,0,0,"d9e97c13-c3a3-4d7a-9598-a7f5e4e076a4","box","Spiderman"
"Command Tower","sld","Secret Lair Drop","7030","rare","en",1,"NM","foil",false,false,false,0,0.30,1.40,1.19,0,0,"48e98c57-c42f-4a3b-b07c-bc7d4882d719","deck","Sad Men Parade - Main"
"Big Score","sld","Secret Lair Drop","7096","rare","en",1,"NM","nonfoil",false,false,false,1.84,1.79,2.06,3.19,0,0,"e2b14a8c-2264-4908-8151-da6c8856350e","box","Spiderman"
"Deadpool, Trading Card","sld","Secret Lair Drop","7127","mythic","en",1,"NM","nonfoil",false,false,false,72.04,110.98,91.09,211.94,0,0,"47a59a26-e061-4b7c-b682-587c7fec67e1","deck","Sad Men Parade - Main"
"Force of Despair","slp","Secret Lair Promo","29","rare","en",1,"NM","nonfoil",false,false,false,5.73,4.86,8.98,8.89,0,0,"c298d757-6d9d-4d33-86b6-e198299859be","box","ProXy"
"Hengegate Pathway // Mistgate Pathway","slu","Secret Lair: Ultimate Edition","18","rare","en",1,"NM","foil",false,false,false,0,6.30,6.48,6.87,0,0,"8b13ff20-1dad-4c6a-979b-4d2662af5e74","box","Lorwin box"
"An Offer You Can't Refuse","snc","Streets of New Capenna","51","uncommon","en",1,"NM","nonfoil",false,false,false,2.70,2.25,3.00,2.86,0,0,"b9d349f3-5be2-4b1f-a4c3-ba94822cf0cf","box","Avatar bundle"
"Witness Protection","snc","Streets of New Capenna","66","common","en",2,"NM","nonfoil",false,false,false,0.20,0.13,0.37,0.46,0,0,"a2be6f2c-8ad0-402d-a7ca-9fe817e83b72","box","Avatar bundle"
"Jetmir's Garden","snc","Streets of New Capenna","250","rare","en",1,"NM","nonfoil",false,false,false,17.47,13.78,18.69,14.55,0,0,"26d40e03-6de4-4373-9fbf-04c1dd79e995","box","ProXy"
"Xander's Lounge","snc","Streets of New Capenna","260","rare","en",1,"NM","nonfoil",false,false,false,13.64,9.90,14.61,10.08,0,0,"54f449ff-4025-465e-9ec5-a5cf42c4c9d3","box","ProXy"
"Jaxis, the Troublemaker","snc","Streets of New Capenna","461","rare","en",1,"NM","foil",false,false,false,0.94,0.04,1.86,0.64,0,0,"ab120b59-8c50-47af-af21-5dd60377bc81","deck","Sad Men Parade - Main"
"Duty Beyond Death","soa","Secrets of Strixhaven Mystical Archive","4","uncommon","en",1,"NM","nonfoil",false,false,false,0.26,0.13,0.50,0.29,0,0,"6f8f8183-d17a-41b8-b3b5-914f193fd964","box","Spiderman"
"Repel Calamity","soa","Secrets of Strixhaven Mystical Archive","8","uncommon","en",1,"NM","nonfoil",false,false,false,0.22,0.09,0.31,0.23,0,0,"1c2cf02f-97f3-47f0-9382-c580f3033635","box","Lorwin box"
"Requisition Raid","soa","Secrets of Strixhaven Mystical Archive","10","uncommon","en",1,"NM","nonfoil",false,false,false,0.40,0.13,0.44,0.38,0,0,"6d9efae9-365d-46c8-be92-d4a3038f0414","box","Lorwin box"
"Deduce","soa","Secrets of Strixhaven Mystical Archive","16","uncommon","en",1,"NM","nonfoil",false,false,false,0.18,0.11,0.31,0.17,0,0,"a6813cd2-7151-459a-a2f1-52808584de53","box","Spiderman"
"Spell Pierce","soa","Secrets of Strixhaven Mystical Archive","23","uncommon","en",1,"NM","nonfoil",false,false,false,0.35,0.22,0.99,0.53,0,0,"bc8f80e2-dd9d-4abc-b44c-fbef4d403e6f","box","Lorwin box"
"Feed the Swarm","soa","Secrets of Strixhaven Mystical Archive","29","uncommon","en",1,"NM","nonfoil",false,false,false,0.35,0.19,0.66,0.49,0,0,"a041cfe3-a02d-41e2-aea3-76bc2bacc10e","box","Spiderman"
"Locust Spray","soa","Secrets of Strixhaven Mystical Archive","31","uncommon","en",1,"NM","nonfoil",false,false,false,0.16,0.10,0.29,0.21,0,0,"b221e1e9-7b14-4444-ac1c-3d5174c711e9","box","Lorwin box"
"Zombify","soa","Secrets of Strixhaven Mystical Archive","36","uncommon","en",1,"NM","nonfoil",false,false,false,0.21,0.14,0.46,0.42,0,0,"dfec5854-70c7-4e4b-9979-58775dd7a181","box","Spiderman"
"Abrade","soa","Secrets of Strixhaven Mystical Archive","37","uncommon","en",1,"NM","nonfoil",false,false,false,0.25,0.12,0.36,0.46,0,0,"c5bb5307-e874-42c4-b85d-06b9f6c474c8","box","Spiderman"
"Brotherhood's End","soa","Secrets of Strixhaven Mystical Archive","39","rare","en",1,"NM","nonfoil",false,false,false,1.22,0.84,1.28,1.35,0,0,"98a399fa-822d-4e8c-8be0-fa929c9bbd4d","box","Spiderman"
"Burst Lightning","soa","Secrets of Strixhaven Mystical Archive","41","uncommon","en",2,"NM","nonfoil",false,false,false,0.23,0.13,0.32,0.33,0,0,"f98b402a-ecdb-432f-a050-65945c8c415d","box","Spiderman"
"Return the Favor","soa","Secrets of Strixhaven Mystical Archive","47","uncommon","en",1,"NM","nonfoil",false,false,false,0.40,0.29,1.66,0.47,0,0,"e968efff-635b-4780-9bbe-099e75a1841b","box","Spiderman"
"Awaken the Woods","soa","Secrets of Strixhaven Mystical Archive","49","mythic","en",1,"NM","nonfoil",false,false,false,15.97,11.92,19.75,13.45,0,0,"914e582c-978f-46fd-b06b-1ff2c20e5506","box","Lorwin box"
"Giant Growth","soa","Secrets of Strixhaven Mystical Archive","52","uncommon","en",1,"NM","nonfoil",false,false,false,0.22,0.12,0.29,0.22,0,0,"62652aa9-57e7-42a7-8f2f-62e9a6aefb16","box","Lorwin box"
"Knockout Maneuver","soa","Secrets of Strixhaven Mystical Archive","54","uncommon","en",1,"NM","nonfoil",false,false,false,0.18,0.09,0.30,0.22,0,0,"42d90959-b88c-4321-b2af-78ac7aab9909","box","Spiderman"
"Pick Your Poison","soa","Secrets of Strixhaven Mystical Archive","55","uncommon","en",1,"NM","nonfoil",false,false,false,0.25,0.14,0.37,0.47,0,0,"a11f1013-d747-4cf2-bbf5-0bd68a949ddf","box","Lorwin box"
"Dina, Essence Brewer","soc","Secrets of Strixhaven Commander","1","mythic","en",1,"NM","nonfoil",false,false,false,4.94,1.38,2.11,1.51,0,0,"9fe237b8-c02c-41ea-9fc4-b771b91d2157","box","bulk"
"Excava, the Risen Past","soc","Secrets of Strixhaven Commander","2","mythic","en",1,"NM","nonfoil",false,false,false,0.85,0.44,0.37,0.40,0,0,"d47ebf19-b3fa-48a2-851a-254d32b0305a","box","bulk"
"Gorma, the Gullet","soc","Secrets of Strixhaven Commander","3","mythic","en",1,"NM","nonfoil",false,false,false,2.59,0.78,0.81,0.83,0,0,"86f97dd8-8647-4938-aee0-690bb715f88b","box","bulk"
"Quintorius, History Chaser","soc","Secrets of Strixhaven Commander","7","mythic","en",1,"NM","nonfoil",false,false,false,1.09,0.71,0.47,1.04,0,0,"0742f19d-179c-43c4-ab95-4160c56b4384","box","bulk"
"Augusta, Order Returned","soc","Secrets of Strixhaven Commander","11","rare","en",1,"NM","nonfoil",false,false,false,0.18,0.23,0,0,0,0,"a0d1df84-0cb6-44fb-9916-d766d93f1519","box","bulk"
"Ceaseless Conflict","soc","Secrets of Strixhaven Commander","12","rare","en",1,"NM","nonfoil",false,false,false,0.32,0.43,0,0,0,0,"a0e18f74-7fa6-4e3a-bc80-390a25055205","box","bulk"
"Vanguard of the Restless","soc","Secrets of Strixhaven Commander","16","rare","en",1,"NM","nonfoil",false,false,false,0.25,0.34,0,0,0,0,"91211c56-b562-4889-8c5c-110c42be62c8","box","bulk"
"Defiling Daemogoth","soc","Secrets of Strixhaven Commander","25","rare","en",1,"NM","nonfoil",false,false,false,0.82,1.76,0,0,0,0,"2cde79eb-91c3-4a42-a2d3-e733e3b56846","box","bulk"
"Merchant of Venom","soc","Secrets of Strixhaven Commander","27","rare","en",1,"NM","nonfoil",false,false,false,0.32,0.35,0,0,0,0,"d60cf719-d5ce-46c3-bf92-24682b1c53bd","box","bulk"
"Ominous Harvest","soc","Secrets of Strixhaven Commander","28","rare","en",1,"NM","nonfoil",false,false,false,0.52,1.40,0,0,0,0,"2271184b-08eb-4d2a-8ebf-a1807d51dd2a","box","bulk"
"Stensian Sanguinist // Exsanguinate","soc","Secrets of Strixhaven Commander","29","rare","en",1,"NM","nonfoil",false,false,false,5.10,6.89,0,0,0,0,"909a52bc-53f6-4654-9db7-e8f48333d765","box","bulk"
"Advanced Reconstruction","soc","Secrets of Strixhaven Commander","30","rare","en",1,"NM","nonfoil",false,false,false,0.34,0.71,0,0,0,0,"cc912fec-827d-4deb-8430-79f5ea31ca9b","box","bulk"
"Fateful Tempest","soc","Secrets of Strixhaven Commander","31","rare","en",1,"NM","nonfoil",false,false,false,0.26,0.25,0,0,0,0,"96ab4d23-14d7-429f-b62e-868c13997fb8","box","bulk"
"Naktamun Lorespinner // Wheel of Fortune","soc","Secrets of Strixhaven Commander","33","rare","en",1,"NM","nonfoil",false,false,false,1.70,2.81,0,0,0,0,"acca1fd4-6384-460e-905f-118f01aa76ed","box","bulk"
"Relic Retriever","soc","Secrets of Strixhaven Commander","35","rare","en",1,"NM","nonfoil",false,false,false,0.28,0.36,0,0,0,0,"a016463d-a0aa-44a5-97ca-17ff70c4eb95","box","bulk"
"Spirit of Resilience","soc","Secrets of Strixhaven Commander","37","rare","en",1,"NM","nonfoil",false,false,false,0.23,0.35,0,0,0,0,"60584e5b-4138-405b-bd02-612cf175184e","box","bulk"
"Feral Appetite","soc","Secrets of Strixhaven Commander","38","rare","en",1,"NM","nonfoil",false,false,false,0.35,0.47,0,0,0,0,"69dda877-c176-456c-8cd8-5a1ea288e4c9","box","bulk"
"Pest Rescuer","soc","Secrets of Strixhaven Commander","42","rare","en",1,"NM","nonfoil",false,false,false,1.10,1.83,0,0,0,0,"1f2a066a-7bcd-4e9d-8e52-0769cd6c8124","box","bulk"
"Ribtruss Roaster","soc","Secrets of Strixhaven Commander","43","rare","en",1,"NM","nonfoil",false,false,false,0.35,0.52,0,0,0,0,"8217100d-8244-4565-97bd-6c0f38c3e2f0","box","bulk"
"Eccentric Pestfinder // Turn Stones","soc","Secrets of Strixhaven Commander","46","rare","en",1,"NM","nonfoil",false,false,false,0.34,0.50,0,0,0,0,"508e1dd7-edbd-4b76-90bc-ff58c55b58a3","box","bulk"
"Immoral Bargain","soc","Secrets of Strixhaven Commander","47","rare","en",1,"NM","nonfoil",false,false,false,0.64,1.51,0,0,0,0,"fc01f092-80fb-4643-8ada-c2e5aeb68658","box","bulk"
"Lorehold Archivist // Restore Relic","soc","Secrets of Strixhaven Commander","49","rare","en",1,"NM","nonfoil",false,false,false,0.18,0.28,0,0,0,0,"cb535433-f062-4c35-977e-2f896251b1d8","box","bulk"
"Turbulent Fen","soc","Secrets of Strixhaven Commander","55","rare","en",1,"NM","nonfoil",false,false,false,6.84,7.06,0,0,0,0,"9737159b-256c-4004-ba5f-0417c35e1b30","box","bulk"
"Turbulent Steppe","soc","Secrets of Strixhaven Commander","58","rare","en",1,"NM","nonfoil",false,false,false,4.41,5.78,0,0,0,0,"c0c73dd5-0a88-4a94-9c01-c1473433e46f","box","bulk"
"Nexus Mentality","soc","Secrets of Strixhaven Commander","71","rare","en",1,"NM","nonfoil",false,false,false,0.38,0.32,0,0,0,0,"02d7bd37-5cb4-44ca-a386-57090ca8c725","box","Spiderman"
"Nev, the Practical Dean","soc","Secrets of Strixhaven Commander","89","rare","en",1,"NM","nonfoil",false,false,false,0.31,0.23,0,0,0,0,"93341675-0ab1-43da-b0ce-c994d8d8bbb4","box","Lorwin box"
"Striding Shotcaller // Run the Play","soc","Secrets of Strixhaven Commander","98","rare","en",1,"NM","nonfoil",false,false,false,0.30,0.20,0,0,0,0,"34303632-6062-4f6e-aeb4-bea74b7da0d7","box","Spiderman"
"Moonshaker Cavalry","soc","Secrets of Strixhaven Commander","110","mythic","en",1,"NM","nonfoil",false,false,false,5.69,4.81,0,0,0,0,"ca90d382-7e13-4637-a624-2a1b82abe56c","box","bulk"
"Staff of the Storyteller","soc","Secrets of Strixhaven Commander","111","rare","en",1,"NM","nonfoil",false,false,false,0.42,0.80,0,0,0,0,"67083aca-b077-4b12-8218-876e22476f85","box","bulk"
"Wave of Reckoning","soc","Secrets of Strixhaven Commander","112","rare","en",1,"NM","nonfoil",false,false,false,0.48,0.88,0,0,0,0,"7be0c25a-5e65-48e1-9560-9391111bb912","box","bulk"
"Ophiomancer","soc","Secrets of Strixhaven Commander","118","rare","en",1,"NM","nonfoil",false,false,false,0.83,1.04,0,0,0,0,"baf793b6-9612-43f3-9f1b-2e53e81cb89f","box","bulk"
"Toxic Deluge","soc","Secrets of Strixhaven Commander","120","rare","en",1,"NM","nonfoil",false,false,false,5.08,6.16,0,0,0,0,"a1c2a8da-56b0-4cab-b07b-10cac92c72c5","box","bulk"
"Tendershoot Dryad","soc","Secrets of Strixhaven Commander","125","rare","en",1,"NM","nonfoil",false,false,false,1.10,1.47,0,0,0,0,"def3571c-01dd-4eee-8f60-0ac4d1928d33","box","bulk"
"Tendershoot Dryad","soc","Secrets of Strixhaven Commander","125","rare","en",1,"NM","nonfoil",false,false,false,1.10,1.47,0,0,0,0,"def3571c-01dd-4eee-8f60-0ac4d1928d33","box","Ff chchobo bundle"
"Arcane Signet","soc","Secrets of Strixhaven Commander","127","uncommon","en",2,"NM","nonfoil",false,false,false,0.43,0.59,0,0,0,0,"7811dd72-61b9-4067-ac20-cea153e625d2","box","bulk"
"Sol Ring","soc","Secrets of Strixhaven Commander","128","uncommon","en",2,"NM","nonfoil",false,false,false,1.43,1.63,0,0,0,0,"870ec754-a76c-40ea-9b81-81b3dca1f62c","box","bulk"
"Command Tower","soc","Secrets of Strixhaven Commander","129","common","en",2,"NM","nonfoil",false,false,false,0.38,0.30,0,0,0,0,"c46a217c-0ed2-4b3c-9a01-ee38d12d76f3","box","bulk"
"Fabled Passage","soc","Secrets of Strixhaven Commander","130","rare","en",2,"NM","nonfoil",false,false,false,1.02,1.23,0,0,0,0,"8119d329-6ee5-433c-bd81-8579bb061162","box","bulk"
"Angel of Indemnity","soc","Secrets of Strixhaven Commander","133","rare","en",1,"NM","nonfoil",false,false,false,0.38,0.70,0,0,0,0,"41163f43-7357-4bbc-a1e7-9c8070135c93","box","bulk"
"Ao, the Dawn Sky","soc","Secrets of Strixhaven Commander","135","mythic","en",1,"NM","nonfoil",false,false,false,0.31,0.36,0,0,0,0,"e002d351-3795-4cd9-b389-9ed81077845e","box","bulk"
"Archaeomancer's Map","soc","Secrets of Strixhaven Commander","136","rare","en",1,"NM","nonfoil",false,false,false,1.12,1.28,0,0,0,0,"3679b9c8-ebae-474a-b862-6397edbcc4ea","box","bulk"
"Claim Jumper","soc","Secrets of Strixhaven Commander","140","rare","en",1,"NM","nonfoil",false,false,false,0.34,0.35,0,0,0,0,"11bda4c5-099f-489e-b64b-f4719241cf9d","box","bulk"
"Drumbellower","soc","Secrets of Strixhaven Commander","143","rare","en",1,"NM","nonfoil",false,false,false,1.73,1.56,0,0,0,0,"c19e0ebf-ca94-4684-8b2c-68e592b65a24","box","bulk"
"Guardian of Faith","soc","Secrets of Strixhaven Commander","148","rare","en",1,"NM","nonfoil",false,false,false,0.60,1.00,0,0,0,0,"037739cd-e05c-4aae-9123-f924e420010c","box","bulk"
"Guardian Scalelord","soc","Secrets of Strixhaven Commander","149","rare","en",1,"NM","nonfoil",false,false,false,0.30,0.49,0,0,0,0,"8415c0b3-9bf7-4c45-a215-4a73f1a42cbd","box","bulk"
"Kami of Ancient Law","soc","Secrets of Strixhaven Commander","150","common","en",1,"NM","nonfoil",false,false,false,0.18,0.13,0,0,0,0,"4edbce98-bfc1-4c66-bd04-16100d9e22d3","box","bulk"
"Karmic Guide","soc","Secrets of Strixhaven Commander","151","rare","en",1,"NM","nonfoil",false,false,false,0.34,0.26,0,0,0,0,"b26d50dd-54a1-43ce-9884-3999f698d97b","box","bulk"
"Monologue Tax","soc","Secrets of Strixhaven Commander","157","rare","en",1,"NM","nonfoil",false,false,false,2.03,2.19,0,0,0,0,"7b88cb4c-8044-4e88-80f1-1688273ad0ec","box","bulk"
"Path to Exile","soc","Secrets of Strixhaven Commander","159","uncommon","en",1,"NM","nonfoil",false,false,false,1.16,1.52,0,0,0,0,"90b690f4-9647-4e67-b7cb-b2692ea149b1","box","bulk"
"Remorseful Cleric","soc","Secrets of Strixhaven Commander","164","rare","en",1,"NM","nonfoil",false,false,false,0.23,0.18,0,0,0,0,"665a1bd1-db82-4db9-af7d-af161d31a696","box","bulk"
"Secret Rendezvous","soc","Secrets of Strixhaven Commander","166","uncommon","en",1,"NM","nonfoil",false,false,false,0.28,0.19,0,0,0,0,"9be712b3-14ed-4a73-b3d3-5b76b2c5db64","box","bulk"
"Selfless Spirit","soc","Secrets of Strixhaven Commander","167","rare","en",1,"NM","nonfoil",false,false,false,0.48,0.59,0,0,0,0,"9cd16dac-3bf9-4a71-a906-0cfbf98cdca5","box","bulk"
"Serra Paragon","soc","Secrets of Strixhaven Commander","169","mythic","en",1,"NM","nonfoil",false,false,false,0.66,0.69,0,0,0,0,"8e77a410-a053-4349-950c-d59e76b17923","box","bulk"
"Sevinne's Reclamation","soc","Secrets of Strixhaven Commander","170","rare","en",1,"NM","nonfoil",false,false,false,0.35,0.31,0,0,0,0,"8deab1ef-4219-4767-a3c4-b61250d0ebe0","box","bulk"
"Skyclave Apparition","soc","Secrets of Strixhaven Commander","173","rare","en",1,"NM","nonfoil",false,false,false,0.58,0.31,0,0,0,0,"e671de25-c47c-48a1-919b-6aa30dab142f","box","bulk"
"Sun Titan","soc","Secrets of Strixhaven Commander","178","mythic","en",1,"NM","nonfoil",false,false,false,0.36,0.26,0,0,0,0,"3d6eacf2-f6c7-4ede-b5a5-7463602699ae","box","bulk"
"Swords to Plowshares","soc","Secrets of Strixhaven Commander","179","uncommon","en",1,"NM","nonfoil",false,false,false,1.43,2.17,0,0,0,0,"68ec2aed-7662-48ae-ab25-04f74ece1e41","box","bulk"
"Teshar, Ancestor's Apostle","soc","Secrets of Strixhaven Commander","180","uncommon","en",1,"NM","nonfoil",false,false,false,0.29,0.23,0,0,0,0,"6e80198c-cfae-46f9-84cb-584d091014c5","box","bulk"
"Tocasia's Welcome","soc","Secrets of Strixhaven Commander","181","rare","en",1,"NM","nonfoil",false,false,false,0.59,0.93,0,0,0,0,"90e38661-292a-45e7-bda9-51af53cf0f68","box","bulk"
"Tragic Arrogance","soc","Secrets of Strixhaven Commander","182","rare","en",1,"NM","nonfoil",false,false,false,0.26,0.18,0,0,0,0,"ac5a8ba5-90ab-4e5d-8aff-c72f88851990","box","bulk"
"White Orchid Phantom","soc","Secrets of Strixhaven Commander","184","rare","en",1,"NM","nonfoil",false,false,false,0.30,0.28,0,0,0,0,"e6cebc57-d7b0-4e86-bc9e-ebb1de58f932","box","bulk"
"Blight Mound","soc","Secrets of Strixhaven Commander","208","rare","en",1,"NM","nonfoil",false,false,false,0.40,0.88,0,0,0,0,"dc060028-e01c-4bc7-8b52-7d0e2a350061","box","bulk"
"Blood Artist","soc","Secrets of Strixhaven Commander","209","uncommon","en",1,"NM","nonfoil",false,false,false,1.76,2.06,0,0,0,0,"b5275d76-2947-4219-be21-614c7421614a","box","bulk"
"Bloodghast","soc","Secrets of Strixhaven Commander","210","rare","en",1,"NM","nonfoil",false,false,false,0.68,0.95,0,0,0,0,"cee85485-598f-4dfc-aa0b-7b1de86c7788","box","bulk"
"Final Act","soc","Secrets of Strixhaven Commander","213","rare","en",1,"NM","nonfoil",false,false,false,0.36,0.36,0,0,0,0,"a86671d1-4f4b-486e-a0b3-671608974a82","box","bulk"
"Infernal Grasp","soc","Secrets of Strixhaven Commander","216","uncommon","en",1,"NM","nonfoil",false,false,false,0.29,0.25,0,0,0,0,"f67b323d-0dda-45f8-84b7-d883ce5045a8","box","bulk"
"Jadar, Ghoulcaller of Nephalia","soc","Secrets of Strixhaven Commander","217","rare","en",1,"NM","nonfoil",false,false,false,1.03,1.62,0,0,0,0,"49d5d62b-72ed-446a-b280-ad04c38bdd0c","box","bulk"
"Morbid Opportunist","soc","Secrets of Strixhaven Commander","219","uncommon","en",1,"NM","nonfoil",false,false,false,0.27,0.24,0,0,0,0,"08838865-a9b6-4323-96a2-0d3a7aba9d3d","box","bulk"
"Nether Traitor","soc","Secrets of Strixhaven Commander","220","rare","en",1,"NM","nonfoil",false,false,false,0.77,1.15,0,0,0,0,"fae5d1cb-ead9-41e1-84ce-2f06dc8cf6ba","box","bulk"
"Nether Traitor","soc","Secrets of Strixhaven Commander","220","rare","en",1,"NM","nonfoil",false,false,false,0.77,1.15,0,0,0,0,"fae5d1cb-ead9-41e1-84ce-2f06dc8cf6ba","box","ProXy"
"Night's Whisper","soc","Secrets of Strixhaven Commander","221","common","en",1,"NM","nonfoil",false,false,false,0.31,0.46,0,0,0,0,"d12fefdf-d13f-4638-ac8d-112fa7c6f970","box","bulk"
"Pawn of Ulamog","soc","Secrets of Strixhaven Commander","223","uncommon","en",1,"NM","nonfoil",false,false,false,0.61,1.15,0,0,0,0,"c1b0377c-efd6-4fab-89f0-b219ca2c4c22","box","bulk"
"Plumb the Forbidden","soc","Secrets of Strixhaven Commander","224","uncommon","en",1,"NM","nonfoil",false,false,false,0.32,0.45,0,0,0,0,"79c27df1-0c05-4208-a80c-73185ab35424","box","bulk"
"Priest of Forgotten Gods","soc","Secrets of Strixhaven Commander","225","rare","en",1,"NM","nonfoil",false,false,false,0.48,0.67,0,0,0,0,"363f8761-91a7-47e8-9e15-3b73d59bc020","box","bulk"
"Smothering Abomination","soc","Secrets of Strixhaven Commander","226","rare","en",1,"NM","nonfoil",false,false,false,0.25,0.24,0,0,0,0,"aac33238-e4bd-4c72-aecc-9905232c3ab4","box","bulk"
"Umbral Collar Zealot","soc","Secrets of Strixhaven Commander","227","uncommon","en",1,"NM","nonfoil",false,false,false,0.36,0.45,0,0,0,0,"98648b8a-2cf0-4c10-ab13-c88b2e03fc15","box","bulk"
"Veinwitch Coven","soc","Secrets of Strixhaven Commander","228","rare","en",1,"NM","nonfoil",false,false,false,0.34,0.31,0,0,0,0,"c5cc7d88-b9d3-425e-bef2-f1e3a85a3e4d","box","bulk"
"Viscera Seer","soc","Secrets of Strixhaven Commander","229","common","en",1,"NM","nonfoil",false,false,false,0.37,0.51,0,0,0,0,"f511830b-1c1f-4d30-aa5d-4314726d142e","box","bulk"
"Witch of the Moors","soc","Secrets of Strixhaven Commander","230","rare","en",1,"NM","nonfoil",false,false,false,0.37,0.40,0,0,0,0,"d9367aa0-2da2-4ed5-b52a-c52e40a00adf","box","bulk"
"Woe Strider","soc","Secrets of Strixhaven Commander","231","rare","en",1,"NM","nonfoil",false,false,false,0.25,0.23,0,0,0,0,"f458ae68-5cda-4c40-a348-47b4196fba02","box","bulk"
"Yahenni, Undying Partisan","soc","Secrets of Strixhaven Commander","232","rare","en",1,"NM","nonfoil",false,false,false,0.29,0.28,0,0,0,0,"518b155a-cb84-48d3-9aba-07577f60f091","box","bulk"
"Zulaport Cutthroat","soc","Secrets of Strixhaven Commander","233","uncommon","en",1,"NM","nonfoil",false,false,false,0.95,1.41,0,0,0,0,"c43609fb-3cee-44e0-98d0-3ecaba1d5767","box","bulk"
"Abrade","soc","Secrets of Strixhaven Commander","234","uncommon","en",1,"NM","nonfoil",false,false,false,0.21,0.15,0,0,0,0,"1add1757-c1f8-448a-b279-c6940fb7ad5f","box","Avatar bundle"
"Anger","soc","Secrets of Strixhaven Commander","235","uncommon","en",1,"NM","nonfoil",false,false,false,0.40,0.65,0,0,0,0,"e886a604-e3ce-4c6a-b63e-2c7f910a177a","box","bulk"
"Atsushi, the Blazing Sky","soc","Secrets of Strixhaven Commander","236","mythic","en",1,"NM","nonfoil",false,false,false,0.28,0.41,0,0,0,0,"06658540-0104-428f-91b1-40552826e781","box","bulk"
"Conspiracy Theorist","soc","Secrets of Strixhaven Commander","240","rare","en",1,"NM","nonfoil",false,false,false,0.29,0.27,0,0,0,0,"dd6797f7-ecc4-4c45-b1e4-26963a1614dc","box","bulk"
"Faithless Looting","soc","Secrets of Strixhaven Commander","244","common","en",1,"NM","nonfoil",false,false,false,0.31,0.53,0,0,0,0,"fc019ffa-4461-4f3d-ab8d-e4d20e77ca0c","box","bulk"
"Laelia, the Blade Reforged","soc","Secrets of Strixhaven Commander","246","rare","en",1,"NM","nonfoil",false,false,false,0.31,0.28,0,0,0,0,"2cb16354-1211-4230-90e2-4858ba68f348","box","ProXy"
"Laelia, the Blade Reforged","soc","Secrets of Strixhaven Commander","246","rare","en",1,"NM","nonfoil",false,false,false,0.31,0.28,0,0,0,0,"2cb16354-1211-4230-90e2-4858ba68f348","box","bulk"
"Squee, Goblin Nabob","soc","Secrets of Strixhaven Commander","254","uncommon","en",1,"NM","nonfoil",false,false,false,0.27,0.28,0,0,0,0,"8aabc541-ff2a-416f-a973-44eda8ec4706","box","bulk"
"Awakening Zone","soc","Secrets of Strixhaven Commander","262","rare","en",1,"NM","nonfoil",false,false,false,0.36,0.32,0,0,0,0,"13724768-83d3-4da2-82d7-35787c4f9877","box","bulk"
"Blossoming Bogbeast","soc","Secrets of Strixhaven Commander","264","rare","en",1,"NM","nonfoil",false,false,false,0.38,0.62,0,0,0,0,"764054f1-e848-4cee-b623-4861ce15c370","box","bulk"
"Cultivate","soc","Secrets of Strixhaven Commander","265","common","en",1,"NM","nonfoil",false,false,false,0.39,0.51,0,0,0,0,"f1cc00f9-ae7b-4f7b-95f2-bc5c00e4bd72","box","bulk"
"Elvish Mystic","soc","Secrets of Strixhaven Commander","266","common","en",1,"NM","nonfoil",false,false,false,0.41,0.79,0,0,0,0,"eb654a76-62ee-4fd8-83d4-cb912211a9a0","box","bulk"
"Gilded Goose","soc","Secrets of Strixhaven Commander","269","rare","en",1,"NM","nonfoil",false,false,false,0.30,0.36,0,0,0,0,"5ea59511-24b1-4925-9948-9d4c0d27d1c5","box","bulk"
"Mycoloth","soc","Secrets of Strixhaven Commander","276","rare","en",1,"NM","nonfoil",false,false,false,0.33,0.31,0,0,0,0,"924976cf-9b46-4cbf-ab27-07ca72a21608","deck","La cosa verde - Main"
"Mycoloth","soc","Secrets of Strixhaven Commander","276","rare","en",1,"NM","nonfoil",false,false,false,0.33,0.31,0,0,0,0,"924976cf-9b46-4cbf-ab27-07ca72a21608","box","bulk"
"Ohran Frostfang","soc","Secrets of Strixhaven Commander","279","rare","en",1,"NM","nonfoil",false,false,false,4.78,4.27,0,0,0,0,"55fb93e6-d057-4b70-ad12-e98291fd4a2c","box","bulk"
"Ohran Frostfang","soc","Secrets of Strixhaven Commander","279","rare","en",1,"NM","nonfoil",false,false,false,4.78,4.27,0,0,0,0,"55fb93e6-d057-4b70-ad12-e98291fd4a2c","box","Ff chchobo bundle"
"Pest Infestation","soc","Secrets of Strixhaven Commander","282","rare","en",1,"NM","nonfoil",false,false,false,0.50,0.63,0,0,0,0,"c9b8626d-d3d8-4460-9adf-112f48f173f6","box","bulk"
"Sakura-Tribe Elder","soc","Secrets of Strixhaven Commander","285","common","en",1,"NM","nonfoil",false,false,false,0.33,0.45,0,0,0,0,"7a8b1c49-8594-426d-b585-41140235bb0e","box","bulk"
"Springbloom Druid","soc","Secrets of Strixhaven Commander","287","common","en",1,"NM","nonfoil",false,false,false,0.24,0.16,0,0,0,0,"c7b7d415-d9b4-49b7-ab31-b2fc91d57fe3","box","Ff chchobo bundle"
"Springbloom Druid","soc","Secrets of Strixhaven Commander","287","common","en",1,"NM","nonfoil",false,false,false,0.24,0.16,0,0,0,0,"c7b7d415-d9b4-49b7-ab31-b2fc91d57fe3","box","bulk"
"Trudge Garden","soc","Secrets of Strixhaven Commander","290","rare","en",1,"NM","nonfoil",false,false,false,0.29,0.28,0,0,0,0,"80dd8180-668a-41e4-a4e9-ebdd71345841","box","bulk"
"Assassin's Trophy","soc","Secrets of Strixhaven Commander","294","rare","en",1,"NM","nonfoil",false,false,false,0.72,1.01,0,0,0,0,"aaf258fc-3ba4-4b83-bdbf-10a07e0b6c03","box","bulk"
"Balefire Liege","soc","Secrets of Strixhaven Commander","295","rare","en",1,"NM","nonfoil",false,false,false,0.30,0.35,0,0,0,0,"6f236f33-f6d2-4b07-a69d-42165670bd45","box","bulk"
"Beledros Witherbloom","soc","Secrets of Strixhaven Commander","296","mythic","en",1,"NM","nonfoil",false,false,false,1.38,1.58,0,0,0,0,"144c2886-3d37-4a8a-8e37-99ccff66599e","box","bulk"
"Casualties of War","soc","Secrets of Strixhaven Commander","300","rare","en",1,"NM","nonfoil",false,false,false,0.26,0.19,0,0,0,0,"2467f50a-bf45-4046-9086-1bfcf3438af4","box","bulk"
"Creakwood Liege","soc","Secrets of Strixhaven Commander","301","rare","en",1,"NM","nonfoil",false,false,false,0.32,0.33,0,0,0,0,"9a05c8f9-e810-498d-ab51-632661dd000d","box","bulk"
"Culling Ritual","soc","Secrets of Strixhaven Commander","302","rare","en",1,"NM","nonfoil",false,false,false,0.43,0.67,0,0,0,0,"abaad8c5-763d-4276-9b19-623cd19f59b9","box","bulk"
"Deadly Brew","soc","Secrets of Strixhaven Commander","303","uncommon","en",1,"NM","nonfoil",false,false,false,0.26,0.19,0,0,0,0,"3e5493c3-0be2-467c-82f0-3ee1ca909d0c","box","bulk"
"Deadly Brew","soc","Secrets of Strixhaven Commander","303","uncommon","en",1,"NM","nonfoil",false,false,false,0.26,0.19,0,0,0,0,"3e5493c3-0be2-467c-82f0-3ee1ca909d0c","box","Foundation"
"Dina, Soul Steeper","soc","Secrets of Strixhaven Commander","305","uncommon","en",1,"NM","nonfoil",false,false,false,0.32,0.24,0,0,0,0,"6ae992b6-506b-4667-884f-4f7fc075b71e","box","bulk"
"Gyome, Master Chef","soc","Secrets of Strixhaven Commander","313","mythic","en",1,"NM","nonfoil",false,false,false,1.26,1.70,0,0,0,0,"8279d421-dd86-49d1-93f7-65f6046c542d","box","bulk"
"Hofri Ghostforge","soc","Secrets of Strixhaven Commander","314","mythic","en",1,"NM","nonfoil",false,false,false,0.19,0.25,0,0,0,0,"bc03cdb6-5ad0-452d-a698-bd19f5ebac83","box","bulk"
"Mazirek, Kraul Death Priest","soc","Secrets of Strixhaven Commander","319","rare","en",1,"NM","nonfoil",false,false,false,0.66,0.33,0,0,0,0,"940ae3c2-7ac2-412b-afd0-c8b0099bc3aa","box","bulk"
"Moldervine Reclamation","soc","Secrets of Strixhaven Commander","320","uncommon","en",1,"NM","nonfoil",false,false,false,0.30,0.25,0,0,0,0,"f3e93085-ffcb-4f48-8649-3fcbc5e97699","box","bulk"
"Mortality Spear","soc","Secrets of Strixhaven Commander","321","uncommon","en",1,"NM","nonfoil",false,false,false,0.31,0.19,0,0,0,0,"f6cdff9b-bb09-45b9-aa3c-16a3136d183c","box","bulk"
"Quintorius, Field Historian","soc","Secrets of Strixhaven Commander","326","uncommon","en",1,"NM","nonfoil",false,false,false,0.22,0.11,0,0,0,0,"8e3c7f00-e997-4b07-98af-45b9ea35d2d7","box","bulk"
"Quintorius, Loremaster","soc","Secrets of Strixhaven Commander","327","rare","en",1,"NM","nonfoil",false,false,false,0.18,0.14,0,0,0,0,"7a609e56-667d-48b5-a6e6-629f1d7a2f72","box","bulk"
"Rip Apart","soc","Secrets of Strixhaven Commander","328","uncommon","en",1,"NM","nonfoil",false,false,false,0.25,0.18,0,0,0,0,"ab3443be-ab7f-4ab1-bc31-0ace68773f2d","box","bulk"
"Venerable Warsinger","soc","Secrets of Strixhaven Commander","336","rare","en",1,"NM","nonfoil",false,false,false,0.24,0.15,0,0,0,0,"cdd0062f-6b2a-49c4-bf47-9b05f16ca6eb","box","bulk"
"Wight of the Reliquary","soc","Secrets of Strixhaven Commander","338","rare","en",1,"NM","nonfoil",false,false,false,0.46,0.70,0,0,0,0,"a8c6ee26-fa74-4859-9a94-89b476d218d2","box","bulk"
"Witherbloom Command","soc","Secrets of Strixhaven Commander","339","rare","en",1,"NM","nonfoil",false,false,false,0.25,0.38,0,0,0,0,"0d68dee5-56ff-45bb-a37e-9e2dfc07c5a7","box","bulk"
"Bitterthorn, Nissa's Animus","soc","Secrets of Strixhaven Commander","343","rare","en",1,"NM","nonfoil",false,false,false,4.73,4.34,0,0,0,0,"926cbd68-3b66-4ccc-a7c9-fb20e38a3126","box","bulk"
"Containment Construct","soc","Secrets of Strixhaven Commander","344","uncommon","en",1,"NM","nonfoil",false,false,false,0.28,0.23,0,0,0,0,"feb09084-0fdb-4226-b536-56d856354b5a","box","bulk"
"Currency Converter","soc","Secrets of Strixhaven Commander","345","rare","en",1,"NM","nonfoil",false,false,false,2.20,3.03,0,0,0,0,"2413e7e1-f9a5-4657-9375-2c30d32d7853","box","bulk"
"Fellwar Stone","soc","Secrets of Strixhaven Commander","347","uncommon","en",1,"NM","nonfoil",false,false,false,0.71,0.89,0,0,0,0,"385b9f5e-81dd-49f6-a644-59d53245e3dc","box","bulk"
"Haywire Mite","soc","Secrets of Strixhaven Commander","349","uncommon","en",1,"NM","nonfoil",false,false,false,0.40,0.77,0,0,0,0,"6f813bc3-6d81-4555-8e4b-6ecd9a6757b7","box","bulk"
"Millikin","soc","Secrets of Strixhaven Commander","351","uncommon","en",1,"NM","nonfoil",false,false,false,0.19,0.20,0,0,0,0,"c2073453-4108-4039-a8c2-0f94dd7bf237","box","bulk"
"Mind Stone","soc","Secrets of Strixhaven Commander","352","uncommon","en",1,"NM","nonfoil",false,false,false,0.32,0.27,0,0,0,0,"ad881aa0-decc-447b-8c8a-983546a9a55a","box","bulk"
"Patchwork Banner","soc","Secrets of Strixhaven Commander","353","uncommon","en",1,"NM","nonfoil",false,false,false,2.37,2.29,0,0,0,0,"81669ca8-3f20-45e6-b088-65969dcd93d1","box","bulk"
"Perpetual Timepiece","soc","Secrets of Strixhaven Commander","354","uncommon","en",1,"NM","nonfoil",false,false,false,0.31,0.26,0,0,0,0,"6edbedf9-273f-4d7f-80a2-705858bd4d6d","box","bulk"
"Battlefield Forge","soc","Secrets of Strixhaven Commander","362","rare","en",1,"NM","nonfoil",false,false,false,0.31,0.34,0,0,0,0,"c47c1bf5-f11e-4f86-b20b-5d899a11dc56","box","bulk"
"Bojuka Bog","soc","Secrets of Strixhaven Commander","363","common","en",1,"NM","nonfoil",false,false,false,1.03,1.39,0,0,0,0,"55b5b094-9d2d-4d96-b90c-78fecdae725a","box","bulk"
"Clifftop Retreat","soc","Secrets of Strixhaven Commander","366","rare","en",1,"NM","nonfoil",false,false,false,0.34,0.39,0,0,0,0,"09d0e0dd-28e6-4d78-b768-b08188681d92","box","bulk"
"Clifftop Retreat","soc","Secrets of Strixhaven Commander","366","rare","en",1,"NM","nonfoil",false,false,false,0.34,0.39,0,0,0,0,"09d0e0dd-28e6-4d78-b768-b08188681d92","box","ProXy"
"Emeria, the Sky Ruin","soc","Secrets of Strixhaven Commander","368","rare","en",1,"NM","nonfoil",false,false,false,4.72,4.20,0,0,0,0,"90f148e6-1a5e-46fc-9557-40c5c0038069","box","bulk"
"Exotic Orchard","soc","Secrets of Strixhaven Commander","369","rare","en",2,"NM","nonfoil",false,false,false,0.32,0.21,0,0,0,0,"7db2934a-43a0-46ad-8380-ff6703f8fd6d","box","bulk"
"Festering Thicket","soc","Secrets of Strixhaven Commander","371","rare","en",1,"NM","nonfoil",false,false,false,0.31,0.25,0,0,0,0,"f71c87db-54ea-4611-8692-096d9714d854","box","bulk"
"Furycalm Snarl","soc","Secrets of Strixhaven Commander","375","rare","en",1,"NM","nonfoil",false,false,false,0.24,0.23,0,0,0,0,"25a1cd4f-be6c-4e05-93ba-9e393cec76df","box","bulk"
"Glittering Massif","soc","Secrets of Strixhaven Commander","376","rare","en",1,"NM","nonfoil",false,false,false,0.29,0.26,0,0,0,0,"0f741296-c523-49bd-9ff4-ce2a1a70883e","box","bulk"
"Grim Backwoods","soc","Secrets of Strixhaven Commander","377","rare","en",1,"NM","nonfoil",false,false,false,0.25,0.20,0,0,0,0,"606c5f42-fe5f-4dcd-b8f4-b67beabe3f0a","box","bulk"
"Haunted Mire","soc","Secrets of Strixhaven Commander","379","common","en",1,"NM","nonfoil",false,false,false,0.26,0.29,0,0,0,0,"3e041aef-5771-4a3f-af07-e85a66c48979","box","bulk"
"High Market","soc","Secrets of Strixhaven Commander","380","rare","en",1,"NM","nonfoil",false,false,false,0.44,0.76,0,0,0,0,"894aa6b6-0d08-4c43-8734-9cb7b31359c6","box","bulk"
"Llanowar Wastes","soc","Secrets of Strixhaven Commander","383","rare","en",1,"NM","nonfoil",false,false,false,0.83,0.89,0,0,0,0,"266316d3-3bbc-4283-aab8-69629855909f","box","bulk"
"Lorehold Campus","soc","Secrets of Strixhaven Commander","384","common","en",1,"NM","nonfoil",false,false,false,0.23,0.14,0,0,0,0,"b6ad08da-c9e8-4061-a4a6-032d6957a403","box","bulk"
"Lotus Field","soc","Secrets of Strixhaven Commander","385","rare","en",1,"NM","nonfoil",false,false,false,2.21,2.45,0,0,0,0,"ee5ac47c-e8b6-400e-b91e-a7cd0f952cf1","box","bulk"
"Mistveil Plains","soc","Secrets of Strixhaven Commander","386","uncommon","en",1,"NM","nonfoil",false,false,false,0.30,0.23,0,0,0,0,"c53028dd-efb5-486c-a7d3-45f2f6050c1d","box","bulk"
"Necroblossom Snarl","soc","Secrets of Strixhaven Commander","389","rare","en",1,"NM","nonfoil",false,false,false,0.36,0.50,0,0,0,0,"4355ba23-de6a-4f18-baf4-82ae47cc2965","box","bulk"
"Path of Ancestry","soc","Secrets of Strixhaven Commander","393","common","en",1,"NM","nonfoil",false,false,false,0.25,0.13,0,0,0,0,"9335e773-4b45-4b91-8140-5159fe7e0395","box","bulk"
"Radiant Summit","soc","Secrets of Strixhaven Commander","396","rare","en",1,"NM","nonfoil",false,false,false,0.79,0.81,0,0,0,0,"5ca0311f-6218-4c1c-ac5f-23b9708446f1","box","bulk"
"Rogue's Passage","soc","Secrets of Strixhaven Commander","400","uncommon","en",1,"NM","nonfoil",false,false,false,0.41,0.45,0,0,0,0,"335444f0-0848-4c17-b056-56d4fc876a58","box","Ff chchobo bundle"
"Rugged Prairie","soc","Secrets of Strixhaven Commander","401","rare","en",1,"NM","nonfoil",false,false,false,0.27,0.26,0,0,0,0,"6bd21c9e-de16-4ee9-ae16-6e82b490109d","box","bulk"
"Sacred Peaks","soc","Secrets of Strixhaven Commander","402","common","en",1,"NM","nonfoil",false,false,false,0.30,0.18,0,0,0,0,"ee2d6798-b19d-4628-bb57-05663ab4af68","box","bulk"
"Study Hall","soc","Secrets of Strixhaven Commander","407","common","en",2,"NM","nonfoil",false,false,false,0.25,0.13,0,0,0,0,"93f812bc-7663-4504-b566-79e2c0a0f845","box","bulk"
"Sunscorched Divide","soc","Secrets of Strixhaven Commander","410","rare","en",1,"NM","nonfoil",false,false,false,0.28,0.19,0,0,0,0,"eae999f9-9c58-4609-8ade-aca0acf07519","box","bulk"
"Temple of Malady","soc","Secrets of Strixhaven Commander","413","rare","en",1,"NM","nonfoil",false,false,false,0.24,0.20,0,0,0,0,"1ca36218-db87-4e44-8606-2a516504ed20","box","bulk"
"Temple of Triumph","soc","Secrets of Strixhaven Commander","417","rare","en",1,"NM","nonfoil",false,false,false,0.22,0.16,0,0,0,0,"d0e763f7-25b8-444f-8722-614297d0663f","box","bulk"
"Twilight Mire","soc","Secrets of Strixhaven Commander","418","rare","en",1,"NM","nonfoil",false,false,false,0.39,0.53,0,0,0,0,"3cc8186b-b46f-46c0-8dfb-9e423e430048","box","bulk"
"Vernal Fen","soc","Secrets of Strixhaven Commander","419","rare","en",1,"NM","nonfoil",false,false,false,0.43,0.54,0,0,0,0,"0466cf57-bb3e-4359-8fe8-d6cc1288fdc6","box","bulk"
"Viridescent Bog","soc","Secrets of Strixhaven Commander","421","rare","en",1,"NM","nonfoil",false,false,false,0.35,0.31,0,0,0,0,"54d852fc-0f3a-4791-a147-b21ca6964763","box","bulk"
"War Room","soc","Secrets of Strixhaven Commander","422","rare","en",1,"NM","nonfoil",false,false,false,2.62,2.64,0,0,0,0,"0775b4be-881c-4832-8954-d961064315b6","deck","La cosa verde - Main"
"Witherbloom Campus","soc","Secrets of Strixhaven Commander","423","common","en",1,"NM","nonfoil",false,false,false,0.24,0.13,0,0,0,0,"e5af06c8-86ab-4731-aa4a-2eec2c664488","box","bulk"
"Woodland Cemetery","soc","Secrets of Strixhaven Commander","424","rare","en",1,"NM","nonfoil",false,false,false,0.45,0.87,0,0,0,0,"4d6f6c96-f813-4864-b4e1-b2a0aa8be1e8","box","bulk"
"Talisman of Curiosity","soc","Secrets of Strixhaven Commander","430","mythic","en",1,"NM","foil",false,false,false,0,0,2.78,4.60,0,0,"30e1d7e2-e1a5-443c-86c4-ff4e18933853","box","Spiderman"
"Ajani's Response","sos","Secrets of Strixhaven","6","common","en",1,"NM","nonfoil",false,false,false,0.13,0.04,0.24,0.07,0,0,"9cd1417a-badc-4abd-a8ca-5b31f85c1072","box","Spiderman"
"Ascendant Dustspeaker","sos","Secrets of Strixhaven","8","common","en",1,"NM","nonfoil",false,false,false,0.11,0.05,0.12,0.06,0,0,"de3de40b-a7ac-455e-add2-4e451b602d17","box","Spiderman"
"Dig Site Inventory","sos","Secrets of Strixhaven","10","common","en",1,"NM","nonfoil",false,false,false,0.16,0.09,0.18,0.09,0,0,"e52464ee-df8b-41ec-af93-4b0eb004383e","box","Spiderman"
"Elite Interceptor // Rejoinder","sos","Secrets of Strixhaven","12","common","en",1,"NM","nonfoil",false,false,false,0.16,0.09,0.26,0.16,0,0,"2970683e-e69c-42cb-a067-34abd56fb42b","box","Spiderman"
"Elite Interceptor // Rejoinder","sos","Secrets of Strixhaven","12","common","en",1,"NM","nonfoil",false,false,false,0.16,0.09,0.26,0.16,0,0,"2970683e-e69c-42cb-a067-34abd56fb42b","box","Lorwin box"
"Interjection","sos","Secrets of Strixhaven","22","common","en",1,"NM","nonfoil",false,false,false,0.15,0.03,0.19,0.06,0,0,"0534cff6-299c-4155-b318-eb7581989e8a","box","Spiderman"
"Primary Research","sos","Secrets of Strixhaven","26","uncommon","en",1,"NM","nonfoil",false,false,false,0.22,0.09,0.22,0.12,0,0,"f6fdb814-45c6-4d14-afff-7f5bd1bd10a1","box","bulk"
"Primary Research","sos","Secrets of Strixhaven","26","uncommon","en",1,"NM","nonfoil",false,false,false,0.22,0.09,0.22,0.12,0,0,"f6fdb814-45c6-4d14-afff-7f5bd1bd10a1","box","Spiderman"
"Rehearsed Debater","sos","Secrets of Strixhaven","29","common","en",1,"NM","nonfoil",false,false,false,0.06,0.02,0.14,0.02,0,0,"fc6a1425-6733-42a2-94d9-605966398092","box","Lorwin box"
"Shattered Acolyte","sos","Secrets of Strixhaven","31","common","en",1,"NM","nonfoil",false,false,false,0.19,0.10,0.28,0.27,0,0,"dc0517ca-b271-49a1-a286-c20f4e5b9309","box","Spiderman"
"Spiritcall Enthusiast // Scrollboost","sos","Secrets of Strixhaven","33","uncommon","en",2,"NM","nonfoil",false,false,false,0.16,0.03,0.24,0.11,0,0,"c0b85569-2cb3-4b64-b0fe-418195c4dab0","box","Spiderman"
"Stand Up for Yourself","sos","Secrets of Strixhaven","34","uncommon","en",1,"NM","nonfoil",false,false,false,0.11,0.06,0.15,0.13,0,0,"b756ca13-b904-4510-9bbb-5bc2864abfbd","box","Spiderman"
"Stone Docent","sos","Secrets of Strixhaven","36","common","en",1,"NM","nonfoil",false,false,false,0.08,0.02,0.18,0.03,0,0,"c2abfffb-bf36-44af-9a27-6e109e4d77dd","box","Spiderman"
"Summoned Dromedary","sos","Secrets of Strixhaven","37","uncommon","en",2,"NM","nonfoil",false,false,false,0.15,0.06,0.20,0.06,0,0,"44d0277c-ca82-4334-a15a-cd67a9db0d02","box","Lorwin box"
"Campus Composer // Aqueous Aria","sos","Secrets of Strixhaven","40","uncommon","en",1,"NM","nonfoil",false,false,false,0.12,0.04,0.18,0.05,0,0,"fac8ac39-ecb4-4142-bf37-131c65660a9b","box","Lorwin box"
"Deluge Virtuoso","sos","Secrets of Strixhaven","42","common","en",1,"NM","nonfoil",false,false,false,0.13,0.03,0.25,0.02,0,0,"2e3b16ed-8727-48fd-8b1f-c0cbd329385e","box","Spiderman"
"Encouraging Aviator // Jump","sos","Secrets of Strixhaven","46","uncommon","en",1,"NM","nonfoil",false,false,false,0.21,0.10,0.28,0.12,0,0,"72654b84-9902-41db-92ab-a3499c31221c","box","Spiderman"
"Essence Scatter","sos","Secrets of Strixhaven","47","common","en",1,"NM","nonfoil",false,false,false,0.22,0.04,0.27,0.02,0,0,"32840097-0531-4c43-b6a8-e76c17420b04","box","Lorwin box"
"Fractalize","sos","Secrets of Strixhaven","51","uncommon","en",2,"NM","nonfoil",false,false,false,0.14,0.07,0.22,0.13,0,0,"e3c3b19b-01b6-4f5a-b428-513b778c5d89","box","Spiderman"
"Harmonized Trio // Brainstorm","sos","Secrets of Strixhaven","52","rare","fr",1,"NM","nonfoil",false,false,false,0.67,0.43,0.77,0.54,0,0,"d55cd84d-6a80-43ae-a763-f87082d104db","box","Spiderman"
"Homesickness","sos","Secrets of Strixhaven","53","uncommon","en",1,"NM","nonfoil",false,false,false,0.11,0.06,0.20,0.08,0,0,"6e4a1f82-b0b1-4608-91f8-130bee731435","box","Lorwin box"
"Hydro-Channeler","sos","Secrets of Strixhaven","54","common","en",1,"NM","nonfoil",false,false,false,0.17,0.09,0.23,0.14,0,0,"099f8400-d70a-48ef-8ff6-645eae97e072","box","Spiderman"
"Jadzi, Steward of Fate // Oracle's Gift","sos","Secrets of Strixhaven","55","rare","en",1,"NM","nonfoil",false,false,false,0.23,0.13,0.25,0.23,0,0,"a95b6baf-01e6-49c3-9a26-394b127d53c3","box","Lorwin box"
"Mana Sculpt","sos","Secrets of Strixhaven","57","rare","en",1,"NM","nonfoil",false,false,false,0.67,0.84,1.34,0.90,0,0,"200c8e3d-c53b-40c7-a29a-fccc1281bfc6","box","Spiderman"
"Muse's Encouragement","sos","Secrets of Strixhaven","61","common","en",1,"NM","nonfoil",false,false,false,0.07,0.02,0.11,0.03,0,0,"c59e0004-1d6a-42a1-8ce4-31da2af2e1bf","box","Spiderman"
"Procrastinate","sos","Secrets of Strixhaven","64","common","en",1,"NM","nonfoil",false,false,false,0.19,0.12,0.23,0.07,0,0,"1edb449d-620f-4e21-9d76-2c840635eb9d","box","Lorwin box"
"Procrastinate","sos","Secrets of Strixhaven","64","common","en",1,"NM","nonfoil",false,false,false,0.19,0.12,0.23,0.07,0,0,"1edb449d-620f-4e21-9d76-2c840635eb9d","box","Spiderman"
"Quick Study","sos","Secrets of Strixhaven","65","common","en",1,"NM","nonfoil",false,false,false,0.17,0.09,0.26,0.10,0,0,"2d4f0bc7-da7c-4749-a24c-b01f3eb5860c","box","Lorwin box"
"Run Behind","sos","Secrets of Strixhaven","66","common","en",1,"NM","nonfoil",false,false,false,0.11,0.03,0.18,0.06,0,0,"40ecc34b-4cd0-4998-bbf4-7faa6fd3d7e0","box","Lorwin box"
"Skycoach Conductor // All Aboard","sos","Secrets of Strixhaven","67","rare","en",1,"NM","nonfoil",false,false,false,0.34,0.36,0.37,0.39,0,0,"4ecbca71-9a1d-44c5-b709-d6f565941d5e","box","Spiderman"
"Tester of the Tangential","sos","Secrets of Strixhaven","69","uncommon","en",1,"NM","nonfoil",false,false,false,0.14,0.08,0.24,0.20,0,0,"bbd708ec-eef4-4f45-99dd-60e1cec4b991","box","Lorwin box"
"Textbook Tabulator","sos","Secrets of Strixhaven","70","common","en",1,"NM","nonfoil",false,false,false,0.18,0.11,0.23,0.14,0,0,"56f54fee-b48d-4582-8982-ca4c7b8ef553","box","Spiderman"
"Adventurous Eater // Have a Bite","sos","Secrets of Strixhaven","72","common","fr",1,"NM","nonfoil",false,false,false,0.13,0.07,0.14,0.05,0,0,"f7a00800-88d4-4e0c-bec9-586e357801a8","box","Lorwin box"
"Burrog Banemaker","sos","Secrets of Strixhaven","75","common","en",2,"NM","nonfoil",false,false,false,0.18,0.12,0.33,0.11,0,0,"3e4f9d23-1a17-4188-ac91-f8ddea46a1c4","box","Spiderman"
"Cheerful Osteomancer // Raise Dead","sos","Secrets of Strixhaven","76","common","fr",1,"NM","nonfoil",false,false,false,0.13,0.05,0.23,0.11,0,0,"a9a02001-7f44-417b-81d9-2d273a8f28d6","box","Lorwin box"
"Cheerful Osteomancer // Raise Dead","sos","Secrets of Strixhaven","76","common","en",1,"NM","nonfoil",false,false,false,0.13,0.05,0.23,0.11,0,0,"3c34660c-25e3-4ff5-9b2b-5554ded2bcc3","box","Spiderman"
"Cost of Brilliance","sos","Secrets of Strixhaven","77","common","en",1,"NM","nonfoil",false,false,false,0.16,0.10,0.26,0.07,0,0,"3a46816b-9f75-4c72-9ec6-cded6a4a0d01","box","Spiderman"
"Foolish Fate","sos","Secrets of Strixhaven","83","uncommon","en",1,"NM","nonfoil",false,false,false,0.22,0.10,0.26,0.16,0,0,"d278f4c9-d20b-4a76-8c5c-4d3e985948b9","box","Lorwin box"
"Last Gasp","sos","Secrets of Strixhaven","86","common","en",1,"NM","nonfoil",false,false,false,0.19,0.05,0.17,0.06,0,0,"da5f3729-6ec7-4482-90cb-83b973edeae4","box","Spiderman"
"Last Gasp","sos","Secrets of Strixhaven","86","common","en",2,"NM","nonfoil",false,false,false,0.19,0.05,0.17,0.06,0,0,"da5f3729-6ec7-4482-90cb-83b973edeae4","box","Lorwin box"
"Lecturing Scornmage","sos","Secrets of Strixhaven","87","uncommon","en",1,"NM","nonfoil",false,false,false,0.18,0.09,0.30,0.10,0,0,"ad07091e-8c24-43af-8ce8-031847bcaf30","box","Spiderman"
"Masterful Flourish","sos","Secrets of Strixhaven","89","common","en",1,"NM","nonfoil",false,false,false,0.15,0.11,0.33,0.09,0,0,"8d93d14d-7760-4af2-a237-2df326dd28d3","box","Spiderman"
"Melancholic Poet","sos","Secrets of Strixhaven","90","common","en",1,"NM","nonfoil",false,false,false,0.14,0.10,0.20,0.11,0,0,"d8309815-7035-47a5-acf2-2b2ac1e65037","box","Lorwin box"
"Melancholic Poet","sos","Secrets of Strixhaven","90","common","en",1,"NM","nonfoil",false,false,false,0.14,0.10,0.20,0.11,0,0,"d8309815-7035-47a5-acf2-2b2ac1e65037","box","Spiderman"
"Pox Plague","sos","Secrets of Strixhaven","94","rare","en",1,"NM","nonfoil",false,false,false,0.34,0.21,0.38,0.35,0,0,"9c99c17b-ad3a-4859-97e8-469718b81cd9","box","Lorwin box"
"Send in the Pest","sos","Secrets of Strixhaven","100","common","en",2,"NM","nonfoil",false,false,false,0.21,0.09,0.32,0.25,0,0,"283b508b-89f0-4c23-9686-b049e402b73c","box","Lorwin box"
"Sneering Shadewriter","sos","Secrets of Strixhaven","101","common","en",1,"NM","nonfoil",false,false,false,0.18,0.07,0.18,0.02,0,0,"4b4c120e-abe9-4f11-a7e4-bc3f723da4b2","box","Spiderman"
"Wander Off","sos","Secrets of Strixhaven","104","common","en",1,"NM","nonfoil",false,false,false,0.11,0.02,0.16,0.05,0,0,"3d409512-50b9-4a38-91b0-19ba25227992","box","Spiderman"
"Ancestral Anger","sos","Secrets of Strixhaven","106","common","en",1,"NM","nonfoil",false,false,false,0.18,0.07,0.29,0.12,0,0,"6c5a93d6-d4ab-4062-bb3c-1b5330bf15ad","box","Spiderman"
"Archaic's Agony","sos","Secrets of Strixhaven","107","uncommon","en",1,"NM","nonfoil",false,false,false,0.12,0.03,0.21,0.09,0,0,"8d99f8b2-5c1c-4059-bf68-c6b2e9e5b275","box","Lorwin box"
"Artistic Process","sos","Secrets of Strixhaven","108","uncommon","en",1,"NM","nonfoil",false,false,false,0.11,0.07,0.25,0.11,0,0,"bce9d933-be58-4301-beb4-07b04d0b69f0","box","Spiderman"
"Blazing Firesinger // Seething Song","sos","Secrets of Strixhaven","109","uncommon","en",2,"NM","nonfoil",false,false,false,0.40,0.19,0.48,0.37,0,0,"3ba971e7-0b7a-4750-896f-7cf063e66b2a","box","Spiderman"
"Blazing Firesinger // Seething Song","sos","Secrets of Strixhaven","109","uncommon","fr",1,"NM","nonfoil",false,false,false,0.40,0.19,0.48,0.37,0,0,"7f320aaa-a756-4985-bbcd-223165c4ff17","box","Lorwin box"
"Duel Tactics","sos","Secrets of Strixhaven","112","uncommon","en",1,"NM","nonfoil",false,false,false,0.10,0.16,0.18,0.04,0,0,"8f3a1675-0cc7-4dfd-a12e-4740a2cf81e8","box","Spiderman"
"Expressive Firedancer","sos","Secrets of Strixhaven","114","common","en",1,"NM","nonfoil",false,false,false,0.07,0.09,0.15,0.09,0,0,"259b8c45-6241-4206-a34e-34c7f401f47b","box","Spiderman"
"Goblin Glasswright // Craft with Pride","sos","Secrets of Strixhaven","117","common","en",1,"NM","nonfoil",false,false,false,0.14,0.09,0.21,0.11,0,0,"c85c5f06-dd31-4e2c-97be-2f64d65069ea","box","Lorwin box"
"Goblin Glasswright // Craft with Pride","sos","Secrets of Strixhaven","117","common","fr",1,"NM","nonfoil",false,false,false,0.14,0.09,0.21,0.11,0,0,"18ae2c44-c549-48c2-af6e-190f27723993","box","Lorwin box"
"Rearing Embermare","sos","Secrets of Strixhaven","127","common","en",1,"NM","nonfoil",false,false,false,0.06,0.03,0.10,0.02,0,0,"06dd56bd-de92-4202-af31-7e881c34d799","box","Spiderman"
"Rearing Embermare","sos","Secrets of Strixhaven","127","common","en",1,"NM","nonfoil",false,false,false,0.06,0.03,0.10,0.02,0,0,"06dd56bd-de92-4202-af31-7e881c34d799","box","Lorwin box"
"Rubble Rouser","sos","Secrets of Strixhaven","128","common","en",1,"NM","nonfoil",false,false,false,0.18,0.16,0.28,0.05,0,0,"afe61957-a9bb-42b0-98e8-b5fa418cbaff","box","Spiderman"
"Rubble Rouser","sos","Secrets of Strixhaven","128","common","en",1,"NM","nonfoil",false,false,false,0.18,0.16,0.28,0.05,0,0,"afe61957-a9bb-42b0-98e8-b5fa418cbaff","box","Lorwin box"
"Seize the Spoils","sos","Secrets of Strixhaven","129","common","en",1,"NM","nonfoil",false,false,false,0.24,0.12,0.33,0.17,0,0,"4ddf4e34-a1f9-4636-942d-0a08e9f94320","box","bulk"
"Strife Scholar // Awaken the Ages","sos","Secrets of Strixhaven","131","common","en",1,"NM","nonfoil",false,false,false,0.08,0.05,0.12,0.03,0,0,"8de79312-2046-425e-9919-49afe19be81b","box","Spiderman"
"Tablet of Discovery","sos","Secrets of Strixhaven","132","uncommon","en",1,"NM","nonfoil",false,false,false,2.01,0.53,2.85,0.63,0,0,"13059664-a940-4a66-8100-0c90b884bab4","box","Foundation"
"Tackle Artist","sos","Secrets of Strixhaven","133","common","en",1,"NM","nonfoil",false,false,false,0.14,0.07,0.13,0.09,0,0,"b87e2474-98c1-4c1a-91ed-340b72d31653","box","Spiderman"
"Thunderdrum Soloist","sos","Secrets of Strixhaven","134","uncommon","en",1,"NM","nonfoil",false,false,false,0.33,0.17,0.36,0.25,0,0,"590d1d95-ed13-4121-899f-f5a2d8a6617a","box","Spiderman"
"Tome Blast","sos","Secrets of Strixhaven","135","common","en",1,"NM","nonfoil",false,false,false,0.11,0.02,0.15,0.07,0,0,"72a3b17d-1e00-48e9-8402-c81bacd595a7","box","Spiderman"
"Zealous Lorecaster","sos","Secrets of Strixhaven","137","common","en",1,"NM","nonfoil",false,false,false,0.06,0.06,0.19,0.05,0,0,"36ab2130-9f21-4d30-873a-aa72d3d15fa8","box","Spiderman"
"Additive Evolution","sos","Secrets of Strixhaven","139","uncommon","en",1,"NM","nonfoil",false,false,false,0.19,0.14,0.25,0.09,0,0,"b44ec684-d558-45eb-bcd6-8119428634c2","box","Spiderman"
"Burrog Barrage","sos","Secrets of Strixhaven","141","common","en",1,"NM","nonfoil",false,false,false,0.15,0.05,0.16,0.03,0,0,"95d5b0a8-2b66-418e-9e5e-ecf7b304c31e","box","Spiderman"
"Comforting Counsel","sos","Secrets of Strixhaven","143","rare","en",1,"NM","nonfoil",false,false,false,0.30,0.19,0.38,0.25,0,0,"5223a04f-6b47-4379-80ce-8489c4a91734","box","Lorwin box"
"Efflorescence","sos","Secrets of Strixhaven","144","common","en",1,"NM","nonfoil",false,false,false,0.12,0.02,0.23,0.07,0,0,"79b9ace7-eceb-4f97-9ee7-d5ee3e0b3515","box","Spiderman"
"Follow the Lumarets","sos","Secrets of Strixhaven","148","common","en",2,"NM","nonfoil",false,false,false,0.15,0.13,0.28,0.12,0,0,"f9488480-2b6c-40bc-a93e-29fb1292a2e4","box","Spiderman"
"Follow the Lumarets","sos","Secrets of Strixhaven","148","common","en",1,"NM","nonfoil",false,false,false,0.15,0.13,0.28,0.12,0,0,"f9488480-2b6c-40bc-a93e-29fb1292a2e4","box","Lorwin box"
"Glorious Decay","sos","Secrets of Strixhaven","150","common","en",1,"NM","nonfoil",false,false,false,0.15,0.10,0.22,0.15,0,0,"a335f396-1004-4fee-842a-a35ff6ba17f2","box","Spiderman"
"Infirmary Healer // Stream of Life","sos","Secrets of Strixhaven","152","uncommon","en",1,"NM","nonfoil",false,false,false,0.19,0.10,0.23,0.06,0,0,"911442e3-3003-4683-a766-e791e9553667","box","Lorwin box"
"Noxious Newt","sos","Secrets of Strixhaven","155","common","en",3,"NM","nonfoil",false,false,false,0.28,0.11,0.32,0.11,0,0,"3a028306-c5d7-4f8f-b6f4-0d103fd47000","box","Lorwin box"
"Noxious Newt","sos","Secrets of Strixhaven","155","common","en",1,"NM","nonfoil",false,false,false,0.28,0.11,0.32,0.11,0,0,"3a028306-c5d7-4f8f-b6f4-0d103fd47000","box","Spiderman"
"Snarl Song","sos","Secrets of Strixhaven","161","uncommon","en",1,"NM","nonfoil",false,false,false,0.11,0.08,0.15,0.09,0,0,"fc4c7fa2-aebb-4636-9afd-f1010c923316","box","Spiderman"
"Vastlands Scavenger // Bind to Life","sos","Secrets of Strixhaven","166","rare","en",1,"NM","nonfoil",false,false,false,0.35,0.33,0.46,0.45,0,0,"476b6a4d-cc05-4e98-8a45-a5c6582ec514","box","Spiderman"
"Wild Hypothesis","sos","Secrets of Strixhaven","167","common","en",2,"NM","nonfoil",false,false,false,0.19,0.07,0.20,0.11,0,0,"04fdfabc-c247-4384-a5bb-f49035f8aae0","box","Spiderman"
"Abigale, Poet Laureate // Heroic Stanza","sos","Secrets of Strixhaven","170","uncommon","en",2,"NM","nonfoil",false,false,false,0.22,0.11,0.28,0.09,0,0,"77285d12-e658-4eb3-ba13-ff202afab9c8","box","Lorwin box"
"Abstract Paintmage","sos","Secrets of Strixhaven","171","uncommon","en",1,"NM","nonfoil",false,false,false,0.27,0.14,0.28,0.14,0,0,"ea008094-d995-4740-9b39-c61049356c55","box","Lorwin box"
"Blech, Loafing Pest","sos","Secrets of Strixhaven","176","rare","en",1,"NM","nonfoil",false,false,false,0.35,0.34,0.52,0.40,0,0,"f588fa50-7cc5-41ba-90df-2d252eb5c785","box","Spiderman"
"Borrowed Knowledge","sos","Secrets of Strixhaven","178","uncommon","en",1,"NM","nonfoil",false,false,false,0.28,0.08,0.31,0.20,0,0,"a3226e14-554d-47c9-b8b6-dfeb53cc41ba","box","Spiderman"
"Colorstorm Stallion","sos","Secrets of Strixhaven","180","rare","en",1,"NM","nonfoil",false,false,false,0.40,0.57,0.51,0.65,0,0,"f5b54d46-2caf-4d1b-8be1-dbd9e9dce058","box","Lorwin box"
"Elemental Mascot","sos","Secrets of Strixhaven","185","common","en",1,"NM","nonfoil",false,false,false,0.11,0.06,0.17,0.06,0,0,"c507eb1c-48e9-4d28-bb2d-71f2a9df9ab0","box","Spiderman"
"Embrace the Paradox","sos","Secrets of Strixhaven","186","common","en",3,"NM","nonfoil",false,false,false,0.21,0.08,0.29,0.14,0,0,"c0cf5e0f-3668-46f2-850d-d91a538e8ead","box","Spiderman"
"Embrace the Paradox","sos","Secrets of Strixhaven","186","common","en",1,"NM","nonfoil",false,false,false,0.21,0.08,0.29,0.14,0,0,"c0cf5e0f-3668-46f2-850d-d91a538e8ead","box","Lorwin box"
"Essenceknit Scholar","sos","Secrets of Strixhaven","187","uncommon","en",1,"NM","nonfoil",false,false,false,0.26,0.13,0.33,0.29,0,0,"2a3cba55-3fae-4d45-ae03-4d662ec13718","box","Spiderman"
"Imperious Inkmage","sos","Secrets of Strixhaven","195","common","en",1,"NM","nonfoil",false,false,false,0.13,0.04,0.16,0.02,0,0,"d5df1c3f-2536-4476-b8cd-34b026c38366","box","Spiderman"
"Kirol, History Buff // Pack a Punch","sos","Secrets of Strixhaven","198","uncommon","en",1,"NM","nonfoil",false,false,false,0.13,0.08,0.24,0.11,0,0,"676ba521-66e4-42cf-a315-70d03cb7334e","box","bulk"
"Lorehold Charm","sos","Secrets of Strixhaven","200","uncommon","en",1,"NM","nonfoil",false,false,false,0.29,0.18,0.38,0.27,0,0,"5fe70295-e550-4577-a341-dab6c25aabfd","box","Spiderman"
"Lorehold Charm","sos","Secrets of Strixhaven","200","uncommon","en",1,"NM","nonfoil",false,false,false,0.29,0.18,0.38,0.27,0,0,"5fe70295-e550-4577-a341-dab6c25aabfd","box","bulk"
"Mind Roots","sos","Secrets of Strixhaven","203","uncommon","en",1,"NM","nonfoil",false,false,false,0.22,0.13,0.26,0.21,0,0,"9d5fdbda-ebbe-45d6-a668-5ddee057a063","box","Spiderman"
"Moment of Reckoning","sos","Secrets of Strixhaven","205","rare","en",1,"NM","nonfoil",false,false,false,0.26,0.17,0.39,0.16,0,0,"577d9dc8-7720-4dc9-b650-64b4729b309b","box","Lorwin box"
"Paradox Surveyor","sos","Secrets of Strixhaven","208","uncommon","en",1,"NM","nonfoil",false,false,false,0.08,0.09,0.16,0.13,0,0,"d7cb1af2-0302-46ff-8303-ae9d07541a01","box","Spiderman"
"Pest Mascot","sos","Secrets of Strixhaven","209","common","en",1,"NM","nonfoil",false,false,false,0.25,0.08,0.31,0.18,0,0,"d882beb9-6766-4818-afbb-f6fd7a2d5b70","box","Lorwin box"
"Prismari, the Inspiration","sos","Secrets of Strixhaven","212","mythic","en",1,"NM","nonfoil",false,false,false,4.58,4.58,5.49,4.78,0,0,"767ff9fa-4e7f-421a-b911-45186b520ae1","box","Spiderman"
"Pterafractyl","sos","Secrets of Strixhaven","215","common","en",1,"NM","nonfoil",false,false,false,0.16,0.06,0.22,0.08,0,0,"ecd33152-e290-4505-addd-a8d08cefdddd","box","Spiderman"
"Rapturous Moment","sos","Secrets of Strixhaven","219","uncommon","en",1,"NM","nonfoil",false,false,false,0.27,0.17,0.35,0.26,0,0,"21afe19d-881a-48cb-863e-22942bea5ebe","box","Spiderman"
"Render Speechless","sos","Secrets of Strixhaven","220","common","en",2,"NM","nonfoil",false,false,false,0.09,0.04,0.13,0.02,0,0,"25bbb1c7-14e8-444f-ab98-e95f50927460","box","Spiderman"
"Resonating Lute","sos","Secrets of Strixhaven","221","rare","en",1,"NM","nonfoil",false,false,false,1.48,2.00,2.07,2.06,0,0,"6ef168d6-28f2-4c24-9bfa-82c35663b729","box","Spiderman"
"Root Manipulation","sos","Secrets of Strixhaven","222","uncommon","en",1,"NM","nonfoil",false,false,false,0.25,0.11,0.28,0.18,0,0,"5390a79c-bc4b-4edb-a845-0d3514986401","box","Spiderman"
"Sanar, Unfinished Genius // Wild Idea","sos","Secrets of Strixhaven","223","uncommon","en",1,"NM","nonfoil",false,false,false,0.26,0.19,0.33,0.16,0,0,"173157aa-712d-44f2-89ba-dd2511a07f26","box","Spiderman"
"Spirit Mascot","sos","Secrets of Strixhaven","230","common","en",1,"NM","nonfoil",false,false,false,0.18,0.12,0.23,0.15,0,0,"123f1fde-d8de-4640-baa1-bb3781713168","box","Spiderman"
"Stress Dream","sos","Secrets of Strixhaven","235","uncommon","en",1,"NM","nonfoil",false,false,false,0.11,0.08,0.21,0.08,0,0,"1ec40a1b-51e7-4a35-966c-ab2a10f21a80","box","Lorwin box"
"Tam, Observant Sequencer // Deep Sight","sos","Secrets of Strixhaven","237","uncommon","fr",1,"NM","nonfoil",false,false,false,2.34,0.14,3.00,0.26,0,0,"","box","Lorwin box"
"Teacher's Pest","sos","Secrets of Strixhaven","238","uncommon","en",1,"NM","nonfoil",false,false,false,0.28,0.15,0.33,0.18,0,0,"eaa358ac-761d-4507-aa15-3d4684027207","box","bulk"
"Witherbloom Charm","sos","Secrets of Strixhaven","244","uncommon","en",1,"NM","nonfoil",false,false,false,0.29,0.32,0.38,0.64,0,0,"254437f7-7a8a-4b11-9cea-e8e7ea23c59e","box","Lorwin box"
"Witherbloom Charm","sos","Secrets of Strixhaven","244","uncommon","en",1,"NM","nonfoil",false,false,false,0.29,0.32,0.38,0.64,0,0,"254437f7-7a8a-4b11-9cea-e8e7ea23c59e","box","bulk"
"Zaffai and the Tempests","sos","Secrets of Strixhaven","246","rare","en",1,"NM","nonfoil",false,false,false,0.22,0.12,0.36,0.18,0,0,"5bdbf507-6fd7-49f6-b437-8f2ce2d0eb0f","box","Lorwin box"
"Biblioplex Tomekeeper","sos","Secrets of Strixhaven","247","common","en",1,"NM","nonfoil",false,false,false,0.08,0.05,0.18,0.13,0,0,"bf2efdd9-d2b4-4bea-a5b9-dbb2eee4dfba","box","Spiderman"
"Diary of Dreams","sos","Secrets of Strixhaven","248","uncommon","en",1,"NM","nonfoil",false,false,false,0.30,0.14,0.28,0.16,0,0,"ee1e0a96-af80-444e-a456-5b256cf60625","box","Spiderman"
"Page, Loose Leaf","sos","Secrets of Strixhaven","250","common","en",1,"NM","nonfoil",false,false,false,0.16,0.16,0.25,0.20,0,0,"8c6fecfd-8241-4cf0-b1eb-19472b99e0ed","box","Lorwin box"
"Potioner's Trove","sos","Secrets of Strixhaven","251","common","en",1,"NM","nonfoil",false,false,false,0.18,0.14,0.24,0.13,0,0,"2123b349-4649-4a15-a8b5-b54414d2b1b7","box","Spiderman"
"Fields of Strife","sos","Secrets of Strixhaven","255","common","en",1,"NM","nonfoil",false,false,false,0.09,0.13,0.19,0.04,0,0,"3dc7a4c3-c356-4fba-bea0-e8788da3eb57","box","Spiderman"
"Fields of Strife","sos","Secrets of Strixhaven","255","common","en",1,"NM","nonfoil",false,false,false,0.09,0.13,0.19,0.04,0,0,"3dc7a4c3-c356-4fba-bea0-e8788da3eb57","box","bulk"
"Forum of Amity","sos","Secrets of Strixhaven","256","common","en",2,"NM","nonfoil",false,false,false,0.13,0.05,0.26,0.05,0,0,"1de6c6cc-0c55-4997-8623-d7f796bd9ab8","box","Spiderman"
"Forum of Amity","sos","Secrets of Strixhaven","256","common","en",1,"NM","nonfoil",false,false,false,0.13,0.05,0.26,0.05,0,0,"1de6c6cc-0c55-4997-8623-d7f796bd9ab8","box","Lorwin box"
"Great Hall of the Biblioplex","sos","Secrets of Strixhaven","257","rare","en",1,"NM","nonfoil",false,false,false,0.67,0.59,0.51,0.46,0,0,"42d92674-2664-411c-b9c5-b04da7c845f4","box","Spiderman"
"Skycoach Waypoint","sos","Secrets of Strixhaven","261","uncommon","en",1,"NM","nonfoil",false,false,false,0.24,0.08,0.31,0.19,0,0,"6747657b-5ce4-4dbd-b924-ca1f7119faf7","box","Spiderman"
"Terramorphic Expanse","sos","Secrets of Strixhaven","265","common","en",2,"NM","nonfoil",false,false,false,0.25,0.08,0.30,0.11,0,0,"9a4c5629-fadd-42b9-850f-9f8586a2ca50","box","Spiderman"
"Terramorphic Expanse","sos","Secrets of Strixhaven","265","common","en",2,"NM","nonfoil",false,false,false,0.25,0.08,0.30,0.11,0,0,"9a4c5629-fadd-42b9-850f-9f8586a2ca50","box","bulk"
"Titan's Grave","sos","Secrets of Strixhaven","266","common","en",1,"NM","nonfoil",false,false,false,0.11,0.06,0.19,0.05,0,0,"a9ab41c8-3ee2-4676-9b8b-20c34d9f5f21","box","bulk"
"Mountain","sos","Secrets of Strixhaven","270","common","en",1,"NM","nonfoil",false,false,false,0.52,0.54,0.72,0.68,0,0,"6af1f1db-eb91-4297-83f6-9318b87fd220","box","Lorwin box"
"Plains","sos","Secrets of Strixhaven","273","common","en",11,"NM","nonfoil",false,false,false,0.14,0.12,0.20,0.18,0,0,"bac08825-ca54-4a9f-bf4f-f75708a1550b","box","bulk"
"Swamp","sos","Secrets of Strixhaven","277","common","en",8,"NM","nonfoil",false,false,false,0.15,0.11,0.21,0.18,0,0,"36af939c-11d9-43a5-bd69-c915a62e972b","box","bulk"
"Mountain","sos","Secrets of Strixhaven","278","common","en",1,"NM","nonfoil",false,false,false,0.16,0.10,0.24,0.15,0,0,"a642c7b1-d4d1-4125-a66d-560438e5ee51","box","Lorwin box"
"Mountain","sos","Secrets of Strixhaven","279","common","en",6,"NM","nonfoil",false,false,false,0.15,0.11,0.31,0.16,0,0,"bce45bc0-accd-4853-a166-9dd5597526d5","box","bulk"
"Forest","sos","Secrets of Strixhaven","281","common","en",8,"NM","nonfoil",false,false,false,0.13,0.12,0.20,0.16,0,0,"3041d539-4f15-4836-a215-afa19a5cc23f","box","bulk"
"Echocasting Symposium","sos","Secrets of Strixhaven","291","mythic","en",1,"NM","nonfoil",false,false,false,5.79,3.30,7.66,4.73,0,0,"72a21e89-5988-4b8b-8e67-a915e74a54e2","box","Spiderman"
"Decorum Dissertation","sos","Secrets of Strixhaven","292","mythic","en",1,"NM","nonfoil",false,false,false,10.21,7.29,16.56,12.42,0,0,"6040e27f-ed10-410c-8ae5-cfcba35c0d4c","box","Spiderman"
"Sundown Pass","sos","Secrets of Strixhaven","305","rare","en",1,"NM","nonfoil",false,false,false,2.51,1.89,3.16,2.19,0,0,"ac70c9ae-5115-46db-9ef8-05c475c88154","box","Lorwin box"
"Flashback","sos","Secrets of Strixhaven","333","rare","en",2,"NM","nonfoil",false,false,false,7.41,7.20,13.23,10.70,0,0,"6b7eb857-6617-4672-85e4-f1f5e661db50","box","Spiderman"
"Applied Geometry","sos","Secrets of Strixhaven","343","rare","en",1,"NM","nonfoil",false,false,false,0.42,0.51,0.49,0.36,0,0,"03b07915-1d88-4f11-ad35-a0cd849de977","box","Lorwin box"
"Hardened Academic","sos","Secrets of Strixhaven","351","rare","en",1,"NM","nonfoil",false,false,false,0.93,0.87,0.87,0.86,0,0,"da72de84-ba2d-4f75-adcd-241d9751c8e4","box","Spiderman"
"Grasping Tentacles","spe","Marvel's Spider-Man Eternal","21","rare","en",1,"NM","foil",false,false,false,0.99,0.83,0.86,0.72,0,0,"83e8c09e-c195-4137-a6c1-45abdcaed10e","box","Spiderman Scene"
"Venom, Deadly Devourer","spe","Marvel's Spider-Man Eternal","22","rare","en",1,"NM","foil",false,false,false,2.22,1.95,2.45,1.93,0,0,"7d2cb243-08a7-47c9-9d71-7748c499ac30","box","Spiderman Scene"
"Green Goblin, Nemesis","spe","Marvel's Spider-Man Eternal","23","rare","en",1,"NM","foil",false,false,false,12.47,6.55,11.30,6.81,0,0,"b2860277-5b9e-444a-81f9-58e23355a722","box","Spiderman Scene"
"Doc Ock, Evil Inventor","spe","Marvel's Spider-Man Eternal","24","rare","en",1,"NM","foil",false,false,false,0.99,0.50,0.46,0.54,0,0,"ad287357-9602-4090-8feb-6f658f2a47b0","box","Spiderman Scene"
"Sensational Spider-Man","spe","Marvel's Spider-Man Eternal","25","rare","en",1,"NM","foil",false,false,false,3.16,1.92,2.74,1.93,0,0,"7a938fa9-cba2-4773-9be9-db1e37aa001f","box","Spiderman Scene"
"Pumpkin Bombs","spe","Marvel's Spider-Man Eternal","26","rare","en",1,"NM","foil",false,false,false,1.89,1.68,1.92,1.89,0,0,"6e9a83b6-2881-4ba3-96d4-0fd89110837d","box","Spiderman Scene"
"Prismatic Vista","spg","Special Guests","38","mythic","en",1,"NM","nonfoil",false,false,false,42.74,42.12,107.05,92.29,0,0,"ebe7ddb9-ac1c-4c42-a7c7-8683c7ba448d","deck","Sad Men Parade - Main"
"Prismatic Vista","spg","Special Guests","38","mythic","en",1,"NM","nonfoil",false,false,false,42.74,42.12,107.05,92.29,0,0,"ebe7ddb9-ac1c-4c42-a7c7-8683c7ba448d","deck","La cosa verde - Main"
"Prismatic Vista","spg","Special Guests","38","mythic","en",2,"NM","nonfoil",false,false,false,42.74,42.12,107.05,92.29,0,0,"ebe7ddb9-ac1c-4c42-a7c7-8683c7ba448d","box","ProXy"
"Embercleave","spg","Special Guests","77","mythic","en",1,"NM","nonfoil",false,false,false,14.56,11.04,31.87,17.93,0,0,"32bee083-859e-407c-99ad-3fb74b1d4233","box","Avatar bundle"
"Burgeoning","spg","Special Guests","126","mythic","en",1,"NM","nonfoil",false,false,false,28.76,22.32,34.71,25.64,0,0,"a53c6a0e-9bbc-4a7b-8059-bc20806823d9","deck","La cosa verde - Main"
"Library of Leng","spg","Special Guests","158","mythic","en",1,"NM","nonfoil",false,false,false,10.13,5.81,15.27,10.12,0,0,"038ea81c-b491-4529-936d-c7afad950174","box","Lorwin box"
"Carnage, Crimson Chaos","spm","Marvel's Spider-Man","227","rare","en",1,"NM","nonfoil",false,false,false,1.99,1.34,2.73,2.33,0,0,"67a7cbe7-cf78-4a3f-86c3-00d5ab93361e","box","Spiderman"
"Wandering Archaic // Explore the Vastlands","stx","Strixhaven: School of Mages","6","rare","en",1,"NM","nonfoil",false,false,false,10.15,8.57,12.49,9.14,0,0,"18a2bdc8-b705-4eb5-b3a5-ff2e2ab8f312","box","ProXy"
"Crackle with Power","stx","Strixhaven: School of Mages","95","mythic","en",1,"NM","nonfoil",false,false,false,7.92,9.48,12.89,10.85,0,0,"de547f52-3798-4b3a-947d-24873251204b","box","ProXy"
"Prismari Command","stx","Strixhaven: School of Mages","214","rare","en",1,"NM","nonfoil",false,false,false,0.45,0.68,0.99,2.18,0,0,"866b7fd4-86e3-4b42-b1ea-33bad0db1f9f","box","ProXy"
"Wheel of Fortune","sum","Summer Magic / Edgar","185","rare","en",1,"NM","nonfoil",false,false,false,52.20,0.02,0,0,0,0,"3f3c77ad-fce8-4506-90e1-7ef71552a71c","deck","Sad Men Parade - Main"
"Mana Vault","sum","Summer Magic / Edgar","263","rare","en",1,"NM","nonfoil",false,false,false,0,0,0,0,0,0,"141a75c4-fd96-4e27-a48f-c2040c1c0e77","box","ProXy"
"Underground Sea","sum","Summer Magic / Edgar","290","rare","en",1,"NM","nonfoil",false,false,false,319.41,280.00,0,0,0,0,"068bb15a-fc2d-42a2-859b-837b946d23c0","box","ProXy"
"Kotis, Sibsig Champion","tdc","Tarkir: Dragonstorm Commander","5","mythic","en",1,"NM","nonfoil",false,false,false,0.49,0.27,0.34,0.45,0,0,"b9ea2e9c-c1c7-4870-877a-023118909f56","box","bulk"
"Teval, the Balanced Scale","tdc","Tarkir: Dragonstorm Commander","8","mythic","en",1,"NM","nonfoil",false,false,false,6.33,5.19,3.41,3.34,0,0,"b5d1955a-9ff0-4f8b-9af8-341371957299","box","bulk"
"Diviner of Mist","tdc","Tarkir: Dragonstorm Commander","20","rare","en",1,"NM","nonfoil",false,false,false,0.29,0.33,0,0,0,0,"c2880977-4e68-4f04-9218-e6ade72238f6","box","bulk"
"Afterlife from the Loam","tdc","Tarkir: Dragonstorm Commander","25","rare","en",1,"NM","nonfoil",false,false,false,0.47,0.84,0,0.90,0,0,"9361b548-a8d9-4e57-98cf-0c464742e1c9","box","bulk"
"Teval's Judgment","tdc","Tarkir: Dragonstorm Commander","28","rare","en",1,"NM","nonfoil",false,false,false,7.08,7.94,0,7.80,0,0,"40ed0cef-8ff6-4169-a9f3-7dd5cf56b79f","box","bulk"
"Welcome the Dead","tdc","Tarkir: Dragonstorm Commander","30","rare","en",1,"NM","nonfoil",false,false,false,0.23,0.34,0,0,0,0,"f472ea5c-191e-4b19-8ea7-f8649af91530","box","bulk"
"Floral Evoker","tdc","Tarkir: Dragonstorm Commander","46","rare","en",1,"NM","nonfoil",false,false,false,0.26,0.26,0,0,0,0,"4452f54b-1b44-4ccf-be99-7d3c2614d89a","box","bulk"
"Steward of the Harvest","tdc","Tarkir: Dragonstorm Commander","48","rare","en",1,"NM","nonfoil",false,false,false,0.27,0.34,0,5.50,0,0,"6e6ddbf5-e282-48ae-ba86-d15589d96e36","box","bulk"
"Will of the Sultai","tdc","Tarkir: Dragonstorm Commander","49","rare","en",1,"NM","nonfoil",false,false,false,1.15,2.11,0,2.16,0,0,"37155f69-1d72-4fcb-80b3-548b7d78f9ec","box","bulk"
"Colossal Grave-Reaver","tdc","Tarkir: Dragonstorm Commander","50","rare","en",1,"NM","nonfoil",false,false,false,9.76,9.57,0,0,0,0,"7c3f7d76-528a-490a-852a-071adcd7bd55","box","bulk"
"Gravecrawler","tdc","Tarkir: Dragonstorm Commander","93","rare","en",1,"NM","nonfoil",false,false,false,1.26,1.07,0,0.40,0,0,"6987d609-ba0f-42bf-9b61-bdfb943c03b5","box","bulk"
"Life from the Loam","tdc","Tarkir: Dragonstorm Commander","96","rare","en",1,"NM","nonfoil",false,false,false,5.18,4.74,0,4.70,0,0,"cdb6432f-3f56-4c92-b09a-2a5b64620c04","box","bulk"
"Casualties of War","tdc","Tarkir: Dragonstorm Commander","98","rare","en",1,"NM","nonfoil",false,false,false,0.26,0.20,0,0,0,0,"cde12c36-f49b-4065-987f-981ca32d536d","box","bulk"
"Arcane Signet","tdc","Tarkir: Dragonstorm Commander","105","uncommon","en",1,"NM","nonfoil",false,false,false,0.41,0.91,0,5.43,0,0,"935644d4-a140-4f24-b8ab-d5e79a682a9b","box","bulk"
"Sol Ring","tdc","Tarkir: Dragonstorm Commander","106","uncommon","en",1,"NM","nonfoil",false,false,false,1.54,1.13,0,0.76,0,0,"7b0ccfd4-f118-4497-9c5a-54cf12000e16","box","bulk"
"Command Tower","tdc","Tarkir: Dragonstorm Commander","107","common","en",1,"NM","nonfoil",false,false,false,0.33,0.32,0,149.00,0,0,"5fc770b6-03ac-45c3-a2ca-bd508096384e","box","bulk"
"Amphin Mutineer","tdc","Tarkir: Dragonstorm Commander","143","rare","en",1,"NM","nonfoil",false,false,false,0.20,0.15,0,0.10,0,0,"967b5ed9-7275-4564-8bf9-2748fea2f387","box","bulk"
"Forbidden Alchemy","tdc","Tarkir: Dragonstorm Commander","152","common","en",1,"NM","nonfoil",false,false,false,0.20,0.13,0,0,0,0,"04def7e3-10e4-4733-8c19-8fa6e4469086","box","bulk"
"Hedron Crab","tdc","Tarkir: Dragonstorm Commander","155","uncommon","en",1,"NM","nonfoil",false,false,false,2.86,2.40,0,0,0,0,"d109b70e-862f-4d8a-8b40-ef6dc904868f","box","bulk"
"River Kelpie","tdc","Tarkir: Dragonstorm Commander","166","rare","en",1,"NM","nonfoil",false,false,false,0.30,0.31,0,0.30,0,0,"7203136a-2556-4489-ae1e-1ff13a488f39","box","bulk"
"Treasure Cruise","tdc","Tarkir: Dragonstorm Commander","169","common","en",1,"NM","nonfoil",false,false,false,0.33,0.18,0,0,0,0,"7816cb88-6607-4c87-a680-4072da69e8e9","box","bulk"
"Wonder","tdc","Tarkir: Dragonstorm Commander","170","uncommon","en",1,"NM","nonfoil",false,false,false,1.52,1.75,0,1.50,0,0,"567abd78-d4a3-4a33-9b5b-b5ca361059cc","box","bulk"
"Dauthi Voidwalker","tdc","Tarkir: Dragonstorm Commander","176","rare","en",1,"NM","nonfoil",false,false,false,5.02,6.35,0,4.50,0,0,"3573b9a2-7911-475c-8ae7-25bd0dbb7159","box","bulk"
"Disciple of Bolas","tdc","Tarkir: Dragonstorm Commander","178","rare","en",1,"NM","nonfoil",false,false,false,0.41,0.43,0,0,0,0,"01ea8333-38a8-4b7b-9f03-c5534df28353","box","bulk"
"Junji, the Midnight Sky","tdc","Tarkir: Dragonstorm Commander","183","mythic","en",1,"NM","nonfoil",false,false,false,0.52,0.73,0,0.50,0,0,"e9ff50c0-915e-4055-a595-3df6be8f1e1b","box","bulk"
"Lethal Scheme","tdc","Tarkir: Dragonstorm Commander","184","rare","en",1,"NM","nonfoil",false,false,false,0.17,0.25,0,0,0,0,"3e449c2b-39a5-48c8-b6a5-60e16306e38a","box","bulk"
"Living Death","tdc","Tarkir: Dragonstorm Commander","185","rare","en",1,"NM","nonfoil",false,false,false,2.22,3.53,0,0,0,0,"4ac29c46-f8ee-42ba-a98c-d785ba65485e","box","bulk"
"Lord of the Forsaken","tdc","Tarkir: Dragonstorm Commander","186","mythic","en",1,"NM","nonfoil",false,false,false,0.29,0.30,0,0.30,0,0,"0f87514c-cb45-443c-8768-891e2213950e","box","bulk"
"Necromantic Selection","tdc","Tarkir: Dragonstorm Commander","189","rare","en",1,"NM","nonfoil",false,false,false,0.30,0.23,0,0.20,0,0,"2002d779-9ea2-432b-8c15-d61995b8adda","box","bulk"
"Necropolis Fiend","tdc","Tarkir: Dragonstorm Commander","190","rare","en",1,"NM","nonfoil",false,false,false,0.13,0.02,0,0.08,0,0,"7de44851-ce9b-4979-afed-87f50e8d99b8","box","bulk"
"Noxious Gearhulk","tdc","Tarkir: Dragonstorm Commander","191","mythic","en",1,"NM","nonfoil",false,false,false,0.37,0.60,0,0,0,0,"289c11b7-a460-4a2f-b11a-e1ba54bd1f34","box","bulk"
"Ob Nixilis, the Fallen","tdc","Tarkir: Dragonstorm Commander","192","mythic","en",1,"NM","nonfoil",false,false,false,1.07,2.26,0,3.50,0,0,"dc9d3ada-9d0d-489a-89b7-08f53f6601e1","box","bulk"
"Phyrexian Reclamation","tdc","Tarkir: Dragonstorm Commander","194","uncommon","en",1,"NM","nonfoil",false,false,false,2.55,2.18,0,0,0,0,"10c09b68-1d92-42da-8d4d-0d60453a6aa7","box","bulk"
"Reassembling Skeleton","tdc","Tarkir: Dragonstorm Commander","195","uncommon","en",1,"NM","nonfoil",false,false,false,0.27,0.16,0,0,0,0,"4d431445-d7db-4ce1-b422-41494d9be1b4","box","bulk"
"Stitcher's Supplier","tdc","Tarkir: Dragonstorm Commander","196","uncommon","en",1,"NM","nonfoil",false,false,false,0.27,0.44,0,0,0,0,"2edcde06-b326-476e-884d-770187c785fe","box","bulk"
"Tasigur, the Golden Fang","tdc","Tarkir: Dragonstorm Commander","197","rare","en",1,"NM","nonfoil",false,false,false,0.25,0.19,0,0,0,0,"175ad810-3cdd-43c7-99a9-8a2e8ad6dbae","box","bulk"
"Victimize","tdc","Tarkir: Dragonstorm Commander","198","uncommon","en",1,"NM","nonfoil",false,false,false,2.47,0.74,0,0,0,0,"ee008d81-df28-49a8-917d-44f66527e469","box","bulk"
"Woe Strider","tdc","Tarkir: Dragonstorm Commander","201","rare","en",1,"NM","nonfoil",false,false,false,0.30,0.19,0,0,0,0,"73b60c73-bae4-4a5c-819a-b5f2ffab45ce","box","bulk"
"Avenger of Zendikar","tdc","Tarkir: Dragonstorm Commander","247","mythic","en",1,"NM","nonfoil",false,false,false,0.47,0.54,0,0.70,0,0,"047e6ce0-b38b-467e-8bc5-102c71054bae","box","bulk"
"Conduit of Worlds","tdc","Tarkir: Dragonstorm Commander","251","rare","en",1,"NM","nonfoil",false,false,false,4.31,3.73,0,2.45,0,0,"3930cca5-f10c-48eb-8ec8-2df521f5dfe9","box","bulk"
"Conduit of Worlds","tdc","Tarkir: Dragonstorm Commander","251","rare","en",1,"NM","nonfoil",false,false,false,4.31,3.73,0,2.45,0,0,"3930cca5-f10c-48eb-8ec8-2df521f5dfe9","box","Spiderman"
"Crawling Sensation","tdc","Tarkir: Dragonstorm Commander","252","uncommon","en",1,"NM","nonfoil",false,false,false,0.24,0.14,0,0,0,0,"6d60bde4-5418-483f-9a75-17cf61927749","box","bulk"
"Cultivate","tdc","Tarkir: Dragonstorm Commander","253","common","en",1,"NM","nonfoil",false,false,false,0.41,0.60,0,0,0,0,"6bb4dff5-4486-4ba5-9b85-9f005d988108","box","bulk"
"Farseek","tdc","Tarkir: Dragonstorm Commander","255","common","en",1,"NM","nonfoil",false,false,false,0.70,0.86,0,0,0,0,"9cc7c928-2e45-4653-883d-d13166ccb0df","box","bulk"
"Grapple with the Past","tdc","Tarkir: Dragonstorm Commander","257","common","en",1,"NM","nonfoil",false,false,false,0.27,0.13,0,0.02,0,0,"76c25c9a-245b-41c7-a75d-8061eb231389","box","bulk"
"Harrow","tdc","Tarkir: Dragonstorm Commander","258","common","en",1,"NM","nonfoil",false,false,false,0.33,0.27,0,0,0,0,"64f86c4f-67d8-44d1-a6aa-b94601e7cefe","box","bulk"
"Multani, Yavimaya's Avatar","tdc","Tarkir: Dragonstorm Commander","263","mythic","en",1,"NM","nonfoil",false,false,false,0.30,0.29,0,0,0,0,"f7377855-1944-4736-9248-2b9b40d6bf03","box","bulk"
"Rampant Growth","tdc","Tarkir: Dragonstorm Commander","265","common","en",1,"NM","nonfoil",false,false,false,0.41,0.46,0,0,0,0,"b7c47024-5e08-4b17-b41a-7647f8b814b9","box","bulk"
"Sakura-Tribe Elder","tdc","Tarkir: Dragonstorm Commander","266","common","en",1,"NM","nonfoil",false,false,false,0.30,0.48,0,0,0,0,"d619aece-7eab-40f3-8f41-970065f0dc73","box","bulk"
"Satyr Wayfinder","tdc","Tarkir: Dragonstorm Commander","267","common","en",1,"NM","nonfoil",false,false,false,0.29,0.15,0,0,0,0,"0973a109-811a-4c78-9404-19a26f4b40c7","box","bulk"
"Shigeki, Jukai Visionary","tdc","Tarkir: Dragonstorm Commander","270","rare","en",1,"NM","nonfoil",false,false,false,0.28,0.28,0,0,0,0,"ed8ea0da-c9d4-4158-aaa7-ebe2fe2b1e15","box","bulk"
"Springbloom Druid","tdc","Tarkir: Dragonstorm Commander","271","common","en",1,"NM","nonfoil",false,false,false,0.25,0.17,0,0,0,0,"60a211bb-0935-4815-a705-f4674a468bf5","box","bulk"
"Tear Asunder","tdc","Tarkir: Dragonstorm Commander","273","uncommon","en",1,"NM","nonfoil",false,false,false,0.31,0.32,0,0,0,0,"ebaf248b-37ff-4c28-9c47-ac7434d80e6e","box","bulk"
"Timeless Witness","tdc","Tarkir: Dragonstorm Commander","274","uncommon","en",1,"NM","nonfoil",false,false,false,0.32,0.30,0,0,0,0,"8b63ec86-670b-4acd-b14c-3d90acbde087","box","bulk"
"Consuming Aberration","tdc","Tarkir: Dragonstorm Commander","283","rare","en",1,"NM","nonfoil",false,false,false,0.26,0.22,0,0.10,0,0,"497fba45-201d-4688-b420-d093beb4e8f4","box","bulk"
"Grisly Salvage","tdc","Tarkir: Dragonstorm Commander","290","common","en",1,"NM","nonfoil",false,false,false,0.32,0.16,0,0,0,0,"12a90f7a-28df-4017-b221-0e9234ff74a7","box","bulk"
"Jarad, Golgari Lich Lord","tdc","Tarkir: Dragonstorm Commander","293","mythic","en",1,"NM","nonfoil",false,false,false,1.22,1.51,0,0,0,0,"6870b355-e53d-4fa2-887b-0f0445bcd9c5","box","bulk"
"Lord of Extinction","tdc","Tarkir: Dragonstorm Commander","295","mythic","en",1,"NM","nonfoil",false,false,false,0.42,0.65,0,0,0,0,"4aaf4d64-b5ef-44ae-b25a-7a5ea8f72170","box","bulk"
"Meren of Clan Nel Toth","tdc","Tarkir: Dragonstorm Commander","297","mythic","en",1,"NM","nonfoil",false,false,false,0.81,2.33,0,0,0,0,"508b1442-bf2c-4ad6-9bcf-bd894e081ab6","box","bulk"
"Nyx Weaver","tdc","Tarkir: Dragonstorm Commander","298","uncommon","en",1,"NM","nonfoil",false,false,false,0.27,0.21,0,0,0,0,"26c4c471-f79f-4ca4-acc7-852cdc14e726","box","bulk"
"Putrefy","tdc","Tarkir: Dragonstorm Commander","300","uncommon","en",1,"NM","nonfoil",false,false,false,0.32,0.17,0,0,0,0,"3759f873-e5a1-46ab-8a60-e907d3c633de","box","bulk"
"Skull Prophet","tdc","Tarkir: Dragonstorm Commander","304","uncommon","en",1,"NM","nonfoil",false,false,false,0.44,0.89,0,0,0,0,"ea53e2c9-0a3f-4fda-a6ab-9a558bb8f126","box","bulk"
"Millikin","tdc","Tarkir: Dragonstorm Commander","321","uncommon","en",1,"NM","nonfoil",false,false,false,0.31,0.12,0,0,0,0,"594049e6-1d91-4adb-bf9f-8a5cc620a69d","box","bulk"
"Cephalid Coliseum","tdc","Tarkir: Dragonstorm Commander","349","uncommon","en",1,"NM","nonfoil",false,false,false,0.25,0.23,0,0,0,0,"03b9c9ed-fb6f-4f8d-bb1d-7999dec4245c","box","bulk"
"Command Beacon","tdc","Tarkir: Dragonstorm Commander","352","rare","en",1,"NM","nonfoil",false,false,false,7.23,6.79,0,0,0,0,"435e9678-9ff3-4e5d-8061-3f806e1c2ed2","box","bulk"
"Command Beacon","tdc","Tarkir: Dragonstorm Commander","352","rare","en",1,"NM","nonfoil",false,false,false,7.23,6.79,0,0,0,0,"435e9678-9ff3-4e5d-8061-3f806e1c2ed2","deck","Sad Men Parade - Main"
"Contaminated Aquifer","tdc","Tarkir: Dragonstorm Commander","353","common","en",1,"NM","nonfoil",false,false,false,0.35,0.43,0,0,0,0,"9fad6994-1280-4a8e-a2f5-34b4ed6ef6f5","box","bulk"
"Crypt of Agadeem","tdc","Tarkir: Dragonstorm Commander","354","rare","en",1,"NM","nonfoil",false,false,false,2.38,2.82,0,0,0,0,"18adafe6-de67-4101-8b39-b53ab695ec4a","box","bulk"
"Darkwater Catacombs","tdc","Tarkir: Dragonstorm Commander","355","rare","en",1,"NM","nonfoil",false,false,false,0.31,0.23,0,0.20,0,0,"03fbf51d-f622-4629-a228-a03ce7caf500","box","bulk"
"Dreamroot Cascade","tdc","Tarkir: Dragonstorm Commander","358","rare","en",1,"NM","nonfoil",false,false,false,0.89,1.18,0,2.00,0,0,"4852abd7-98fa-4f5c-936d-b1355e7b0978","box","bulk"
"Drownyard Temple","tdc","Tarkir: Dragonstorm Commander","359","rare","en",1,"NM","nonfoil",false,false,false,0.30,0.18,0,0.15,0,0,"dbc8512a-9f6c-40d4-8049-14505e260746","box","bulk"
"Exotic Orchard","tdc","Tarkir: Dragonstorm Commander","360","rare","en",1,"NM","nonfoil",false,false,false,0.26,0.24,0,0.10,0,0,"c2ea2395-4518-4683-8eed-59c43fb3328a","box","bulk"
"Fetid Pools","tdc","Tarkir: Dragonstorm Commander","363","rare","en",1,"NM","nonfoil",false,false,false,0.27,0.23,0,0,0,0,"d036dfb9-7da2-4375-83ee-b01eb95b64e6","box","bulk"
"Foreboding Landscape","tdc","Tarkir: Dragonstorm Commander","365","common","en",1,"NM","nonfoil",false,false,false,0.18,0.19,0,0,0,0,"cf53f97c-dd4c-44bd-93ba-faa6d64c985a","box","bulk"
"Golgari Rot Farm","tdc","Tarkir: Dragonstorm Commander","368","uncommon","en",1,"NM","nonfoil",false,false,false,0.31,0.19,0,0,0,0,"acc5821d-e31f-4f5d-b4d0-e471db7dee7f","box","bulk"
"Haunted Mire","tdc","Tarkir: Dragonstorm Commander","369","common","en",1,"NM","nonfoil",false,false,false,0.30,0.37,0,0.50,0,0,"402ff237-6581-47d5-a3f5-a7bdae505b41","box","bulk"
"Hinterland Harbor","tdc","Tarkir: Dragonstorm Commander","371","rare","en",1,"NM","nonfoil",false,false,false,0.31,0.39,0,0,0,0,"3eb512f5-9782-4c49-9b6e-4e967e42408b","box","bulk"
"Llanowar Wastes","tdc","Tarkir: Dragonstorm Commander","376","rare","en",1,"NM","nonfoil",false,false,false,0.97,1.15,0,0,0,0,"9cb4ae53-8a0d-4eaf-900a-1ee6ec20a5df","box","bulk"
"Memorial to Folly","tdc","Tarkir: Dragonstorm Commander","377","uncommon","en",1,"NM","nonfoil",false,false,false,0.27,0.14,0,0,0,0,"2c5c070e-91d3-4613-8a46-0323ee425027","box","bulk"
"Myriad Landscape","tdc","Tarkir: Dragonstorm Commander","380","uncommon","en",1,"NM","nonfoil",false,false,false,0.28,0.25,0,0,0,0,"db073781-2610-4b3d-baa9-c1931893fe15","box","bulk"
"Sunken Hollow","tdc","Tarkir: Dragonstorm Commander","398","rare","en",1,"NM","nonfoil",false,false,false,0.34,0.43,0,0,0,0,"44f3e367-0dff-4cdb-b23a-52aa57fee946","box","bulk"
"Temple of Malady","tdc","Tarkir: Dragonstorm Commander","403","rare","en",1,"NM","nonfoil",false,false,false,0.27,0.12,0,0.15,0,0,"e60eb891-c06b-4a98-be3c-73e244405b45","box","bulk"
"Terramorphic Expanse","tdc","Tarkir: Dragonstorm Commander","408","common","en",1,"NM","nonfoil",false,false,false,0.36,0.12,0,0,0,0,"9ff6e014-4811-44df-a7f8-a667a4a01f4f","box","bulk"
"Woodland Cemetery","tdc","Tarkir: Dragonstorm Commander","412","rare","en",1,"NM","nonfoil",false,false,false,0.48,0.77,0,2.25,0,0,"49fd1af7-b53c-4347-a912-7493aa6e55c3","box","bulk"
"Essence Anchor","tdm","Tarkir: Dragonstorm","44","uncommon","en",1,"NM","nonfoil",false,false,false,0.18,0.07,0.33,0.24,0,0,"e91c4509-918e-44ba-aa13-1991199fee9f","box","bulk"
"Stormshriek Feral // Flush Out","tdm","Tarkir: Dragonstorm","124","common","en",2,"NM","nonfoil",false,false,false,0.21,0.09,0.27,0.17,0,0,"0ec92c44-7cf0-48a5-a3ca-bc633496d887","box","Ff chchobo bundle"
"Kishla Skimmer","tdm","Tarkir: Dragonstorm","201","uncommon","en",1,"NM","nonfoil",false,false,false,0.23,0.15,0.32,0.24,0,0,"b5f1acb0-d73e-4814-8158-3645daf5c4cc","box","bulk"
"Blossoming Sands","tdm","Tarkir: Dragonstorm","251","common","en",3,"NM","nonfoil",false,false,false,0.26,0.09,0.28,0.07,0,0,"0a9df994-e0f4-4919-af99-4f643eb9199c","box","Foundation"
"Blossoming Sands","tdm","Tarkir: Dragonstorm","251","common","en",1,"NM","nonfoil",false,false,false,0.26,0.09,0.28,0.07,0,0,"0a9df994-e0f4-4919-af99-4f643eb9199c","box","Spiderman"
"Opulent Palace","tdm","Tarkir: Dragonstorm","264","uncommon","en",1,"NM","nonfoil",false,false,false,0.44,0.22,0.39,0.35,0,0,"21cb3b3b-0738-4c2e-a3fc-927fd6b9d3fb","box","bulk"
"Island","tdm","Tarkir: Dragonstorm","279","common","en",4,"NM","nonfoil",false,false,false,0.22,0.17,0.23,0.21,0,0,"1ff6acc9-581c-468f-894d-41f725da7f33","box","bulk"
"Swamp","tdm","Tarkir: Dragonstorm","281","common","en",5,"NM","nonfoil",false,false,false,0.21,0.13,0.35,0.22,0,0,"f0bfdb9e-318f-4acd-9fbd-41b98a8875d6","box","bulk"
"Forest","tdm","Tarkir: Dragonstorm","285","common","en",6,"NM","nonfoil",false,false,false,0.18,0.17,0.26,0.22,0,0,"8100bceb-ffba-487a-bb45-4fe2a156a8dc","box","bulk"
"Runescale Stormbrood // Chilling Screech","tdm","Tarkir: Dragonstorm","316","uncommon","en",1,"NM","nonfoil",false,false,false,0.24,0.28,0.30,0.31,0,0,"72e8f916-5a01-4918-bcb5-7fd69fe32785","box","Spiderman"
"Voice of Victory","tdm","Tarkir: Dragonstorm","331","rare","en",1,"NM","nonfoil",false,false,false,21.35,21.34,32.91,32.34,0,0,"73f24785-c7b3-46ab-833e-666af3d86c63","box","ProXy"
"Warden of the Grove","tdm","Tarkir: Dragonstorm","351","rare","en",1,"NM","nonfoil",false,false,false,3.24,1.42,5.35,3.18,0,0,"2e3d7969-5dcb-434d-8a8b-fb16da288bc4","box","Spiderman"
"Elspeth, Storm Slayer","tdm","Tarkir: Dragonstorm","411","mythic","en",1,"NM","foil",false,false,false,31.93,82.00,295.15,180.03,0,0,"89b98fd0-e2e5-4533-af2b-5230af2c88bd","box","ProXy"
"Elf","tecl","Lorwyn Eclipsed Tokens","4","common","en",1,"NM","nonfoil",false,false,false,0.35,0.31,0.49,0.43,0,0,"39b36f22-21f9-44fe-8a49-bdc859503342","box","Lorwin box"
"Kithkin","tecl","Lorwyn Eclipsed Tokens","7","common","en",2,"NM","nonfoil",false,false,false,0.35,0.31,0.49,0.43,0,0,"2ed11e1b-2289-48d2-8d96-ee7e590ecfd4","box","Lorwin box"
"Merfolk","tecl","Lorwyn Eclipsed Tokens","8","common","en",2,"NM","nonfoil",false,false,false,0.35,0.31,0.49,0.43,0,0,"4c5ad4e1-b489-4023-88ab-1200c5f26ffc","box","Lorwin box"
"Swamp","thb","Theros Beyond Death","282","common","en",1,"NM","nonfoil",false,false,false,0.14,0.08,0.19,0.14,0,0,"66bb5192-58bc-4efe-a145-2e804fd3483d","box","Ff gift box"
"Temple of Deceit","thb","Theros Beyond Death","348","rare","en",1,"NM","nonfoil",false,false,false,1.24,1.91,5.77,2.64,0,0,"80c6be18-356e-4e8b-899c-4a82f5d41a41","box","Foundation"
"Nykthos, Shrine to Nyx","ths","Theros","223","rare","en",1,"NM","nonfoil",false,false,false,52.55,35.93,138.02,72.41,0,0,"834b27a0-dfd7-4f96-8cde-cacac4b24acc","deck","Sad Men Parade - Main"
"Fated Firepower","tla","Avatar: The Last Airbender","132","mythic","en",1,"NM","nonfoil",false,false,false,4.41,5.55,6.12,6.63,0,0,"51352127-1f86-42e9-b4ca-2fd58b14e86b","deck","Sad Men Parade - Main"
"Firebending Student","tla","Avatar: The Last Airbender","139","rare","en",1,"NM","nonfoil",false,false,false,0.58,0.49,0.64,0.60,0,0,"3b366f59-16fe-43cb-888d-1f93ef8fd332","box","ProXy"
"Zuko, Exiled Prince","tla","Avatar: The Last Airbender","163","uncommon","en",1,"NM","nonfoil",false,false,false,0.25,0.10,0.31,0.29,0,0,"6a73b372-9c0e-4a85-89d2-440163330687","box","ProXy"
"Shared Roots","tla","Avatar: The Last Airbender","196","uncommon","en",1,"NM","nonfoil",false,false,false,0.39,0.73,0.69,1.29,0,0,"e7847ba5-e85e-417f-96c0-aef2e6f83994","deck","La cosa verde - Main"
"White Lotus Tile","tla","Avatar: The Last Airbender","262","mythic","en",1,"NM","nonfoil",false,false,false,3.87,4.06,4.44,4.76,0,0,"1d70f9ec-fdc1-4219-b89b-c030d712c1fc","deck","La cosa verde - Main"
"Forest","tla","Avatar: The Last Airbender","291","common","en",3,"NM","nonfoil",false,false,false,0.34,0.30,0.41,0.39,0,0,"05683891-cdd4-4401-b7d5-0ef17e79c699","deck","La cosa verde - Main"
"Earthbender Ascension","tla","Avatar: The Last Airbender","307","rare","en",1,"NM","nonfoil",false,false,false,3.94,2.82,4.16,3.75,0,0,"826b4f26-419a-4d74-8c70-275555092095","box","Spiderman"
"Fire Lord Azula","tla","Avatar: The Last Airbender","334","rare","en",1,"NM","nonfoil",false,false,false,8.55,6.33,12.87,10.10,0,0,"1ea7248c-e4b3-4776-8e6a-cba06da2d6cc","box","ProXy"
"Redirect Lightning","tla","Avatar: The Last Airbender","343","rare","en",1,"NM","nonfoil",false,false,false,16.56,11.39,24.12,17.34,0,0,"2c1c0fb2-cb74-46a1-9ce4-5274feab1146","box","ProXy"
"Redirect Lightning","tla","Avatar: The Last Airbender","343","rare","en",1,"NM","nonfoil",false,false,false,16.56,11.39,24.12,17.34,0,0,"2c1c0fb2-cb74-46a1-9ce4-5274feab1146","deck","Sad Men Parade - Main"
"The Great Henge","tle","Avatar: The Last Airbender Eternal","41","mythic","en",1,"NM","nonfoil",false,false,false,57.80,47.60,73.63,50.74,0,0,"5e861bb6-0841-4a84-9d65-1d45ea87e90d","box","ProXy"
"The Great Henge","tle","Avatar: The Last Airbender Eternal","41","mythic","en",1,"NM","nonfoil",false,false,false,57.80,47.60,73.63,50.74,0,0,"5e861bb6-0841-4a84-9d65-1d45ea87e90d","maybeboard","La cosa verde - Maybeboard"
"Avatar Roku, Firebender","tle","Avatar: The Last Airbender Eternal","112","mythic","en",1,"NM","nonfoil",false,false,false,10.11,18.76,16.09,19.03,0,0,"b1fced2b-eba2-4e70-8f1c-6d3c973b6a8d","box","ProXy"
"Zuko, Firebending Master","tle","Avatar: The Last Airbender Eternal","127","mythic","en",1,"NM","nonfoil",false,false,false,10.64,15.35,13.34,15.51,0,0,"496a4fa5-b3e5-4020-b432-6d353095aa33","box","ProXy"
"Tectonic Split","tle","Avatar: The Last Airbender Eternal","144","rare","en",1,"NM","nonfoil",false,false,false,2.40,3.74,3.07,3.19,0,0,"704b3385-bd73-4479-9579-4d9e38711529","box","Spiderman"
"Avatar Kyoshi, Earthbender","tle","Avatar: The Last Airbender Eternal","201","mythic","en",1,"NM","nonfoil",false,false,false,24.56,16.65,23.44,17.15,0,0,"30c055b8-a332-4c4b-86e3-86b8bf085e29","box","Spiderman"
"Leonardo, the Balance","tmc","Teenage Mutant Ninja Turtles Eternal","1","mythic","en",1,"NM","nonfoil",false,false,false,2.74,0.78,0.78,0.62,0,0,"72e637db-7112-406f-809b-0eda248488b5","box","bulk"
"Donatello, the Brains","tmc","Teenage Mutant Ninja Turtles Eternal","2","mythic","en",1,"NM","nonfoil",false,false,false,1.64,0.72,0.67,0.51,0,0,"774716f4-d211-497a-be91-69cd700edbf2","box","bulk"
"Splinter, the Mentor","tmc","Teenage Mutant Ninja Turtles Eternal","3","mythic","en",1,"NM","nonfoil",false,false,false,2.28,0.86,0.66,0.63,0,0,"06c595fa-55ff-46f3-afaf-17edae465864","box","bulk"
"Raphael, the Muscle","tmc","Teenage Mutant Ninja Turtles Eternal","4","mythic","en",1,"NM","nonfoil",false,false,false,1.66,0.93,0.69,0.54,0,0,"bccdd54c-e64b-44d2-87b3-e80029672529","box","bulk"
"Michelangelo, the Heart","tmc","Teenage Mutant Ninja Turtles Eternal","5","mythic","en",1,"NM","nonfoil",false,false,false,4.33,1.56,1.12,0.92,0,0,"bac2d744-db65-4b56-8634-c87fd00c090e","deck","Disturbi alimentari - Main"
"Heroes in a Half Shell","tmc","Teenage Mutant Ninja Turtles Eternal","6","mythic","en",1,"NM","nonfoil",false,false,false,2.48,0.88,0.87,0.63,0,0,"ccc2a4e6-f505-4040-9d8a-c7b8e1a2b55e","box","bulk"
"Continue?","tmc","Teenage Mutant Ninja Turtles Eternal","7","rare","en",1,"NM","nonfoil",false,false,false,2.49,3.09,7.00,24.00,0,0,"2c99c472-8820-43d8-9dfa-508dc3d07478","box","bulk"
"Endless Foot Assault","tmc","Teenage Mutant Ninja Turtles Eternal","8","rare","en",1,"NM","nonfoil",false,false,false,2.57,2.79,20.00,13.66,0,0,"387f6f60-69da-4965-9ab9-57bdb763a013","box","bulk"
"April O'Neil, Live on the Scene","tmc","Teenage Mutant Ninja Turtles Eternal","9","mythic","en",1,"NM","nonfoil",false,false,false,0.25,0.22,22.99,0.47,0,0,"7265ab42-5434-4127-acd6-8905ab63d62d","box","bulk"
"Baxter, Fly in the Ointment","tmc","Teenage Mutant Ninja Turtles Eternal","10","rare","en",1,"NM","nonfoil",false,false,false,0.32,0.20,7.99,1.73,0,0,"f5ee290f-03cd-48a8-ba6e-d934cb3f4ff4","box","bulk"
"Here Comes a New Hero!","tmc","Teenage Mutant Ninja Turtles Eternal","11","rare","en",1,"NM","nonfoil",false,false,false,0.34,0.33,6.99,2.16,0,0,"096a07e2-c213-4f8a-852f-813435bf1655","box","bulk"
"Irma, Part-Time Mutant","tmc","Teenage Mutant Ninja Turtles Eternal","12","rare","en",1,"NM","nonfoil",false,false,false,5.20,4.33,12.69,26.24,0,0,"c3128529-4ccd-4809-8388-03f7faa0eabe","box","bulk"
"Krang, the All-Powerful","tmc","Teenage Mutant Ninja Turtles Eternal","13","rare","en",1,"NM","nonfoil",false,false,false,0.42,0.59,6.99,0.68,0,0,"08a0ca58-e29e-477e-9377-f8b00e4b28a0","box","bulk"
"Ray Fillet, Wave Warrior","tmc","Teenage Mutant Ninja Turtles Eternal","14","rare","en",1,"NM","nonfoil",false,false,false,0.34,0.40,24.99,2.56,0,0,"796c1b1c-c701-4c7e-922b-0964f04e03a6","box","bulk"
"Bebop, Skull & Crossbones","tmc","Teenage Mutant Ninja Turtles Eternal","15","rare","en",1,"NM","nonfoil",false,false,false,0.30,0.18,3.99,1.52,0,0,"af2a1494-9c0d-4590-999b-2c52725dc5d0","box","bulk"
"Dimension X Pizzasaur","tmc","Teenage Mutant Ninja Turtles Eternal","16","rare","en",1,"NM","nonfoil",false,false,false,0.32,0.18,13.49,2.73,0,0,"fe4ab58f-3fb5-45fa-8ea1-794efa6f7da9","box","bulk"
"Foot Chopper","tmc","Teenage Mutant Ninja Turtles Eternal","17","rare","en",1,"NM","nonfoil",false,false,false,0.30,0.17,3.99,1.51,0,0,"f43fa5c7-51e6-4824-95f8-837ccc77a6ce","box","bulk"
"Game Over","tmc","Teenage Mutant Ninja Turtles Eternal","18","rare","en",1,"NM","nonfoil",false,false,false,0.36,0.39,6.99,3.08,0,0,"f1eb50a6-07e2-41de-b948-8075bba197ee","box","bulk"
"Rat King, Pale Piper","tmc","Teenage Mutant Ninja Turtles Eternal","19","rare","en",1,"NM","nonfoil",false,false,false,0.41,0.35,2.00,3.63,0,0,"9b215ce4-a085-4627-99b1-f4f1344ad41b","box","bulk"
"Shredder, Shadow Master","tmc","Teenage Mutant Ninja Turtles Eternal","20","rare","en",1,"NM","nonfoil",false,false,false,0.73,0.81,2.00,5.29,0,0,"ddf4d3c9-bef9-4796-91ef-3d5beebae571","box","bulk"
"Swift Demise","tmc","Teenage Mutant Ninja Turtles Eternal","21","rare","en",1,"NM","nonfoil",false,false,false,0.25,0.30,0.96,0.84,0,0,"442feb65-9c0f-4962-8518-78e6d314c916","box","bulk"
"Casey Jones, Back Alley Brute","tmc","Teenage Mutant Ninja Turtles Eternal","22","rare","en",1,"NM","nonfoil",false,false,false,0.36,0.31,14.99,1.83,0,0,"416d888d-2699-49bd-830b-bf5bda25c91f","box","bulk"
"Electric Seaweed","tmc","Teenage Mutant Ninja Turtles Eternal","23","rare","en",1,"NM","nonfoil",false,false,false,0.22,0.11,2.99,0.25,0,0,"1ead9586-2b40-498e-90d3-c8a3aa81ef92","box","bulk"
"Fast Forward","tmc","Teenage Mutant Ninja Turtles Eternal","24","rare","en",1,"NM","nonfoil",false,false,false,0.37,0.26,1.00,1.16,0,0,"fe07512e-46c1-4f45-a06f-5875acaf8928","box","bulk"
"Shellshock","tmc","Teenage Mutant Ninja Turtles Eternal","25","rare","en",1,"NM","nonfoil",false,false,false,0.26,0.23,4.99,4.37,0,0,"7d180bb8-6a33-4c55-b4c0-2abbf6595d7b","box","bulk"
"Special Move","tmc","Teenage Mutant Ninja Turtles Eternal","26","rare","en",1,"NM","nonfoil",false,false,false,0.25,0.12,4.99,0.83,0,0,"600e2c3f-dfbd-4d5c-813a-47ae2d75ac12","box","bulk"
"Tempestra, Dame of Games","tmc","Teenage Mutant Ninja Turtles Eternal","27","rare","en",1,"NM","nonfoil",false,false,false,0.30,0.24,5.99,1.29,0,0,"4ccb74c9-046a-4d6b-b8c2-641e2a238d52","box","bulk"
"Tokka & Rahzar, Unsupervised","tmc","Teenage Mutant Ninja Turtles Eternal","28","rare","en",1,"NM","nonfoil",false,false,false,0.32,0.28,25.00,2.14,0,0,"8bc5a0ac-5979-43ce-8a65-98c5f09f4aa6","box","bulk"
"High Score","tmc","Teenage Mutant Ninja Turtles Eternal","29","rare","en",1,"NM","nonfoil",false,false,false,1.21,0.99,2.00,5.40,0,0,"b9077ef5-d19a-4106-950b-bb49b3b37510","box","bulk"
"Leatherhead, Iron Gator","tmc","Teenage Mutant Ninja Turtles Eternal","30","rare","en",1,"NM","nonfoil",false,false,false,0.35,0.23,5.99,0.70,0,0,"c0cacd61-bdce-46c6-ac7f-b084987d9aec","box","bulk"
"Level Up","tmc","Teenage Mutant Ninja Turtles Eternal","31","rare","en",1,"NM","nonfoil",false,false,false,2.36,1.05,5.00,0.02,0,0,"d4398907-17d2-4fad-bfa9-56925fb75834","box","bulk"
"Ninja Pizza","tmc","Teenage Mutant Ninja Turtles Eternal","32","rare","en",1,"NM","nonfoil",false,false,false,3.00,2.72,13.20,18.68,0,0,"74c24ff9-d3d2-4ffb-bf8b-dba803481a99","deck","Disturbi alimentari - Main"
"Rocksteady, Mutant Marauder","tmc","Teenage Mutant Ninja Turtles Eternal","33","rare","en",1,"NM","nonfoil",false,false,false,0.31,0.21,5.99,1.37,0,0,"ae25d91f-5489-4cd8-8634-42bcd32d4cf1","box","bulk"
"Super Combo","tmc","Teenage Mutant Ninja Turtles Eternal","34","rare","en",1,"NM","nonfoil",false,false,false,0.32,0.24,4.49,6.00,0,0,"52bed0d4-3bcf-4770-b9c9-2a1d0666d220","box","bulk"
"Double Jump // Flying Kick","tmc","Teenage Mutant Ninja Turtles Eternal","35","rare","en",1,"NM","nonfoil",false,false,false,0.23,0.16,4.49,0.02,0,0,"c0b94a92-48d5-4d08-a8fa-6f3a992db941","box","bulk"
"Arcade Cabinet","tmc","Teenage Mutant Ninja Turtles Eternal","36","rare","en",1,"NM","nonfoil",false,false,false,0.45,0.43,6.00,1.96,0,0,"b2fd1df8-cc67-4209-af9d-5cf18c68cca9","box","bulk"
"Big Mother Mouser","tmc","Teenage Mutant Ninja Turtles Eternal","37","rare","en",1,"NM","nonfoil",false,false,false,1.41,0.69,17.99,2.00,0,0,"c9ae6898-6b5a-43bd-8c84-4d8add285f7d","box","bulk"
"Coin of Mastery","tmc","Teenage Mutant Ninja Turtles Eternal","38","rare","en",1,"NM","nonfoil",false,false,false,1.57,1.07,2.53,1.31,0,0,"ca053574-2ac9-4814-955d-87a97e0aca7e","box","bulk"
"Exploding Barrel","tmc","Teenage Mutant Ninja Turtles Eternal","39","rare","en",1,"NM","nonfoil",false,false,false,0.33,0.20,4.49,0.02,0,0,"dee26c1c-f890-46ca-81bb-2bd63fa691c9","box","bulk"
"Mole Module","tmc","Teenage Mutant Ninja Turtles Eternal","40","rare","en",1,"NM","nonfoil",false,false,false,0.29,0.26,0.50,0.44,0,0,"248757d9-f590-4f90-98a5-3df947b2bff6","box","bulk"
"Roadkill Rodney","tmc","Teenage Mutant Ninja Turtles Eternal","41","rare","en",1,"NM","nonfoil",false,false,false,0.33,0.13,6.99,1.20,0,0,"3fc23e7a-5059-4c8d-85bd-224f4c1bfc1c","box","bulk"
"Big Apple, 3 a.m.","tmc","Teenage Mutant Ninja Turtles Eternal","42","rare","en",1,"NM","nonfoil",false,false,false,0.41,0.34,9.99,2.74,0,0,"b9cc16f9-fea3-4527-9b81-3c84ce9c5e01","box","bulk"
"Hidden Hideout","tmc","Teenage Mutant Ninja Turtles Eternal","43","rare","en",1,"NM","nonfoil",false,false,false,3.05,2.01,2.00,1.34,0,0,"f356522c-018d-43c7-988a-9ef9829ae75c","box","bulk"
"Together Forever","tmc","Teenage Mutant Ninja Turtles Eternal","44","rare","en",1,"NM","nonfoil",false,false,false,0.31,0.14,3.33,1.37,0,0,"1b19f82a-9724-41b1-934d-a8ec1493587b","box","bulk"
"Vanquish the Horde","tmc","Teenage Mutant Ninja Turtles Eternal","45","rare","en",1,"NM","nonfoil",false,false,false,0.31,0.23,1.99,1.19,0,0,"87514302-be90-4afe-9508-d9742425d1ba","box","bulk"
"Wave Goodbye","tmc","Teenage Mutant Ninja Turtles Eternal","46","rare","en",1,"NM","nonfoil",false,false,false,1.29,0.89,1.00,3.90,0,0,"8fb141d9-addd-47ad-bfc1-b5b376d4c950","box","bulk"
"Blasphemous Act","tmc","Teenage Mutant Ninja Turtles Eternal","47","rare","en",1,"NM","nonfoil",false,false,false,0.92,1.33,6.99,6.13,0,0,"dc6c4337-7d3e-4700-9473-26185c109166","box","bulk"
"Acidic Slime","tmc","Teenage Mutant Ninja Turtles Eternal","48","uncommon","en",1,"NM","nonfoil",false,false,false,0.23,0.10,0.49,0.34,0,0,"9e2ee84d-1d11-48a3-b79d-6a67991a2e60","box","bulk"
"Biogenic Ooze","tmc","Teenage Mutant Ninja Turtles Eternal","49","rare","en",1,"NM","nonfoil",false,false,false,0.29,0.14,2.49,0.25,0,0,"0e850205-d010-49af-b68b-262360751b70","box","bulk"
"Cultivate","tmc","Teenage Mutant Ninja Turtles Eternal","50","common","en",1,"NM","nonfoil",false,false,false,0.42,0.36,5.00,0.57,0,0,"4824ad7c-e533-4357-b486-9e908721db65","box","bulk"
"Harmonize","tmc","Teenage Mutant Ninja Turtles Eternal","51","uncommon","en",1,"NM","nonfoil",false,false,false,0.33,0.13,0.49,0.48,0,0,"90b42c40-d6ff-4fda-a040-1594f0ef9585","box","bulk"
"Steelbane Hydra","tmc","Teenage Mutant Ninja Turtles Eternal","52","rare","en",1,"NM","nonfoil",false,false,false,0.38,0.30,3.99,1.92,0,0,"7869df96-ce77-45c0-829f-367819806356","box","bulk"
"Vigor","tmc","Teenage Mutant Ninja Turtles Eternal","53","rare","en",1,"NM","nonfoil",false,false,false,2.07,1.33,7.99,4.04,0,0,"6952b1c3-2a18-4ad5-8130-861fce1cb422","box","bulk"
"Voracious Hydra","tmc","Teenage Mutant Ninja Turtles Eternal","54","rare","en",1,"NM","nonfoil",false,false,false,0.28,0.23,1.99,1.84,0,0,"f415b285-4771-43ba-9534-244e446f8f72","box","bulk"
"Assassin's Trophy","tmc","Teenage Mutant Ninja Turtles Eternal","55","rare","en",1,"NM","nonfoil",false,false,false,0.83,0.83,6.99,1.41,0,0,"932efc19-9bfd-4501-a623-ff6765a356d8","deck","Disturbi alimentari - Main"
"Corpsejack Menace","tmc","Teenage Mutant Ninja Turtles Eternal","56","rare","en",1,"NM","nonfoil",false,false,false,0.36,0.22,3.49,1.73,0,0,"85caf05a-035b-47c0-975c-dec76799ffcf","box","bulk"
"Arcane Signet","tmc","Teenage Mutant Ninja Turtles Eternal","57","uncommon","en",1,"NM","nonfoil",false,false,false,0.56,0.51,27.92,0.28,0,0,"049ca0ff-0ca4-44f7-b144-731cf453afa9","box","bulk"
"Chromatic Lantern","tmc","Teenage Mutant Ninja Turtles Eternal","58","rare","en",1,"NM","nonfoil",false,false,false,1.53,0.86,7.99,2.58,0,0,"68625010-3e4e-4400-b503-bf381a7fd81b","box","bulk"
"Sol Ring","tmc","Teenage Mutant Ninja Turtles Eternal","59","uncommon","en",1,"NM","nonfoil",false,false,false,1.76,2.10,10.65,5.18,0,0,"14dbce79-1fcc-4cc9-bf38-7729e44a411e","box","bulk"
"Ash Barrens","tmc","Teenage Mutant Ninja Turtles Eternal","60","common","en",1,"NM","nonfoil",false,false,false,0.34,0.14,1.55,0.23,0,0,"e8510205-4baa-4f1c-bf64-5d931e2ddf48","box","bulk"
"Cinder Glade","tmc","Teenage Mutant Ninja Turtles Eternal","61","rare","en",1,"NM","nonfoil",false,false,false,0.36,0.20,3.49,0.54,0,0,"45f13a94-c693-4a3b-a0bb-f18ae9fb1ca0","box","bulk"
"City of Brass","tmc","Teenage Mutant Ninja Turtles Eternal","62","rare","en",1,"NM","nonfoil",false,false,false,11.36,8.08,17.50,15.34,0,0,"c21565d0-fc40-4d89-9b27-87c03385e0af","box","bulk"
"Command Tower","tmc","Teenage Mutant Ninja Turtles Eternal","63","common","en",1,"NM","nonfoil",false,false,false,0.33,0.33,28.67,0.13,0,0,"4d51a621-be31-4b74-8e0b-3958180a8bc5","deck","Disturbi alimentari - Main"
"Command Tower","tmc","Teenage Mutant Ninja Turtles Eternal","63","common","en",1,"NM","nonfoil",false,false,false,0.33,0.33,28.67,0.13,0,0,"4d51a621-be31-4b74-8e0b-3958180a8bc5","box","bulk"
"Dragonskull Summit","tmc","Teenage Mutant Ninja Turtles Eternal","64","rare","en",1,"NM","nonfoil",false,false,false,0.58,0.63,4.49,0.39,0,0,"897976cb-a242-493e-b215-843bcdb6b44d","box","bulk"
"Evolving Wilds","tmc","Teenage Mutant Ninja Turtles Eternal","65","common","en",1,"NM","nonfoil",false,false,false,0.34,0.17,1.48,0.25,0,0,"a30f5555-2fbe-4c88-9e4f-1f2e81ea6cfd","deck","Disturbi alimentari - Main"
"Exotic Orchard","tmc","Teenage Mutant Ninja Turtles Eternal","66","rare","en",1,"NM","nonfoil",false,false,false,0.31,0.25,7.99,0.18,0,0,"ac9d97ef-a64b-43ef-8e4d-f3ebe46d9932","box","bulk"
"Fabled Passage","tmc","Teenage Mutant Ninja Turtles Eternal","67","rare","en",1,"NM","nonfoil",false,false,false,1.78,1.24,5.50,2.77,0,0,"7c787c6b-b6c7-47a0-8f8d-761629f5568e","deck","Disturbi alimentari - Main"
"Grand Coliseum","tmc","Teenage Mutant Ninja Turtles Eternal","68","rare","en",1,"NM","nonfoil",false,false,false,0.33,0.54,8.02,0.60,0,0,"b07eb189-559a-4cd5-95ac-f6612fd11cf1","box","bulk"
"Hinterland Harbor","tmc","Teenage Mutant Ninja Turtles Eternal","69","rare","en",1,"NM","nonfoil",false,false,false,0.40,0.35,2.99,0.87,0,0,"7598a728-796b-4b82-b269-217ecca44c2c","box","bulk"
"Path of Ancestry","tmc","Teenage Mutant Ninja Turtles Eternal","70","common","en",1,"NM","nonfoil",false,false,false,0.35,0.15,0.49,0.19,0,0,"d4c1c9ba-d930-435c-8978-f10a2adb3d4c","deck","Disturbi alimentari - Main"
"Rain-Slicked Copse","tmc","Teenage Mutant Ninja Turtles Eternal","71","rare","en",1,"NM","nonfoil",false,false,false,0.35,0.16,6.99,5.00,0,0,"70e5e700-b215-4a55-ae96-04e9f886cad1","box","bulk"
"Rootbound Crag","tmc","Teenage Mutant Ninja Turtles Eternal","72","rare","en",1,"NM","nonfoil",false,false,false,0.35,0.30,4.49,0.47,0,0,"f01bb3fd-14c6-47cb-aba3-e3069da56c9f","box","bulk"
"Smoldering Marsh","tmc","Teenage Mutant Ninja Turtles Eternal","73","rare","en",1,"NM","nonfoil",false,false,false,0.35,0.35,2.75,0.53,0,0,"a4746e54-974a-4743-ab9b-a9e49034b16d","box","bulk"
"Sodden Verdure","tmc","Teenage Mutant Ninja Turtles Eternal","74","rare","en",1,"NM","nonfoil",false,false,false,0.59,0.46,11.70,0.83,0,0,"0b5e219b-28fa-40e3-8afb-355ae767326d","box","bulk"
"Spire Garden","tmc","Teenage Mutant Ninja Turtles Eternal","75","rare","en",1,"NM","nonfoil",false,false,false,5.69,4.58,2.20,3.94,0,0,"48444c3e-2068-4961-a9cd-9398052e5bd6","box","bulk"
"Sunken Hollow","tmc","Teenage Mutant Ninja Turtles Eternal","76","rare","en",1,"NM","nonfoil",false,false,false,0.38,0.27,2.99,2.00,0,0,"7ab0a5f2-5260-403d-9522-954efc91e96d","box","bulk"
"Thriving Grove","tmc","Teenage Mutant Ninja Turtles Eternal","77","common","en",1,"NM","nonfoil",false,false,false,0.26,0.11,0.49,0.09,0,0,"26cb32c5-83b8-4288-ae2d-788cdc4e6445","box","bulk"
"Thriving Isle","tmc","Teenage Mutant Ninja Turtles Eternal","78","common","en",1,"NM","nonfoil",false,false,false,0.27,0.12,1.09,1.57,0,0,"90bf15bd-4167-4a66-8729-73af5c65692a","box","bulk"
"Thriving Moor","tmc","Teenage Mutant Ninja Turtles Eternal","79","common","en",1,"NM","nonfoil",false,false,false,0.25,0.12,1.09,0.25,0,0,"b7c7d0c0-ada6-4c89-b47b-977e35e67b39","box","bulk"
"Undergrowth Stadium","tmc","Teenage Mutant Ninja Turtles Eternal","80","rare","en",1,"NM","nonfoil",false,false,false,5.30,4.87,12.99,4.12,0,0,"f25aa8aa-e2f7-4634-8a96-2082e76c6503","box","bulk"
"Vernal Fen","tmc","Teenage Mutant Ninja Turtles Eternal","81","rare","en",1,"NM","nonfoil",false,false,false,0.45,0.41,1.67,1.40,0,0,"ba8f92ec-cd84-4958-9b31-b89598cb274d","box","bulk"
"Vibrant Cityscape","tmc","Teenage Mutant Ninja Turtles Eternal","82","common","en",1,"NM","nonfoil",false,false,false,0.34,0.13,2.55,0.25,0,0,"b5e7cdb4-7b4d-4c6c-b016-d6cd3f9a04f2","box","bulk"
"Shredder, Shadow Master","tmc","Teenage Mutant Ninja Turtles Eternal","88","rare","en",1,"NM","foil",false,false,false,0,0,114.51,55.80,0,0,"e11dfc36-0a70-4a7e-8395-854684a81a2c","box","ProXy"
"Reanimate","tmp","Tempest","151","uncommon","en",2,"NM","nonfoil",false,false,false,16.10,15.59,0,8.10,0,0,"ae1ef31c-8ca5-444c-8f39-e1d1827318f5","box","ProXy"
"Altar of Dementia","tmp","Tempest","276","rare","en",1,"NM","nonfoil",false,false,false,27.71,21.13,0,7.31,0,0,"4f2da99f-3c53-4980-97d6-2158c765aac0","box","ProXy"
"Action News Crew","tmt","Teenage Mutant Ninja Turtles","1","common","en",4,"NM","nonfoil",false,false,false,0.10,0.03,0.16,0.07,0,0,"bc0f5ca8-47bd-4451-8fd1-a312ff7d31ec","box","Ff gift box"
"April O'Neil, Kunoichi Trainee","tmt","Teenage Mutant Ninja Turtles","3","common","en",4,"NM","nonfoil",false,false,false,0.13,0.09,0.23,0.12,0,0,"8b1982ea-686b-4acd-b677-47571430efb0","box","Ff gift box"
"Dimensional Exile","tmt","Teenage Mutant Ninja Turtles","4","uncommon","en",1,"NM","nonfoil",false,false,false,0.24,0.11,0.31,0.17,0,0,"be8d96fb-a1be-4fff-b844-e38d185884e1","box","Ff gift box"
"East Wind Avatar","tmt","Teenage Mutant Ninja Turtles","5","common","en",6,"NM","nonfoil",false,false,false,0.05,0.04,0.14,0.06,0,0,"c9d5b56c-ad2a-4958-8783-4eceb8733610","box","Ff gift box"
"Featherbrained Filcher","tmt","Teenage Mutant Ninja Turtles","6","uncommon","en",3,"NM","nonfoil",false,false,false,0.14,0.12,0.24,0.15,0,0,"78c55706-4d00-4b97-965c-0b2d0963e59d","box","Ff gift box"
"Grounded for Life","tmt","Teenage Mutant Ninja Turtles","7","common","en",3,"NM","nonfoil",false,false,false,0.12,0.07,0.16,0.09,0,0,"72388199-85fa-4eba-9a9c-c2904e6da9ed","box","Ff gift box"
"Hamato Guardian Stance","tmt","Teenage Mutant Ninja Turtles","8","common","en",3,"NM","nonfoil",false,false,false,0.10,0.04,0.16,0.14,0,0,"735b540b-b472-46fa-a232-d444cabf6c4c","box","Ff gift box"
"High-Flying Ace","tmt","Teenage Mutant Ninja Turtles","9","common","en",4,"NM","nonfoil",false,false,false,0.08,0.05,0.15,0.02,0,0,"e927eb0b-1c69-421a-8acd-01e92f729ffb","box","Ff gift box"
"Jennika, Bad Apple Big Sister","tmt","Teenage Mutant Ninja Turtles","10","common","en",3,"NM","nonfoil",false,false,false,0.13,0.10,0.20,0.33,0,0,"a5b83101-e3ef-4ffe-a886-4fc2b57a0947","box","Ff gift box"
"Koya, Death from Above","tmt","Teenage Mutant Ninja Turtles","11","uncommon","en",1,"NM","nonfoil",false,false,false,0.17,0.16,0.23,0.11,0,0,"7a4f1ccc-2225-4cd0-abef-0eb7a8eae9cf","box","Ff gift box"
"The Last Ronin's Technique","tmt","Teenage Mutant Ninja Turtles","12","uncommon","en",1,"NM","nonfoil",false,false,false,0.33,0.10,0.35,0.15,0,0,"dfb18239-d373-4795-8598-c82abae2cb62","box","Ff gift box"
"Leonardo, Big Brother","tmt","Teenage Mutant Ninja Turtles","14","common","en",6,"NM","nonfoil",false,false,false,0.19,0.14,0.28,0.22,0,0,"e802838f-cc8c-4313-8c3b-32a6a7248e64","box","Ff gift box"
"Leonardo, Cutting Edge","tmt","Teenage Mutant Ninja Turtles","15","rare","en",1,"NM","nonfoil",false,false,false,0.87,0.64,1.38,1.55,0,0,"74c11ee3-19d1-4ad5-a727-1d74c565d6a5","box","Ff gift box"
"Leonardo, Leader in Blue","tmt","Teenage Mutant Ninja Turtles","16","uncommon","en",1,"NM","nonfoil",false,false,false,0.22,0.13,0.24,0.26,0,0,"d6eaae35-d513-43d8-be2d-b97c15e25937","box","Ff gift box"
"Lita, Little Orphan Amphibian","tmt","Teenage Mutant Ninja Turtles","19","uncommon","en",1,"NM","nonfoil",false,false,false,0.24,0.15,0.27,0.19,0,0,"9fbaabb5-e981-4cbf-888c-46449412711f","box","bulk"
"Lita, Little Orphan Amphibian","tmt","Teenage Mutant Ninja Turtles","19","uncommon","en",1,"NM","nonfoil",false,false,false,0.24,0.15,0.27,0.19,0,0,"9fbaabb5-e981-4cbf-888c-46449412711f","box","Ff gift box"
"Make Your Move","tmt","Teenage Mutant Ninja Turtles","20","common","en",5,"NM","nonfoil",false,false,false,0.26,0.04,0.22,0.10,0,0,"ed8bdd98-6377-40cf-b381-cee38b1bda2a","box","Ff gift box"
"Mighty Mutanimals","tmt","Teenage Mutant Ninja Turtles","21","uncommon","en",3,"NM","nonfoil",false,false,false,0.29,0.08,0.26,0.13,0,0,"5dd5369c-174c-450b-b776-553866787f8f","box","Ff gift box"
"Prehistoric Pet","tmt","Teenage Mutant Ninja Turtles","22","rare","en",1,"NM","nonfoil",false,false,false,0.28,0.23,0.38,0.31,0,0,"148e6acd-a96a-4bea-8cfe-a129cd8d1003","box","Ff gift box"
"Quintessential Katana","tmt","Teenage Mutant Ninja Turtles","23","uncommon","en",2,"NM","nonfoil",false,false,false,0.24,0.14,0.28,0.16,0,0,"ef9e227e-c581-479c-a962-2f191352b07f","box","Ff gift box"
"Sally Pride, Lioness Leader","tmt","Teenage Mutant Ninja Turtles","24","rare","en",1,"NM","nonfoil",false,false,false,0.42,0.29,0.59,0.36,0,0,"bcd8ee6b-7142-4548-8b7a-691a36411851","box","Ff gift box"
"Turncoat Kunoichi","tmt","Teenage Mutant Ninja Turtles","26","rare","en",1,"NM","nonfoil",false,false,false,0.38,0.16,0.44,0.39,0,0,"3ae61336-a4ee-40cd-9a18-392d96b873a4","box","Ff gift box"
"Turtles Forever","tmt","Teenage Mutant Ninja Turtles","27","rare","en",1,"NM","nonfoil",false,false,false,0.37,0.20,0.43,0.46,0,0,"f0db974a-3289-4727-9aaf-e9cca9113c87","box","Ff gift box"
"Uneasy Alliance","tmt","Teenage Mutant Ninja Turtles","28","common","en",4,"NM","nonfoil",false,false,false,0.13,0.04,0.19,0.15,0,0,"5d9a4f9a-1e3a-4de8-a7c0-7158c6703b4e","box","Ff gift box"
"Bespoke Bō","tmt","Teenage Mutant Ninja Turtles","31","uncommon","en",1,"NM","nonfoil",false,false,false,0.14,0.14,0.25,0.16,0,0,"6c517308-831b-4e41-a82c-02ddf6383a0c","box","Ff gift box"
"Buzz Bots","tmt","Teenage Mutant Ninja Turtles","32","common","en",5,"NM","nonfoil",false,false,false,0.16,0.07,0.20,0.19,0,0,"7c375190-f81b-4ab1-a1b6-fe432796821f","box","Ff gift box"
"Crustacean Commando","tmt","Teenage Mutant Ninja Turtles","33","common","en",2,"NM","nonfoil",false,false,false,0.11,0.02,0.15,0.14,0,0,"9528cc07-df4b-417f-ad65-c2fae6fc2d49","box","Ff gift box"
"Does Machines","tmt","Teenage Mutant Ninja Turtles","34","rare","en",1,"NM","nonfoil",false,false,false,0.70,0.54,0.97,0.85,0,0,"989da63a-2cbd-41a9-9bbb-99f4ad1c6a25","box","Ff gift box"
"Donatello, Gadget Master","tmt","Teenage Mutant Ninja Turtles","35","rare","en",1,"NM","nonfoil",false,false,false,0.51,0.41,0.73,0.56,0,0,"8b5dd830-dab8-4628-845f-3d17973f9ffa","box","Ff gift box"
"Donatello, Turtle Techie","tmt","Teenage Mutant Ninja Turtles","37","common","en",5,"NM","nonfoil",false,false,false,0.17,0.05,0.16,0.04,0,0,"683cfef0-f164-4db8-b83f-79eb804e50ae","box","Ff gift box"
"Donatello, Way with Machines","tmt","Teenage Mutant Ninja Turtles","38","uncommon","en",2,"NM","nonfoil",false,false,false,0.19,0.16,0.28,0.17,0,0,"a3a5b63a-3263-4f06-a643-808c38f64c77","box","Ff gift box"
"Donatello's Technique","tmt","Teenage Mutant Ninja Turtles","39","uncommon","en",2,"NM","nonfoil",false,false,false,0.33,0.19,0.33,0.21,0,0,"e570082f-8129-44d2-b471-ec7f46a98dbd","box","Ff gift box"
"Fugitive Droid","tmt","Teenage Mutant Ninja Turtles","40","uncommon","en",1,"NM","nonfoil",false,false,false,0.31,0.15,0.28,0.32,0,0,"50c4e65f-00dc-4fc5-bd5c-8482c2848f4c","box","Ff gift box"
"Kitsune, Dragon's Daughter","tmt","Teenage Mutant Ninja Turtles","41","rare","en",2,"NM","nonfoil",false,false,false,0.30,0.16,0.34,0.22,0,0,"a87a9257-4535-4286-8b59-a842ac45d05e","box","Ff gift box"
"Metalhead","tmt","Teenage Mutant Ninja Turtles","44","uncommon","en",4,"NM","nonfoil",false,false,false,0.14,0.04,0.25,0.24,0,0,"3c2d8b09-8694-45ab-be01-f8dc17378cf0","box","Ff gift box"
"Mind Transfer Protocol","tmt","Teenage Mutant Ninja Turtles","45","common","en",3,"NM","nonfoil",false,false,false,0.05,0.06,0.21,0.05,0,0,"2ddfcc4d-dd5f-42f1-8f33-a8e8b5354534","box","Ff gift box"
"Negate","tmt","Teenage Mutant Ninja Turtles","47","common","en",2,"NM","nonfoil",false,false,false,0.27,0.08,0.37,0.08,0,0,"52d58fe4-6070-4022-9cd7-c35a11b44525","box","Ff gift box"
"Ooze Spill","tmt","Teenage Mutant Ninja Turtles","48","uncommon","en",3,"NM","nonfoil",false,false,false,0.27,0.07,0.28,0.14,0,0,"beef76b7-856e-48ab-bc73-e4f456c3a100","box","Ff gift box"
"Ray Fillet, Man Ray","tmt","Teenage Mutant Ninja Turtles","49","uncommon","en",2,"NM","nonfoil",false,false,false,0.12,0.14,0.26,0.18,0,0,"14e0892c-a556-43c3-974f-6be44188da2e","box","Ff gift box"
"Retro-Mutation","tmt","Teenage Mutant Ninja Turtles","51","common","en",5,"NM","nonfoil",false,false,false,0.15,0.04,0.22,0.07,0,0,"4af284ba-fa54-43c5-8c76-3e1128957452","box","Ff gift box"
"Return to the Sewers","tmt","Teenage Mutant Ninja Turtles","52","common","en",4,"NM","nonfoil",false,false,false,0.09,0.13,0.17,0.12,0,0,"52e99505-17dc-4051-99f6-e23559fc6c95","box","Ff gift box"
"Sewer-veillance Cam","tmt","Teenage Mutant Ninja Turtles","53","common","en",2,"NM","nonfoil",false,false,false,0.29,0.37,0.68,0.96,0,0,"ab47a37b-b66d-4f70-9bf0-4d5ed6b518f3","box","Ff gift box"
"Stockman, Mad Fly-entist","tmt","Teenage Mutant Ninja Turtles","54","common","en",4,"NM","nonfoil",false,false,false,0.13,0.09,0.12,0.17,0,0,"01ca65e2-898e-4150-a6bf-e61b183fd98a","box","Ff gift box"
"Utrom Scientists","tmt","Teenage Mutant Ninja Turtles","56","common","en",4,"NM","nonfoil",false,false,false,0.08,0.05,0.14,0.06,0,0,"6da89625-5278-49d4-813b-a1a631f114f5","box","Ff gift box"
"Anchovy & Banana Pizza","tmt","Teenage Mutant Ninja Turtles","57","common","en",1,"NM","nonfoil",false,false,false,0.19,0.10,0.19,0.20,0,0,"44443ad2-ef8c-4106-ba1b-ee3fb6fd8b17","box","Ff chchobo bundle"
"Anchovy & Banana Pizza","tmt","Teenage Mutant Ninja Turtles","57","common","en",3,"NM","nonfoil",false,false,false,0.19,0.10,0.19,0.20,0,0,"44443ad2-ef8c-4106-ba1b-ee3fb6fd8b17","box","Ff gift box"
"Armaggon, Future Shark","tmt","Teenage Mutant Ninja Turtles","58","rare","en",1,"NM","nonfoil",false,false,false,0.74,0.36,0.53,0.76,0,0,"5989378b-0eac-43cf-bc83-8f7765536789","box","Ff gift box"
"Bebop, Warthog Warrior","tmt","Teenage Mutant Ninja Turtles","59","common","en",4,"NM","nonfoil",false,false,false,0.15,0.03,0.20,0.21,0,0,"371ba16d-73f7-450c-8b1f-c05012a4ca93","box","Ff gift box"
"The Cloning of Shredder","tmt","Teenage Mutant Ninja Turtles","60","mythic","en",1,"NM","nonfoil",false,false,false,1.67,1.61,3.06,2.07,0,0,"94449d88-2df4-4850-8ffa-d6d193835dda","box","ProXy"
"Death in the Family","tmt","Teenage Mutant Ninja Turtles","61","uncommon","en",3,"NM","nonfoil",false,false,false,0.23,0.12,0.26,0.11,0,0,"2e4f2148-d398-4f3d-9c59-81c87b6a4588","box","Ff gift box"
"Dream Beavers","tmt","Teenage Mutant Ninja Turtles","62","uncommon","en",2,"NM","nonfoil",false,false,false,0.25,0.15,0.41,0.32,0,0,"600e3bc1-9777-4057-a11e-4f61582636c6","box","Ff gift box"
"Foot Mystic","tmt","Teenage Mutant Ninja Turtles","63","common","en",4,"NM","nonfoil",false,false,false,0.24,0.06,0.19,0.24,0,0,"61e40a18-6cc8-436d-826b-1cf8cd037df3","box","Ff gift box"
"Insectoid Exterminator","tmt","Teenage Mutant Ninja Turtles","64","common","en",3,"NM","nonfoil",false,false,false,0.11,0.06,0.13,0.09,0,0,"ff26f7ff-7f70-4204-9b48-de9e21dc89ec","box","Ff gift box"
"Lord Dregg, Insect Invader","tmt","Teenage Mutant Ninja Turtles","65","uncommon","en",2,"NM","nonfoil",false,false,false,0.22,0.06,0.21,0.12,0,0,"8d1a9c8a-d0b6-4d83-a168-8078de4b14c7","box","Ff gift box"
"Oroku Saki, Shredder Rising","tmt","Teenage Mutant Ninja Turtles","68","common","en",4,"NM","nonfoil",false,false,false,0.21,0.13,0.24,0.20,0,0,"e65ff1f4-a061-4c31-a78e-92af6e7bc56f","box","Ff gift box"
"Pain 101","tmt","Teenage Mutant Ninja Turtles","69","common","en",5,"NM","nonfoil",false,false,false,0.25,0.08,0.35,0.19,0,0,"a1c70bf2-b2bd-4585-ba50-304f4dad8e62","box","Ff gift box"
"Paramecia Coloniex","tmt","Teenage Mutant Ninja Turtles","70","uncommon","en",2,"NM","nonfoil",false,false,false,0.18,0.11,0.24,0.17,0,0,"654e2646-78ac-4b08-bed1-3c71355d55fc","box","Ff gift box"
"Shark Shredder, Killer Clone","tmt","Teenage Mutant Ninja Turtles","73","rare","en",1,"NM","nonfoil",false,false,false,0.41,0.28,0.47,0.43,0,0,"8f946b3d-7d2a-4210-a909-d16078757e3b","box","Ff gift box"
"Shredder's Armor","tmt","Teenage Mutant Ninja Turtles","75","uncommon","en",3,"NM","nonfoil",false,false,false,0.15,0.06,0.25,0.17,0,0,"d2cbe512-725f-4884-ac49-a98a78e7d14e","box","Ff gift box"
"Shredder's Revenge","tmt","Teenage Mutant Ninja Turtles","76","common","en",5,"NM","nonfoil",false,false,false,0.19,0.08,0.25,0.14,0,0,"72fadf47-2e0b-4b24-b1bc-7c86780716b6","box","Ff gift box"
"Shredder's Technique","tmt","Teenage Mutant Ninja Turtles","77","uncommon","en",2,"NM","nonfoil",false,false,false,0.32,0.22,0.38,0.31,0,0,"99a24349-7d11-421b-a161-c1edbb8f53b1","box","Ff gift box"
"South Wind Avatar","tmt","Teenage Mutant Ninja Turtles","78","rare","en",1,"NM","nonfoil",false,false,false,2.27,0.95,2.33,1.23,0,0,"c17bc07c-7147-4c84-aa0b-8a0865fba94e","box","Ff gift box"
"Splinter, Hamato Yoshi","tmt","Teenage Mutant Ninja Turtles","79","uncommon","en",1,"NM","nonfoil",false,false,false,0.33,0.14,0.37,0.28,0,0,"9ea9d072-aa98-405e-a475-26f93cc37e53","box","Ff gift box"
"Splinter's Technique","tmt","Teenage Mutant Ninja Turtles","80","rare","en",1,"NM","nonfoil",false,false,false,1.83,1.85,2.36,2.23,0,0,"fd3a5465-074a-4688-b79b-68e232076581","box","Ff gift box"
"Squirrelanoids","tmt","Teenage Mutant Ninja Turtles","81","common","en",5,"NM","nonfoil",false,false,false,0.27,0.10,0.33,0.13,0,0,"be08d2b0-375b-434f-9e6d-060809e0ed34","box","Ff gift box"
"Stomped by the Foot","tmt","Teenage Mutant Ninja Turtles","82","common","en",5,"NM","nonfoil",false,false,false,0.16,0.05,0.14,0.08,0,0,"3fdec16f-77f5-4792-9698-b9099a204028","box","Ff gift box"
"Tunnel Rats","tmt","Teenage Mutant Ninja Turtles","84","common","en",4,"NM","nonfoil",false,false,false,0.15,0.09,0.22,0.15,0,0,"70faf7d8-008a-454a-a21b-702aa661b8f9","box","Ff gift box"
"Bot Bashing Time","tmt","Teenage Mutant Ninja Turtles","85","common","en",5,"NM","nonfoil",false,false,false,0.08,0.10,0.12,0.08,0,0,"08b3af61-d516-45ca-aede-2f50ba23cb07","box","Ff gift box"
"Broadcast Takeover","tmt","Teenage Mutant Ninja Turtles","86","mythic","en",1,"NM","nonfoil",false,false,false,0.60,0.39,1.58,0.69,0,0,"e640e930-0907-40f2-9015-88f8c1e8ee5c","box","Ff gift box"
"Casey Jones, Jury-Rig Justiciar","tmt","Teenage Mutant Ninja Turtles","87","uncommon","en",1,"NM","nonfoil",false,false,false,0.16,0.12,0.26,0.13,0,0,"808a5bc0-0999-47cf-854c-30db6277efe5","box","Ff gift box"
"Casey Jones, Vigilante","tmt","Teenage Mutant Ninja Turtles","88","rare","en",1,"NM","nonfoil",false,false,false,0.38,0.72,0.65,1.15,0,0,"a6a3258d-2e9b-4862-b2e3-bbfae9bd4d33","box","Ff gift box"
"Cool but Rude","tmt","Teenage Mutant Ninja Turtles","89","rare","en",1,"NM","nonfoil",false,false,false,6.10,6.70,7.76,7.19,0,0,"a566ab2d-6ec8-4833-8ad6-210378b1a20e","box","ProXy"
"Cool but Rude","tmt","Teenage Mutant Ninja Turtles","89","rare","en",1,"NM","nonfoil",false,false,false,6.10,6.70,7.76,7.19,0,0,"a566ab2d-6ec8-4833-8ad6-210378b1a20e","box","Ff gift box"
"General Traag, Heart of Stone","tmt","Teenage Mutant Ninja Turtles","90","uncommon","en",1,"NM","nonfoil",false,false,false,0.13,0.07,0.17,0.11,0,0,"e02e971f-6008-4c82-acd2-2aed13009ccb","box","Ff gift box"
"Hard-Won Jitte","tmt","Teenage Mutant Ninja Turtles","91","uncommon","en",2,"NM","nonfoil",false,false,false,0.23,0.12,0.36,0.16,0,0,"5d3dc219-f024-49de-b88d-dc1e9e84184c","box","Ff gift box"
"Improvised Arsenal","tmt","Teenage Mutant Ninja Turtles","92","rare","en",1,"NM","nonfoil",false,false,false,0.50,0.33,0.75,0.57,0,0,"003265d9-b2fc-4916-afc8-53ed2d6aa053","box","Ff gift box"
"Jennika's Technique","tmt","Teenage Mutant Ninja Turtles","93","uncommon","en",2,"NM","nonfoil",false,false,false,0.12,0.14,0.24,0.17,0,0,"df559199-c8b9-455b-aa07-0a042348de96","box","Ff gift box"
"Manhole Missile","tmt","Teenage Mutant Ninja Turtles","94","common","en",4,"NM","nonfoil",false,false,false,0.21,0.06,0.23,0.09,0,0,"243e392b-48b0-4e90-ae22-9a696f45e878","box","Ff gift box"
"Mouser Attack!","tmt","Teenage Mutant Ninja Turtles","95","common","en",4,"NM","nonfoil",false,false,false,0.09,0.06,0.14,0.05,0,0,"058490f4-0ada-45e6-b4f0-e433537f52d6","box","Ff gift box"
"Mouser Foundry","tmt","Teenage Mutant Ninja Turtles","96","common","en",3,"NM","nonfoil",false,false,false,0.19,0.11,0.27,0.17,0,0,"8aae3bd6-a935-44a5-aa4d-a525b00cbf50","box","Ff gift box"
"Mutant Town Musicians","tmt","Teenage Mutant Ninja Turtles","97","common","en",4,"NM","nonfoil",false,false,false,0.09,0.05,0.13,0.04,0,0,"2dbe9207-06e8-4837-8227-0f960490771b","box","Ff gift box"
"Null Group Biological Assets","tmt","Teenage Mutant Ninja Turtles","98","common","en",3,"NM","nonfoil",false,false,false,0.07,0.05,0.17,0.06,0,0,"eb44c134-fcd8-4ad8-841c-f1723ba93216","box","Ff gift box"
"Old Hob, Alleycat Blues","tmt","Teenage Mutant Ninja Turtles","99","uncommon","en",2,"NM","nonfoil",false,false,false,0.19,0.12,0.24,0.11,0,0,"1515eed9-3b21-42f0-ab57-de5df19317af","box","Ff gift box"
"Purple Dragon Punks","tmt","Teenage Mutant Ninja Turtles","100","common","en",3,"NM","nonfoil",false,false,false,0.06,0.04,0.17,0.07,0,0,"bbe1d7e5-68e2-4458-aa3f-5e97fa8e7cae","box","Ff gift box"
"Raphael, Most Attitude","tmt","Teenage Mutant Ninja Turtles","101","uncommon","en",1,"NM","nonfoil",false,false,false,0.16,0.10,0.19,0.15,0,0,"88385a87-f931-409f-8a21-250f0866d63d","box","Ff gift box"
"Raphael, Tough Turtle","tmt","Teenage Mutant Ninja Turtles","104","common","en",4,"NM","nonfoil",false,false,false,0.28,0.11,0.31,0.25,0,0,"f24c90c8-ed04-4b4e-8b19-c7d07a90c6b8","box","Ff gift box"
"Raphael's Technique","tmt","Teenage Mutant Ninja Turtles","105","rare","en",1,"NM","nonfoil",false,false,false,0.34,0.41,0.46,0.48,0,0,"7ce8b00f-5a4f-4206-8eb3-e79308e91f47","box","Ff gift box"
"Rock Soldiers","tmt","Teenage Mutant Ninja Turtles","107","common","en",4,"NM","nonfoil",false,false,false,0.08,0.05,0.17,0.06,0,0,"0fada65d-fd8d-4be9-b2bb-ea5cac78fdd7","box","Ff gift box"
"Spicy Oatmeal Pizza","tmt","Teenage Mutant Ninja Turtles","109","uncommon","en",1,"NM","nonfoil",false,false,false,0.15,0.11,0.21,0.10,0,0,"c4aeb45b-13ed-43ad-a366-7be10dec6222","box","Ff gift box"
"Wingnut, Bat on the Belfry","tmt","Teenage Mutant Ninja Turtles","110","uncommon","en",2,"NM","nonfoil",false,false,false,0.15,0.11,0.21,0.24,0,0,"40b9b1d0-b7d1-473e-b6a9-a29d527c2f35","box","Ff gift box"
"Zog, Triceraton Castaway","tmt","Teenage Mutant Ninja Turtles","111","common","en",5,"NM","nonfoil",false,false,false,0.15,0.06,0.20,0.06,0,0,"a83a70ba-448e-45f3-b23b-6f38af54811f","box","Ff gift box"
"Courier of Comestibles","tmt","Teenage Mutant Ninja Turtles","112","uncommon","en",3,"NM","nonfoil",false,false,false,0.21,0.11,0.26,0.10,0,0,"53f5f704-2265-42bb-bff5-fd9d85bc2bfb","box","Ff gift box"
"Cowabunga!","tmt","Teenage Mutant Ninja Turtles","113","common","en",4,"NM","nonfoil",false,false,false,0.21,0.08,0.24,0.17,0,0,"0ffce972-bed9-445a-a9a0-4816f156d88d","box","Ff gift box"
"Frog Butler","tmt","Teenage Mutant Ninja Turtles","114","common","en",4,"NM","nonfoil",false,false,false,0.32,0.09,0.37,0.20,0,0,"d1a72d09-9cfc-463a-a9ec-3359003d54da","box","Ff gift box"
"Groundchuck & Dirtbag","tmt","Teenage Mutant Ninja Turtles","115","rare","en",1,"NM","nonfoil",false,false,false,0.52,0.35,0.68,0.47,0,0,"1563592e-0f21-4488-a3ec-ca766386e423","box","Ff gift box"
"Guac & Marshmallow Pizza","tmt","Teenage Mutant Ninja Turtles","116","common","en",5,"NM","nonfoil",false,false,false,0.24,0.08,0.27,0.12,0,0,"a5405de0-16c9-4e5a-8ceb-00508e212f12","box","Ff gift box"
"Guac & Marshmallow Pizza","tmt","Teenage Mutant Ninja Turtles","116","common","en",1,"NM","nonfoil",false,false,false,0.24,0.08,0.27,0.12,0,0,"a5405de0-16c9-4e5a-8ceb-00508e212f12","box","Ff chchobo bundle"
"Michelangelo, Game Master","tmt","Teenage Mutant Ninja Turtles","118","common","en",4,"NM","nonfoil",false,false,false,0.17,0.07,0.20,0.15,0,0,"2e914c3d-2eed-48bf-af9a-a8998fd5111d","box","Ff gift box"
"Michelangelo, Mutant BFF","tmt","Teenage Mutant Ninja Turtles","120","uncommon","en",1,"NM","nonfoil",false,false,false,0.29,0.14,0.34,0.25,0,0,"02f7281f-b50c-4a1c-a2fc-3caeb6ab7d41","box","Ff gift box"
"Mona Lisa, Science Geek","tmt","Teenage Mutant Ninja Turtles","123","uncommon","en",1,"NM","nonfoil",false,false,false,0.30,0.13,0.32,0.23,0,0,"c2164204-120c-4dff-86ac-46ca9012ccd9","box","Ff gift box"
"Mona Lisa, Science Geek","tmt","Teenage Mutant Ninja Turtles","123","uncommon","en",1,"NM","nonfoil",false,false,false,0.30,0.13,0.32,0.23,0,0,"c2164204-120c-4dff-86ac-46ca9012ccd9","box","bulk"
"Mutagen Man, Living Ooze","tmt","Teenage Mutant Ninja Turtles","124","rare","en",1,"NM","nonfoil",false,false,false,1.61,1.68,2.38,1.81,0,0,"9f9085f0-3702-462c-8c81-b4576236792d","deck","Disturbi alimentari - Main"
"Mutant Chain Reaction","tmt","Teenage Mutant Ninja Turtles","125","common","en",4,"NM","nonfoil",false,false,false,0.14,0.05,0.19,0.11,0,0,"8763e0ee-a48e-424f-8bce-132582d5944b","box","Ff gift box"
"New Generation's Technique","tmt","Teenage Mutant Ninja Turtles","126","uncommon","en",1,"NM","nonfoil",false,false,false,0.28,0.12,0.31,0.15,0,0,"f1616a07-e4a1-4574-b341-d6b31d76b3c5","box","Ff gift box"
"Novel Nunchaku","tmt","Teenage Mutant Ninja Turtles","127","uncommon","en",1,"NM","nonfoil",false,false,false,0.23,0.09,0.25,0.20,0,0,"f37ef012-c566-4d16-acf8-6079244907be","box","Ff gift box"
"Primordial Pachyderm","tmt","Teenage Mutant Ninja Turtles","129","common","en",5,"NM","nonfoil",false,false,false,0.16,0.06,0.21,0.17,0,0,"e1a866e6-4108-4290-9680-8f1652fbcf77","box","Ff gift box"
"Ragamuffin Raptor","tmt","Teenage Mutant Ninja Turtles","130","common","en",3,"NM","nonfoil",false,false,false,0.14,0.05,0.20,0.10,0,0,"2edc1d40-3154-4ec0-88c7-faf35fd5e560","box","Ff gift box"
"Rocksteady, Crash Courser","tmt","Teenage Mutant Ninja Turtles","131","common","en",5,"NM","nonfoil",false,false,false,0.16,0.06,0.17,0.18,0,0,"ebbb5756-80fa-406f-8daa-be1f5a6c3c80","box","Ff gift box"
"Saved by the Shell","tmt","Teenage Mutant Ninja Turtles","132","uncommon","en",2,"NM","nonfoil",false,false,false,0.26,0.13,0.33,0.17,0,0,"f6314c7f-41dc-4bbd-99db-3a8a1d2977b2","box","Ff gift box"
"Tenderize","tmt","Teenage Mutant Ninja Turtles","133","common","en",4,"NM","nonfoil",false,false,false,0.11,0.10,0.22,0.07,0,0,"bc19807b-09e8-4923-abc3-d4bbe8cde5fc","box","Ff gift box"
"Transdimensional Bovine","tmt","Teenage Mutant Ninja Turtles","134","rare","en",1,"NM","nonfoil",false,false,false,0.38,0.25,0.45,0.37,0,0,"de124563-205c-4f40-8c13-4ae203599912","box","Ff gift box"
"Venus, Torn Between Worlds","tmt","Teenage Mutant Ninja Turtles","136","uncommon","en",2,"NM","nonfoil",false,false,false,0.27,0.13,0.31,0.08,0,0,"fcb59b16-3d76-478e-9306-969dd2cb1b5a","box","Ff gift box"
"West Wind Avatar","tmt","Teenage Mutant Ninja Turtles","137","uncommon","en",1,"NM","nonfoil",false,false,false,0.16,0.06,0.27,0.16,0,0,"f4b8f7e6-9bff-430b-b2f5-4308d57d1194","box","Ff gift box"
"Zoo Escapees","tmt","Teenage Mutant Ninja Turtles","138","common","en",4,"NM","nonfoil",false,false,false,0.11,0.05,0.13,0.11,0,0,"f57ba8ff-2f8c-4ca1-9b13-42a7cc213e99","box","Ff gift box"
"Baxter Stockman","tmt","Teenage Mutant Ninja Turtles","139","uncommon","en",2,"NM","nonfoil",false,false,false,0.17,0.06,0.21,0.06,0,0,"117b1341-2cf0-466e-b3a8-7e1afa42cd4c","box","Ff gift box"
"Brilliance Unleashed","tmt","Teenage Mutant Ninja Turtles","141","uncommon","en",1,"NM","nonfoil",false,false,false,0.12,0.03,0.27,0.05,0,0,"b7ab2110-5aad-46c9-8dc4-1eac24b6f46b","box","Ff gift box"
"Don & Leo, Problem Solvers","tmt","Teenage Mutant Ninja Turtles","143","rare","en",1,"NM","nonfoil",false,false,false,0.35,0.25,0.49,0.24,0,0,"d239beaf-4f5b-494e-be5c-ffa8b6e28bde","box","Ff gift box"
"Don & Raph, Hard Science","tmt","Teenage Mutant Ninja Turtles","144","rare","en",1,"NM","nonfoil",false,false,false,0.31,0.20,0.38,0.33,0,0,"4f38126c-26a9-4447-801f-4f19e84c4aa5","box","Ff gift box"
"EPF Point Squad","tmt","Teenage Mutant Ninja Turtles","145","common","en",4,"NM","nonfoil",false,false,false,0.13,0.04,0.15,0.03,0,0,"faab52c0-ce79-40af-a156-b193a62d439e","box","Ff gift box"
"Foot Elite","tmt","Teenage Mutant Ninja Turtles","146","common","en",5,"NM","nonfoil",false,false,false,0.15,0.08,0.26,0.12,0,0,"24bd571e-652a-4e7c-afc6-a45f0ccf62f6","box","Ff gift box"
"Foot Ninjas","tmt","Teenage Mutant Ninja Turtles","147","common","en",4,"NM","nonfoil",false,false,false,0.17,0.12,0.17,0.13,0,0,"abb1ab9c-b067-4b75-8e5b-a893b7948df1","box","Ff gift box"
"Genghis Frog","tmt","Teenage Mutant Ninja Turtles","148","uncommon","en",1,"NM","nonfoil",false,false,false,0.31,0.05,0.18,0.14,0,0,"7df26085-eedb-4bdd-a60a-aabfbe9c3157","box","Ff gift box"
"Go Ninja Go","tmt","Teenage Mutant Ninja Turtles","149","uncommon","en",2,"NM","nonfoil",false,false,false,0.23,0.09,0.29,0.20,0,0,"90e68cd8-ea76-4bd1-9199-474da9c3e8bf","box","Ff gift box"
"Ice Cream Kitty","tmt","Teenage Mutant Ninja Turtles","150","common","en",4,"NM","nonfoil",false,false,false,0.20,0.09,0.35,0.11,0,0,"66081fd3-2457-4602-96c4-3075ddfec1c2","box","Ff gift box"
"Karai, Future of the Foot","tmt","Teenage Mutant Ninja Turtles","151","uncommon","en",2,"NM","nonfoil",false,false,false,0.28,0.13,0.36,0.18,0,0,"0dded2d4-1640-4431-809e-403b51b27db6","box","Ff gift box"
"The Last Ronin","tmt","Teenage Mutant Ninja Turtles","154","mythic","en",2,"NM","nonfoil",false,false,false,0.96,0.96,1.97,1.26,0,0,"72ab3ccf-3ddb-4dd1-9cfb-98802a18d954","box","Ff gift box"
"Lessons from Life","tmt","Teenage Mutant Ninja Turtles","155","uncommon","en",1,"NM","nonfoil",false,false,false,0.32,0.22,0.32,0.35,0,0,"0f886117-aff3-4db7-9cf5-7cbe94c8cd02","box","Ff gift box"
"Lessons from Life","tmt","Teenage Mutant Ninja Turtles","155","uncommon","en",1,"NM","nonfoil",false,false,false,0.32,0.22,0.32,0.35,0,0,"0f886117-aff3-4db7-9cf5-7cbe94c8cd02","box","bulk"
"Mechanized Ninja Cavalry","tmt","Teenage Mutant Ninja Turtles","156","common","en",4,"NM","nonfoil",false,false,false,0.12,0.09,0.23,0.20,0,0,"2cb65388-dc6c-4e2a-93ac-49ea484849e9","box","Ff gift box"
"Mikey & Don, Party Planners","tmt","Teenage Mutant Ninja Turtles","157","rare","en",1,"NM","nonfoil",false,false,false,0.53,0.34,0.65,0.56,0,0,"6353df1a-9a1b-41fd-985b-8c8acba36c23","box","Ff gift box"
"Mikey & Leo, Chaos & Order","tmt","Teenage Mutant Ninja Turtles","158","rare","en",1,"NM","nonfoil",false,false,false,1.52,1.94,2.38,2.26,0,0,"9cfeb2b4-937c-4bcc-bb03-467cc0effba2","box","Ff gift box"
"Mouser Mark III","tmt","Teenage Mutant Ninja Turtles","159","common","en",5,"NM","nonfoil",false,false,false,0.11,0.03,0.15,0.07,0,0,"608a13b4-0b94-4be5-ac4b-e939901e8419","box","Ff gift box"
"Mouser Mark III","tmt","Teenage Mutant Ninja Turtles","159","common","en",1,"NM","nonfoil",false,false,false,0.11,0.03,0.15,0.07,0,0,"608a13b4-0b94-4be5-ac4b-e939901e8419","box","Lorwin box"
"The Neutrinos","tmt","Teenage Mutant Ninja Turtles","160","uncommon","en",1,"NM","nonfoil",false,false,false,0.18,0.07,0.29,0.13,0,0,"1308dadc-08a9-40bd-98a4-fb66d792e27d","box","Ff gift box"
"Nobody","tmt","Teenage Mutant Ninja Turtles","161","common","en",4,"NM","nonfoil",false,false,false,0.09,0.05,0.20,0.07,0,0,"0966b8ff-61d3-4394-a357-97c35f042a29","box","Ff gift box"
"Pizza Face, Gastromancer","tmt","Teenage Mutant Ninja Turtles","163","uncommon","en",1,"NM","nonfoil",false,false,false,0.27,0.09,0.32,0.11,0,0,"b03cf0bb-3207-4e8e-bb3f-e3e4367aa86e","box","Ff gift box"
"Punk Frogs","tmt","Teenage Mutant Ninja Turtles","164","common","en",4,"NM","nonfoil",false,false,false,0.17,0.05,0.25,0.14,0,0,"375c91a3-53c4-4f2d-bf7b-2c79a219d3ae","box","Ff gift box"
"Putrid Pals","tmt","Teenage Mutant Ninja Turtles","165","common","en",4,"NM","nonfoil",false,false,false,0.16,0.04,0.16,0.05,0,0,"42cdb88d-675a-43bb-b85c-51c4cc526315","box","Ff gift box"
"Raph & Mikey, Troublemakers","tmt","Teenage Mutant Ninja Turtles","167","rare","en",1,"NM","nonfoil",false,false,false,1.98,1.42,3.33,1.66,0,0,"8795fba4-0ff3-4c04-a81c-60408608a00c","box","Ff gift box"
"Slithering Cryptid","tmt","Teenage Mutant Ninja Turtles","168","common","en",5,"NM","nonfoil",false,false,false,0.09,0.02,0.15,0.07,0,0,"6d35cb39-8832-4cf1-be73-8de49fbea529","box","Ff gift box"
"Splinter, Radical Rat","tmt","Teenage Mutant Ninja Turtles","169","rare","en",1,"NM","nonfoil",false,false,false,0.58,0.60,1.21,0.75,0,0,"f0797466-c527-4d35-86bc-e0e90fd04073","box","Ff gift box"
"Tainted Treats","tmt","Teenage Mutant Ninja Turtles","170","uncommon","en",2,"NM","nonfoil",false,false,false,0.23,0.12,0.32,0.21,0,0,"fa684608-ecd3-43e2-99a1-71318f133e29","box","Ff gift box"
"Tokka & Rahzar, Terrible Twos","tmt","Teenage Mutant Ninja Turtles","171","rare","en",1,"NM","nonfoil",false,false,false,0.32,0.50,0.37,0.46,0,0,"284f9012-a58d-41da-be7c-962dca052711","box","Lorwin box"
"Chrome Dome","tmt","Teenage Mutant Ninja Turtles","172","rare","en",2,"NM","nonfoil",false,false,false,0.68,0.63,1.18,0.74,0,0,"994a01eb-2689-49e7-be23-0713da9da9a8","box","Ff gift box"
"Everything Pizza","tmt","Teenage Mutant Ninja Turtles","173","uncommon","en",1,"NM","nonfoil",false,false,false,0.17,0.08,0.25,0.09,0,0,"df2cdaa5-9ea0-4aa5-89d3-9edf40fa2a39","box","bulk"
"Everything Pizza","tmt","Teenage Mutant Ninja Turtles","173","uncommon","en",1,"NM","nonfoil",false,false,false,0.17,0.08,0.25,0.09,0,0,"df2cdaa5-9ea0-4aa5-89d3-9edf40fa2a39","box","Ff gift box"
"Henchbots","tmt","Teenage Mutant Ninja Turtles","174","uncommon","en",2,"NM","nonfoil",false,false,false,0.23,0.12,0.25,0.13,0,0,"d77aa46e-fa57-4427-b0a3-0a957dc994dc","box","Ff gift box"
"Krang, Utrom Warlord","tmt","Teenage Mutant Ninja Turtles","175","mythic","en",1,"NM","nonfoil",false,false,false,18.01,13.79,18.96,15.32,0,0,"88d36c32-d6f9-46e4-9cc8-08e6c0ff05d2","box","Ff gift box"
"Omni-Cheese Pizza","tmt","Teenage Mutant Ninja Turtles","176","common","en",5,"NM","nonfoil",false,false,false,0.24,0.11,0.29,0.14,0,0,"f2c8397c-2014-4a43-9ed7-41795880011f","box","Ff gift box"
"Skateboard","tmt","Teenage Mutant Ninja Turtles","178","uncommon","en",1,"NM","nonfoil",false,false,false,0.35,0.32,0.40,1.05,0,0,"deadb6d8-3eea-4261-a07c-8536df89e85c","box","Ff gift box"
"Technodrome","tmt","Teenage Mutant Ninja Turtles","179","mythic","en",1,"NM","nonfoil",false,false,false,1.56,2.83,4.36,3.86,0,0,"287f5ab0-b15b-4507-8a24-585f9a9841ad","box","Lorwin box"
"Turtle Blimp","tmt","Teenage Mutant Ninja Turtles","180","uncommon","en",2,"NM","nonfoil",false,false,false,0.17,0.10,0.21,0.17,0,0,"6e118fc5-b0ae-4592-8292-d611856ae203","box","Ff gift box"
"Dimension X","tmt","Teenage Mutant Ninja Turtles","183","common","en",3,"NM","nonfoil",false,false,false,0.19,0.06,0.26,0.26,0,0,"1c244fc2-70f0-4149-b0d2-d49fc6bac2b0","box","Ff gift box"
"Escape Tunnel","tmt","Teenage Mutant Ninja Turtles","184","common","en",1,"NM","nonfoil",false,false,false,0.30,0.11,0.27,0.37,0,0,"5df90940-15ea-418c-8547-6c75d69ec6d3","box","bulk"
"Escape Tunnel","tmt","Teenage Mutant Ninja Turtles","184","common","en",1,"NM","nonfoil",false,false,false,0.30,0.11,0.27,0.37,0,0,"5df90940-15ea-418c-8547-6c75d69ec6d3","box","Ff gift box"
"Foot Headquarters","tmt","Teenage Mutant Ninja Turtles","185","common","en",3,"NM","nonfoil",false,false,false,0.19,0.06,0.25,0.18,0,0,"45e68113-3f05-4547-947d-4cb9ebfa73c7","box","Ff gift box"
"Illegitimate Business","tmt","Teenage Mutant Ninja Turtles","186","common","en",1,"NM","nonfoil",false,false,false,0.25,0.07,0.31,0.15,0,0,"71597acf-1ce6-46a8-b6c0-88755c8a377c","box","Ff gift box"
"Mutant Town","tmt","Teenage Mutant Ninja Turtles","187","common","en",4,"NM","nonfoil",false,false,false,0.18,0.07,0.17,0.22,0,0,"c6eac43d-08b6-45a4-803b-10a321a241d7","box","Ff gift box"
"Northampton Farm","tmt","Teenage Mutant Ninja Turtles","188","rare","en",1,"NM","nonfoil",false,false,false,0.36,0.27,0.38,0.48,0,0,"dbca168e-095f-4fbc-88f8-3048d83caf94","box","Ff gift box"
"TCRI Building","tmt","Teenage Mutant Ninja Turtles","189","common","en",3,"NM","nonfoil",false,false,false,0.24,0.08,0.19,0.14,0,0,"8817a1d6-ef39-4e7c-8277-74aea012803b","box","Ff gift box"
"Turtle Lair","tmt","Teenage Mutant Ninja Turtles","190","uncommon","en",3,"NM","nonfoil",false,false,false,0.28,0.15,0.31,0.13,0,0,"c50c4580-979b-4863-86b9-16e258198972","box","Ff gift box"
"Turtle Lair","tmt","Teenage Mutant Ninja Turtles","190","uncommon","en",1,"NM","nonfoil",false,false,false,0.28,0.15,0.31,0.13,0,0,"c50c4580-979b-4863-86b9-16e258198972","box","bulk"
"Plains","tmt","Teenage Mutant Ninja Turtles","191","common","en",3,"NM","nonfoil",false,false,false,0.28,0.14,0.36,0.19,0,0,"1b405611-27d4-435a-8e8e-6d528626fd27","box","Ff gift box"
"Island","tmt","Teenage Mutant Ninja Turtles","192","common","en",2,"NM","nonfoil",false,false,false,0.28,0.18,0.37,0.19,0,0,"be2319a6-d089-4d13-8a7b-3552e654cdc5","box","Ff gift box"
"Swamp","tmt","Teenage Mutant Ninja Turtles","193","common","en",2,"NM","nonfoil",false,false,false,0.26,0.13,0.34,0.23,0,0,"41c7688d-8155-45fd-83ba-ff9be4d414a3","box","Ff gift box"
"Mountain","tmt","Teenage Mutant Ninja Turtles","194","common","en",1,"NM","nonfoil",false,false,false,0.26,0.18,0.33,0.17,0,0,"6243f79f-b0e3-4fba-b899-7535e1a277e2","box","Ff gift box"
"Forest","tmt","Teenage Mutant Ninja Turtles","195","common","en",3,"NM","nonfoil",false,false,false,0.27,0.20,0.35,0.21,0,0,"6194850b-d70a-4f3e-be3e-bfb23ce1170b","box","Ff gift box"
"Michelangelo, Mutant BFF","tmt","Teenage Mutant Ninja Turtles","198","uncommon","en",1,"NM","nonfoil",false,false,false,0.46,0.20,0.76,0.47,0,0,"ff378d21-eb8c-4e6d-9e63-5f1b6030a001","box","Ff gift box"
"Raphael, Most Attitude","tmt","Teenage Mutant Ninja Turtles","199","uncommon","en",1,"NM","nonfoil",false,false,false,0.36,0.23,0.41,0.42,0,0,"65c50cfe-1452-407c-a651-6fc8bcc92a98","box","Ff gift box"
"Jennika, Bad Apple Big Sister","tmt","Teenage Mutant Ninja Turtles","203","common","en",2,"NM","nonfoil",false,false,false,0.14,0.11,0.21,0.21,0,0,"64c6cf57-bc43-4b36-a01c-f4b2fadc8ce2","box","Ff gift box"
"April, Reporter of the Weird","tmt","Teenage Mutant Ninja Turtles","206","uncommon","en",1,"NM","nonfoil",false,false,false,0.26,0.11,0.33,0.36,0,0,"cbce9297-f601-4478-8865-6848700c4a42","box","Ff gift box"
"Foot Ninjas","tmt","Teenage Mutant Ninja Turtles","209","common","en",1,"NM","nonfoil",false,false,false,0.20,0.13,0.29,0.32,0,0,"fa84045f-f14a-42fc-ba07-9674239b3587","box","Ff gift box"
"Shredder, Unrelenting","tmt","Teenage Mutant Ninja Turtles","210","uncommon","en",1,"NM","nonfoil",false,false,false,0.39,0.19,0.42,0.39,0,0,"43c80d9e-0180-491a-ab08-2ba00f273604","box","Ff gift box"
"Raphael, Ninja Destroyer","tmt","Teenage Mutant Ninja Turtles","218","mythic","en",1,"NM","nonfoil",false,false,false,5.18,3.70,8.73,4.53,0,0,"183c6c8d-3e5c-4a7b-bd5a-cbaa0a781a58","box","Ff gift box"
"Dark Leo & Shredder","tmt","Teenage Mutant Ninja Turtles","220","mythic","en",1,"NM","nonfoil",false,false,false,16.38,11.02,19.70,17.32,0,0,"b8988f95-1c0b-4886-ad3f-b9d38edb672d","box","ProXy"
"Don & Leo, Problem Solvers","tmt","Teenage Mutant Ninja Turtles","242","rare","en",1,"NM","nonfoil",false,false,false,0.77,0.62,1.18,0.61,0,0,"807ed47f-53a6-40e5-a1d2-82414299c5e1","box","Ff gift box"
"Karai's Technique","tmt","Teenage Mutant Ninja Turtles","244","uncommon","en",1,"NM","nonfoil",false,false,false,0.24,0.14,0.31,0.28,0,0,"e39a0633-3f65-4ae1-aef0-99018bbfa4f2","box","Ff gift box"
"Krang & Shredder","tmt","Teenage Mutant Ninja Turtles","245","rare","en",1,"NM","nonfoil",false,false,false,1.87,0.84,2.30,1.65,0,0,"eaba0387-dbbf-4589-949c-2acbdcd6b5bd","box","Ff gift box"
"Rat King, Verminister","tmt","Teenage Mutant Ninja Turtles","266","rare","en",1,"NM","nonfoil",false,false,false,2.21,2.32,2.82,2.94,0,0,"c8c0be82-6448-4ae9-aed6-147b8e2988f0","box","Ff gift box"
"Shark Shredder, Killer Clone","tmt","Teenage Mutant Ninja Turtles","268","rare","en",2,"NM","nonfoil",false,false,false,0.90,0.79,1.46,1.08,0,0,"99841fff-706c-469a-8551-6d397b0d6f8a","box","ProXy"
"Ravenous Robots","tmt","Teenage Mutant Ninja Turtles","271","rare","en",1,"NM","nonfoil",false,false,false,2.81,3.03,3.34,3.86,0,0,"c3e68d0d-c259-423e-a319-8b2397c4892c","box","Ff gift box"
"Mutagen Man, Living Ooze","tmt","Teenage Mutant Ninja Turtles","273","rare","en",1,"NM","nonfoil",false,false,false,4.07,3.53,4.37,3.66,0,0,"3630d2ad-9bfe-4e86-addb-c4b620b52b14","box","Ff gift box"
"Krang, Utrom Warlord","tmt","Teenage Mutant Ninja Turtles","290","mythic","en",2,"NM","foil",false,false,false,0,28.00,38.55,32.34,0,0,"51409265-aa99-423e-be34-f62e122dbac3","box","ProXy"
"Swamp","tmt","Teenage Mutant Ninja Turtles","307","common","en",1,"NM","foil",false,false,false,0,0.35,0.89,0.87,0,0,"5f1ecc8a-4f83-46ce-80cc-acdff31d9ece","box","Lorwin box"
"Mountain","tmt","Teenage Mutant Ninja Turtles","308","common","en",1,"NM","foil",false,false,false,0,0.28,0.73,0.77,0,0,"eb359844-c9e7-4ab2-ac5f-d426c4fe6fc7","box","Ff gift box"
"Plains","tmt","Teenage Mutant Ninja Turtles","315","common","en",2,"NM","nonfoil",false,false,false,0.19,0.10,0.30,0.27,0,0,"2dfe1926-c0d5-40a2-b1aa-988524aefc31","box","bulk"
"Island","tmt","Teenage Mutant Ninja Turtles","316","common","en",2,"NM","nonfoil",false,false,false,0.19,0.11,0.29,0.23,0,0,"836f371b-34f5-40e8-a806-e457841e5bc7","box","bulk"
"Swamp","tmt","Teenage Mutant Ninja Turtles","317","common","en",2,"NM","nonfoil",false,false,false,0.25,0.12,0.38,0.22,0,0,"e43ac31a-942e-4871-be29-426e19e52701","box","bulk"
"Mountain","tmt","Teenage Mutant Ninja Turtles","318","common","en",2,"NM","nonfoil",false,false,false,0.18,0.09,0.29,0.26,0,0,"021fa322-f38c-4d94-8122-5b13425106d9","box","bulk"
"Forest","tmt","Teenage Mutant Ninja Turtles","319","common","en",4,"NM","nonfoil",false,false,false,0.20,0.10,0.27,0.26,0,0,"3b84ec1e-ccce-4b8b-9302-b26f84cfa469","box","bulk"
"Fractal","tsos","Secrets of Strixhaven Tokens","5","common","en",1,"NM","nonfoil",false,false,false,0.35,0.31,0.49,0.43,0,0,"8b5f1fdb-04df-4224-acb4-7819c37565f5","box","Lorwin box"
"Mystical Teachings","tsp","Time Spiral","69","common","en",1,"NM","nonfoil",false,false,false,0.36,0.15,11.74,3.98,0,0,"a057e5f3-b6bd-4995-b990-714201f36989","box","Foundation"
"Norin the Wary","tsp","Time Spiral","171","rare","en",1,"NM","nonfoil",false,false,false,22.92,6.54,44.52,13.37,0,0,"f61ea59a-1db0-4e6b-bcde-19787c76a49b","box","ProXy"
"Reiterate","tsp","Time Spiral","175","rare","en",1,"NM","nonfoil",false,false,false,18.92,5.39,73.06,14.64,0,0,"4bc2151b-acec-4237-8f6f-ed97055f3bb9","box","ProXy"
"Gemstone Caverns","tsp","Time Spiral","274","rare","en",1,"NM","nonfoil",false,false,false,53.01,34.19,315.98,132.97,0,0,"94d74254-4750-4fb3-9e53-473a5f98b315","box","ProXy"
"Bonesplitter Sliver","tsr","Time Spiral Remastered","155","common","en",1,"NM","nonfoil",false,false,false,0.29,0.07,0.58,0.50,0,0,"29672365-f059-4ff2-93c5-437b9ab01297","box","Lorwin box"
"Grapeshot","tsr","Time Spiral Remastered","166","common","en",1,"NM","nonfoil",false,false,false,0.38,0.18,0.94,0.60,0,0,"585bed40-9ca6-46a0-80c4-c769cd8e2b20","box","ProXy"
"Might Sliver","tsr","Time Spiral Remastered","218","uncommon","en",1,"NM","nonfoil",false,false,false,0.44,0.10,0.74,0.76,0,0,"97c72fc3-72ac-4727-9872-33dc71049894","box","Lorwin box"
"Baral, Chief of Compliance","tsr","Time Spiral Remastered","306","special","en",1,"NM","nonfoil",false,false,false,4.20,2.02,12.19,11.97,0,0,"a103a725-4750-4d9e-8792-6fbbb81bba0e","box","ProXy"
"Yawgmoth, Thran Physician","tsr","Time Spiral Remastered","336","special","en",1,"NM","nonfoil",false,false,false,34.63,28.66,89.71,93.02,0,0,"81564970-23ad-41a3-b5e0-21bdf13f6248","box","ProXy"
"Copy","ttmt","Teenage Mutant Ninja Turtles Tokens","1","common","en",1,"NM","nonfoil",false,false,false,0.35,0.31,0.79,0.69,0,0,"3e28bc58-b616-4a65-8d33-7cdd07405d41","box","Ff gift box"
"Food","ttmt","Teenage Mutant Ninja Turtles Tokens","8","common","en",3,"NM","nonfoil",false,false,false,0.35,0.31,0.49,0.43,0,0,"e2b62092-57df-4d95-b2b9-961794e7c20b","box","Ff gift box"
"Mutagen","ttmt","Teenage Mutant Ninja Turtles Tokens","9","common","en",7,"NM","nonfoil",false,false,false,0.35,0.31,0.49,0.43,0,0,"6559c423-449c-4e8e-8384-3ce78183e317","box","Ff gift box"
"Caltrops","uds","Urza's Destiny","129","uncommon","en",2,"NM","nonfoil",false,false,false,18.03,5.07,50.26,31.80,0,0,"a9cf74e4-31d2-4cd2-8f3a-b2141301f686","box","Spiderman"
"Defense of the Heart","ulg","Urza's Legacy","100","rare","en",1,"NM","nonfoil",false,false,false,24.52,15.23,183.00,94.95,0,0,"9e93381f-627f-41b6-b1b6-45d712a44d8e","deck","La cosa verde - Main"
"Grim Monolith","ulg","Urza's Legacy","126","rare","en",1,"NM","nonfoil",false,false,false,471.51,330.33,3498.00,2264.34,0,0,"9ddc9fe1-17c8-4e1d-aeb8-c4214e881280","box","ProXy"
"Discourtesy Clerk","unf","Unfinity","70","uncommon","en",1,"NM","nonfoil",false,false,false,0.12,0.16,0.32,0.31,0,0,"2658ceab-8d96-44d2-b443-ef671deca928","box","Avatar bundle"
"Wordmail","unh","Unhinged","22","common","en",1,"NM","nonfoil",false,false,false,0.22,0.22,1.59,1.09,0,0,"433e15af-194e-4456-8b5e-c66e8e1bbe27","box","Spiderman"
"Double Header","unh","Unhinged","31","common","en",1,"NM","nonfoil",false,false,false,0.12,0.14,1.05,0.86,0,0,"532c9c9f-a622-4bc3-b9be-38ed70b5c0f1","box","Spiderman"
"Argothian Enchantress","usg","Urza's Saga","234","rare","en",1,"NM","nonfoil",false,false,false,67.42,47.78,0,0,0,0,"9ababc1a-515e-4e20-8819-19d84d9b0af5","box","ProXy"
"Exploration","usg","Urza's Saga","250","rare","en",1,"NM","nonfoil",false,false,false,69.29,63.48,0,22.67,0,0,"2f09e451-0246-45a2-8bfd-07d3c65ddfe6","deck","La cosa verde - Main"
"Gaea's Cradle","usg","Urza's Saga","321","rare","en",1,"NM","nonfoil",false,false,false,1525.79,1202.53,0,0,0,0,"25b0b816-0583-44aa-9dc5-f3ff48993a51","deck","La cosa verde - Main"
"Very Cryptic Command","ust","Unstable","49d","rare","en",1,"NM","nonfoil",false,false,false,2.17,1.68,12.48,12.08,0,0,"12272ce6-ab1f-4576-9e50-21d324263c44","box","ProXy"
"Distant Melody","voc","Crimson Vow Commander","103","common","en",1,"NM","nonfoil",false,false,false,0.56,0.74,0,0.14,0,0,"46a65855-9d03-4b74-8339-b35481eb4a68","box","Lorwin box"
"Hero's Downfall","vow","Innistrad: Crimson Vow","120","uncommon","en",1,"NM","nonfoil",false,false,false,0.28,0.18,0.30,0.34,0,0,"c1b0751e-3a7e-4568-8c64-7429d6829687","box","Avatar bundle"
"Mayhem Devil","war","War of the Spark","204","uncommon","en",1,"NM","nonfoil",false,false,false,0.38,0.39,1.95,2.74,0,0,"17416926-168b-49b3-9231-acbb8f8a1d13","deck","Sad Men Parade - Main"
"The Master, Multiplied","who","Doctor Who","545","rare","en",1,"NM","nonfoil",false,false,false,6.17,5.60,5.92,4.78,0,0,"8fb40a56-80bd-4566-a005-2b385865b1dd","deck","Sad Men Parade - Main"
"Scattered Groves","who","Doctor Who","1103","rare","en",1,"NM","foil",false,false,false,0,0.40,1.65,0.72,0,0,"bffb5a5e-050e-4f2e-a671-461c9de521cf","box","Spiderman"
"Hullbreaker Horror","woc","Wilds of Eldraine Commander","95","rare","en",1,"NM","nonfoil",false,false,false,6.87,4.46,0,0,0,0,"0b743cf8-2d90-4fcf-94ad-8d9512dddd9e","box","ProXy"
"Run Away Together","woc","Wilds of Eldraine Commander","108","common","en",1,"NM","nonfoil",false,false,false,0.29,0.13,0,0,0,0,"000e88ab-f673-4822-bccb-a744f61060ef","box","Avatar bundle"
"Indomitable Might","woc","Wilds of Eldraine Commander","127","rare","en",1,"NM","nonfoil",false,false,false,1.46,0.58,0,0,0,0,"c3905879-2110-488b-a4f3-e37e8a97c1b9","deck","La cosa verde - Main"
"Stroke of Midnight","woe","Wilds of Eldraine","33","uncommon","en",1,"NM","nonfoil",false,false,false,0.38,0.50,0.46,0.77,0,0,"289ba7ec-e30e-436f-b8d4-c88b65ecd137","box","Avatar bundle"
"Beseech the Mirror","woe","Wilds of Eldraine","82","mythic","en",2,"NM","nonfoil",false,false,false,20.56,15.18,29.04,22.72,0,0,"18c59776-e1f1-4197-a128-db1d603f56b7","box","ProXy"
"Not Dead After All","woe","Wilds of Eldraine","101","common","en",1,"NM","nonfoil",false,false,false,1.18,1.34,2.54,1.43,0,0,"d01a2b68-efe6-4027-846d-db7b19d9eef6","deck","Sad Men Parade - Main"
"Redcap Gutter-Dweller","woe","Wilds of Eldraine","351","rare","en",1,"NM","nonfoil",false,false,false,0.35,0.46,0.33,0.49,0,0,"59cb9275-07f2-46b1-a64b-2971390a35de","box","Foundation"
"Intruder Alarm","wot","Wilds of Eldraine: Enchanting Tales","21","rare","en",1,"NM","nonfoil",false,false,false,5.02,2.26,5.48,3.95,0,0,"0c7eafcf-49aa-4134-b2d8-d9804160bcca","box","Spiderman"
"Impact Tremors","wot","Wilds of Eldraine: Enchanting Tales","44","uncommon","en",1,"NM","nonfoil",false,false,false,3.51,2.49,4.96,2.75,0,0,"e23cf8e0-0983-4495-ad3e-8b0c3e706115","box","Spiderman"
"Parallel Lives","wot","Wilds of Eldraine: Enchanting Tales","58","mythic","en",1,"NM","nonfoil",false,false,false,37.62,21.54,44.77,26.68,0,0,"73558b8d-fb08-4df5-99e3-d4c11c9ccfa7","box","ProXy"
"Doubling Season","wot","Wilds of Eldraine: Enchanting Tales","81","mythic","en",1,"NM","nonfoil",false,false,false,40.35,27.65,61.95,51.23,0,0,"6d545e9d-3b8e-44f5-8b4e-d8573ecc5819","deck","La cosa verde - Main"
"Pulse Tracker","wwk","Worldwake","62","common","en",1,"NM","nonfoil",false,false,false,0.29,0.20,2.59,1.66,0,0,"4604a63c-ebe0-420f-968e-3ffc7641ce22","box","Foundation"
"Dive Down","xln","Ixalan","53","common","en",1,"NM","nonfoil",false,false,false,0.10,0.21,1.20,1.52,0,0,"b33e493e-1aef-43b3-9716-52158b002430","box","Foundation"
"Sure Strike","xln","Ixalan","166","common","en",1,"NM","nonfoil",false,false,false,0.13,0.15,0.20,0.12,0,0,"5370060a-653b-453d-8daf-bef46f9bb4d5","box","Avatar bundle"
"Dowsing Dagger // Lost Vale","xln","Ixalan","235","rare","fr",1,"NM","nonfoil",false,false,false,6.91,5.43,8.63,7.04,0,0,"d37d9ce2-a4b4-49a6-ae23-493380942460","deck","Sad Men Parade - Main"
"Thaumatic Compass // Spires of Orazca","xln","Ixalan","249","rare","en",1,"NM","nonfoil",false,false,false,1.97,1.34,5.43,2.67,0,0,"392af78e-34d5-4b1b-8b29-0e702271e4d7","box","Foundation"
"Swamp","xln","Ixalan","268","common","en",1,"NM","nonfoil",false,false,false,0.14,0.08,0.48,0.36,0,0,"db69a637-5770-4eea-9b04-c00e6f90a12a","box","Ff gift box"
"Vampire Nighthawk","zen","Zendikar","116","uncommon","en",1,"NM","nonfoil",false,false,false,0.35,0.15,3.85,1.76,0,0,"44f19fe3-7a17-4c45-adfa-590f73dfebfa","box","Avatar bundle"
"Burst Lightning","zen","Zendikar","119","common","en",1,"NM","nonfoil",false,false,false,0.27,0.15,7.27,1.41,0,0,"2dc16614-5cf8-444d-a5ae-cac25018af68","box","Avatar bundle"
"Beastmaster Ascension","zen","Zendikar","159","rare","en",1,"NM","nonfoil",false,false,false,4.68,3.43,22.73,9.77,0,0,"02d7ea78-d539-4c34-8bb3-941353e3da46","deck","La cosa verde - Main"
"Flooded Strand","zne","Zendikar Rising Expeditions","1","mythic","en",1,"NM","nonfoil",false,false,false,35.58,31.99,70.84,65.02,0,0,"acc4115b-4bbb-4bb7-81c6-466130982a9c","box","ProXy"
"Malakir Rebirth // Malakir Mire","znr","Zendikar Rising","111","uncommon","en",1,"NM","nonfoil",false,false,false,12.29,10.39,16.01,12.07,0,0,"609d3ecf-f88d-4268-a8d3-4bf2bcf5df60","deck","Sad Men Parade - Main"
"Spitfire Lagac","znr","Zendikar Rising","167","common","en",2,"NM","nonfoil",false,false,false,0.14,0.11,0.28,0.38,0,0,"47f26493-812f-4c14-91c4-d2ab549a7b8a","box","Avatar bundle"
"Scute Swarm","znr","Zendikar Rising","203","rare","en",1,"NM","nonfoil",false,false,false,10.23,5.45,7.51,5.50,0,0,"61f42823-8a48-4b81-a037-664ba1c69f29","box","Lorwin box"