"Count","Tradelist Count","Name","Edition","Condition","Language","Foil","Tags","Last Modified","Collector Number","Alter","Proxy","Purchase Price"
"1","0","Ad Nauseam","soa","Near Mint","Japanese","","","","90","False","False",""
"1","0","Nim Abomination","dst","Near Mint","Italian","","","","49","False","False",""
"1","0","Ghitu Encampment","j25","Near Mint","Italian","","","","155","False","False",""
"1","0","Organ Hoarder","j25","Near Mint","Italian","","","","340","False","False",""
"1","0","Astral Steel","scg","Near Mint","Italian","","","","2","False","False",""
"1","0","Null Group Biological Assets","tmt","Near Mint","French","","","","98","False","False",""
"1","0","Bite Down","j25","Near Mint","Italian","","","","636","False","False",""
"2","0","Looming Hoverguard","mrd","Near Mint","Italian","","","","38","False","False",""
"1","0","Looming Hoverguard","mrd","Near Mint","French","","","","38","False","False",""
"1","0","Deal Gone Bad","j25","Near Mint","Italian","","","","419","False","False",""
"1","0","Rubble Rouser","sos","Near Mint","French","","","","128","False","False",""
"1","0","Shimmering Wings","tmp","Near Mint","Italian","","","","87","False","False",""
"1","0","Dragon Breath","scg","Near Mint","Italian","","","","86","False","False",""
"1","0","Merfolk Pupil","j22","Near Mint","Italian","","","","15","False","False",""
"1","0","Take Up the Shield","dmu","Near Mint","Italian","","","","35","False","False",""
"1","0","Loxodon Anchorite","5dn","Near Mint","Italian","","","","10","False","False",""
"1","0","Deep Analysis","j25","Near Mint","Italian","","","","304","False","False",""
"2","0","Go Forth","j25","Near Mint","Italian","","","","20","False","False",""
"1","0","Dazzling Angel","fdn","Near Mint","French","","","","9","False","False",""
"1","0","Distress","chk","Near Mint","Italian","","","","111","False","False",""
"1","0","Forgotten Ancient","j25","Near Mint","Italian","","","","147","False","False",""
"1","0","Open Fire","j25","Near Mint","Italian","","","","583","False","False",""
"1","0","Primeval Herald","j22","Near Mint","Italian","","","","42","False","False",""
"1","0","Transcendent Archaic","sos","Near Mint","French","","","","5","False","False",""
"1","0","Balamb T-Rexaur","fin","Near Mint","French","","","","173","False","False",""
"1","0","Thopter Architect","j25","Near Mint","Italian","","","","272","False","False",""
"1","0","Thornweald Archer","j25","Near Mint","Italian","","","","724","False","False",""
"1","0","Char","rav","Near Mint","Italian","","","","117","False","False",""
"1","0","Phyrexian Arena","one","Near Mint","Italian","","","","104","False","False",""
"1","0","Arrogant Outlaw","j25","Near Mint","German","","","","400","False","False",""
"1","0","Improvised Arsenal","tmt","Near Mint","French","","","","92","False","False",""
"1","0","Machinist's Arsenal","fin","Near Mint","French","","","","23","False","False",""
"1","0","Geometer's Arthropod","sos","Near Mint","French","","","","300","False","False",""
"1","0","Ainok Artillerist","j25","Near Mint","Italian","","","","624","False","False",""
"1","0","Relic Axe","j25","Near Mint","Italian","","","","759","False","False",""
"1","0","Dauntless Onslaught","j25","Near Mint","Italian","","","","98","False","False",""
"1","0","Go Nuts!","msh","Near Mint","French","","","","168","False","False",""
"1","0","Cornered by Black Mages","fin","Near Mint","French","","","","93","False","False",""
"1","0","Atlantis Attacks","msh","Near Mint","French","","","","46","False","False",""
"1","0","Grapple with Death","sos","Near Mint","French","","","","192","False","False",""
"1","0","Swallowed by Leviathan","fin","Near Mint","French","","","","79","False","False",""
"1","0","Goma Fada Vanguard","j25","Near Mint","Italian","","","","561","False","False",""
"1","0","Aven Reedstalker","hou","Near Mint","Italian","","","","30","False","False",""
"1","0","Experimental Aviator","j25","Near Mint","Italian","","","","309","False","False",""
"1","0","Gorging Vulture","j22","Near Mint","Italian","","","","420","False","False",""
"1","0","Blademane Baku","bok","Near Mint","Italian","","","","95","False","False",""
"1","0","Canopy Baloth","j25","Near Mint","Italian","","","","643","False","False",""
"1","0","Baloth Woodcrasher","j25","Near Mint","Italian","","","","633","False","False",""
"1","0","Wrecking Crew","j25","Near Mint","Italian","","","","617","False","False",""
"1","0","Howling Banshee","j25","Near Mint","Italian","","","","119","False","False",""
"1","0","Warren Soultrader","mh3","Near Mint","German","","","","110","False","True",""
"1","0","Baron, Airship Kingdom","fin","Near Mint","French","","","","273","False","False",""
"1","0","Razor Barrier","mrd","Near Mint","Italian","","","","17","False","False",""
"1","0","Los Diablos Missile Base","msh","Near Mint","French","","","","270","False","False",""
"1","0","Cephalid Scout","ody","Near Mint","Portuguese","","","","74","False","False",""
"1","0","TCRI Building","tmt","Near Mint","French","","","","189","False","False",""
"1","0","Black Mage's Rod","fin","Near Mint","French","","","","90","False","False",""
"1","0","Blink of an Eye","j25","Near Mint","Italian","","","","289","False","False",""
"1","0","Mirran Bardiche","one","Near Mint","Italian","","","","22","False","False",""
"1","0","Weaselback Redcap","j25","Near Mint","Italian","","","","614","False","False",""
"1","0","Clear Shot","j25","Near Mint","Italian","","","","645","False","False",""
"4","0","Leonin Bola","dst","Near Mint","Italian","","","","127","False","False",""
"1","0","Dropkick Bomber","j25","Near Mint","Italian","","","","13","False","False",""
"1","0","Thriving Grove","j22","Near Mint","Italian","","","","823","False","False",""
"3","0","Thriving Grove","j25","Near Mint","Italian","","","","776","False","False",""
"1","0","Stasis Cocoon","5dn","Near Mint","Italian","","","","18","False","False",""
"1","0","Hunger of the Nim","dst","Near Mint","Italian","","","","46","False","False",""
"2","0","Frostwielder","chk","Near Mint","Italian","","","","167","False","False",""
"1","0","Braulios of Pheres Band","j25","Near Mint","Italian","","","","51","False","False",""
"1","0","Inspiring Overseer","j25","Near Mint","French","","","","212","False","False",""
"1","0","Brigone, Soldier of Meletis","j25","Near Mint","Spanish","","","","30","False","False",""
"1","0","Witty Roastmaster","snc","Near Mint","Italian","","","","131","False","False",""
"3","0","Thriving Heath","j25","Near Mint","Italian","","","","777","False","False",""
"1","0","Glint-Horn Buccaneer","m20","Near Mint","Italian","","","","141","False","False",""
"2","0","Psychic Puppetry","chk","Near Mint","Italian","","","","80","False","False",""
"1","0","Viashino Sandstalker","8ed","Near Mint","Italian","","","","230","False","False",""
"1","0","Slithery Stalker","tor","Near Mint","Italian","","","","84","False","False",""
"2","0","Echoing Calm","dst","Near Mint","Italian","","","","2","False","False",""
"1","0","Inner Calm, Outer Strength","sok","Near Mint","Italian","","","","133","False","False",""
"1","0","Archaic's Agony","sos","Near Mint","French","","","","107","False","False",""
"1","0","Carbonize","scg","Near Mint","Italian","","","","83","False","False",""
"1","0","Cartouche of Zeal","j25","Near Mint","Italian","","","","529","False","False",""
"1","0","Markov Retribution","j25","Near Mint","Italian","","","","576","False","False",""
"1","0","Chains of Custody","j25","Near Mint","Italian","","","","180","False","False",""
"2","0","Safewright Cavalry","ecl","Near Mint","French","","","","191","False","False",""
"1","0","Forgotten Cave","onc","Near Mint","Italian","","","","153","False","False",""
"1","0","Forgotten Cave","ons","Near Mint","Italian","","","","317","False","False",""
"1","0","Combat Celebrant","j25","Near Mint","Italian","","","","531","False","False",""
"1","0","Blood Petal Celebrant","j25","Near Mint","Italian","","","","523","False","False",""
"1","0","Falkenrath Celebrants","j25","Near Mint","Italian","","","","542","False","False",""
"1","0","Celebrate the Harvest","mic","Near Mint","Italian","","","","24","False","False",""
"1","0","High-Flying Ace","tmt","Near Mint","French","","","","9","False","False",""
"2","0","Thoughtweft Charge","ecl","Near Mint","French","","","","198","False","False",""
"1","0","Call to Glory","chk","Near Mint","Italian","","","","4","False","False",""
"1","0","Blood Beckoning","j25","Near Mint","Italian","","","","405","False","False",""
"1","0","Bonecaller Cleric","j25","Near Mint","Italian","","","","112","False","False",""
"1","0","Fallen Cleric","ons","Near Mint","Italian","","","","145","False","False",""
"1","0","Shock","m14","Near Mint","French","","","","155","False","False",""
"1","0","Blind with Anger","chk","Near Mint","Italian","","","","158","False","False",""
"1","0","Vulshok War Boar","dst","Near Mint","Italian","","","","72","False","False",""
"1","0","Circle of Protection: Artifacts","5dn","Near Mint","Italian","","","","8","False","False",""
"1","0","Dross Crocodile","5dn","Near Mint","Italian","","","","47","False","False",""
"1","0","Chartooth Cougar","scg","Near Mint","Italian","","","","84","False","False",""
"1","0","Sporemound","znc","Near Mint","Italian","","","","82","False","False",""
"1","0","Arcbound Bruiser","dst","Near Mint","Italian","","","","94","False","False",""
"1","0","Defiant Strike","j25","Near Mint","Italian","","","","187","False","False",""
"1","0","Fungal Plots","j25","Near Mint","Italian","","","","658","False","False",""
"1","0","Daybreak Combatants","vow","Near Mint","Italian","","","","153","False","False",""
"1","0","Crustacean Commando","tmt","Near Mint","French","","","","33","False","False",""
"1","0","Ulna Alley Shopkeep","sos","Near Mint","French","","","","103","False","False",""
"1","0","Concentrate","8ed","Near Mint","Italian","","","","68","False","False",""
"1","0","Tenured Concocter","sos","Near Mint","French","","","","163","False","False",""
"1","0","Dark Confidant","j25","Near Mint","Italian","","","","114","False","False",""
"1","0","Dina's Guidance","sos","Near Mint","French","","","","184","False","False",""
"1","0","Curator of Sun's Creation","lci","Near Mint","French","","","","141","False","False",""
"1","0","Curator of Sun's Creation","lci","Near Mint","French","","","","141","False","False",""
"1","0","Plate Armor","j25","Near Mint","Italian","","","","100","False","False",""
"1","0","Chord of Calling","rvr","Near Mint","Italian","","","","345","False","False",""
"1","0","Wind-Scarred Crag","fdn","Near Mint","French","","","","271","False","False",""
"1","0","Whirlermaker","j25","Near Mint","Italian","","","","762","False","False",""
"1","0","Slithering Cryptid","tmt","Near Mint","French","","","","168","False","False",""
"1","0","Scythecat Cub","j25","Near Mint","Italian","","","","24","False","False",""
"1","0","Skyhunter Cub","mrd","Near Mint","Italian","","","","21","False","False",""
"1","0","Dragon Whelp","dmr","Near Mint","Italian","","","","317","False","False",""
"1","0","Firespitter Whelp","fdn","Near Mint","Italian","","","","197","False","False",""
"1","0","Generous Pup","j25","Near Mint","Italian","","","","4","False","False",""
"1","0","Hearts on Fire","j25","Near Mint","Italian","","","","17","False","False",""
"1","0","Cynette, Jelly Drover","j25","Near Mint","Italian","","","","35","False","False",""
"1","0","Red Sun's Twilight","one","Near Mint","German","","","","145","False","False",""
"1","0","Danitha Capashen, Paragon","j25","Near Mint","Italian","","","","59","False","False",""
"1","0","Visionary's Dance","sos","Near Mint","French","","","","242","False","False",""
"1","0","Flame-Blessed Bolt","j25","Near Mint","Italian","","","","551","False","False",""
"2","0","Glorious Decay","sos","Near Mint","French","","","","150","False","False",""
"1","0","Defenestrate","j25","Near Mint","Italian","","","","420","False","False",""
"1","0","Audacious Thief","j25","Near Mint","Spanish","","","","401","False","False",""
"1","0","Dusk Imp","ody","Near Mint","Italian","","","","131","False","False",""
"1","0","Carry Away","dst","Near Mint","French","","","","19","False","False",""
"1","0","Desert of the Fervent","j25","Near Mint","Italian","","","","764","False","False",""
"1","0","Patriarch's Desire","ody","Near Mint","Italian","","","","156","False","False",""
"1","0","Waker of Waves","j25","Near Mint","Italian","","","","383","False","False",""
"1","0","Dionus, Elvish Archdruid","j25","Near Mint","Italian","","","","52","False","False",""
"1","0","Silent Departure","j25","Near Mint","Italian","","","","358","False","False",""
"1","0","Elderfang Disciple","j25","Near Mint","Italian","","","","432","False","False",""
"1","0","Longstalk Brawl","blb","Near Mint","Italian","","","","182","False","False",""
"1","0","Doomed Dissenter","j25","Near Mint","Italian","","","","425","False","False",""
"1","0","Shatter","8ed","Near Mint","Italian","","","","220","False","False",""
"1","0","Crushing Pain","chk","Near Mint","Italian","","","","162","False","False",""
"1","0","Leonin Den-Guard","mrd","Near Mint","Italian","","","","9","False","False",""
"1","0","Alchemist's Gift","j25","Near Mint","Italian","","","","397","False","False",""
"1","0","Phantasmal Shieldback","j25","Near Mint","Italian","","","","8","False","False",""
"2","0","Dose of Dawnglow","ecl","Near Mint","French","","","","100","False","False",""
"1","0","Stitched Drake","j25","Near Mint","Italian","","","","368","False","False",""
"1","0","Dragon Hatchling","j25","Near Mint","Italian","","","","536","False","False",""
"1","0","Rapacious Dragon","j25","Near Mint","Italian","","","","588","False","False",""
"1","0","Sparktongue Dragon","j25","Near Mint","Italian","","","","600","False","False",""
"1","0","Gleaming Geardrake","mkm","Near Mint","French","","","","424","False","False",""
"1","0","Draugr Thought-Thief","j25","Near Mint","Italian","","","","305","False","False",""
"1","0","Great Forest Druid","ecl","Near Mint","French","","","","178","False","False",""
"1","0","Conciliator's Duelist","sos","Near Mint","French","","","","348","False","False",""
"1","0","Loporrit Scout","fin","Near Mint","French","","","","192","False","False",""
"1","0","Squirrelanoids","tmt","Near Mint","French","","","","81","False","False",""
"2","0","Old-Growth Educator","sos","Near Mint","French","","","","207","False","False",""
"1","0","Scornful Egotist","scg","Near Mint","Italian","","","","50","False","False",""
"1","0","Spark Elemental","5dn","Near Mint","Italian","","","","79","False","False",""
"1","0","Electroduplicate","fdn","Near Mint","Italian","","","","85","False","False",""
"1","0","Llanowar Elves","j25","Near Mint","Italian","","","","149","False","False",""
"1","0","Dwynen's Elite","j25","Near Mint","Italian","","","","654","False","False",""
"1","0","Helm of the Host","dom","Near Mint","Italian","","","","217","False","False",""
"1","0","Virulent Emissary","ecl","Near Mint","French","","","","202","False","False",""
"1","0","Infernal Grasp","inr","Near Mint","French","","","","119","False","False",""
"1","0","Imperious Inkmage","sos","Near Mint","French","","","","195","False","False",""
"2","0","Krark-Clan Grunt","mrd","Near Mint","Italian","","","","97","False","False",""
"1","0","Metalspinner's Puzzleknot","j25","Near Mint","Italian","","","","755","False","False",""
"1","0","Wind Strider","xln","Near Mint","French","","","","88","False","False",""
"1","0","Purge","dst","Near Mint","Italian","","","","12","False","False",""
"1","0","Harrow","j25","Near Mint","Italian","","","","668","False","False",""
"1","0","Markov Enforcer","voc","Near Mint","Italian","","","","26","False","False",""
"1","0","Alpha Status","scg","Near Mint","Italian","","","","110","False","False",""
"1","0","Explore","j25","Near Mint","Italian","","","","146","False","False",""
"1","0","Magma Jet","5dn","Near Mint","Italian","","","","73","False","False",""
"1","0","Rapier Wit","sos","Near Mint","French","","","","28","False","False",""
"1","0","Colorstorm Stallion","sos","Near Mint","French","","","","299","False","False",""
"1","0","Gilt-Leaf's Embrace","ecl","Near Mint","French","","","","177","False","False",""
"2","0","Razorgrass Invoker","j25","Near Mint","Italian","","","","22","False","False",""
"1","0","Tackle Artist","sos","Near Mint","French","","","","133","False","False",""
"1","0","Mutable Explorer","ecl","Near Mint","French","","","","186","False","False",""
"1","0","Agonizing Syphon","m20","Near Mint","Spanish","","","","83","False","False",""
"1","0","Moonglove Extractor","ecl","Near Mint","French","","","","109","False","False",""
"3","0","Thriving Bluff","j22","Near Mint","Italian","","","","822","False","False",""
"1","0","Thriving Bluff","j25","Near Mint","Italian","","","","775","False","False",""
"1","0","Haunting Figment","j25","Near Mint","Italian","","","","317","False","False",""
"2","0","Metal Fatigue","dst","Near Mint","Italian","","","","8","False","False",""
"1","0","Lumaret's Favor","sos","Near Mint","French","","","","153","False","False",""
"1","0","Koma's Faithful","j25","Near Mint","Italian","","","","457","False","False",""
"1","0","Crack the Earth","bok","Near Mint","Italian","","","","98","False","False",""
"1","0","Aether Vial","dst","Near Mint","Italian","","","","91","False","False",""
"2","0","Yamabushi's Flame","chk","Near Mint","Italian","","","","198","False","False",""
"1","0","Prideful Parent","fdn","Near Mint","French","","","","21","False","False",""
"1","0","Hanabi Blast","chk","Near Mint","Italian","","","","170","False","False",""
"1","0","Masterful Flourish","sos","Near Mint","French","","","","89","False","False",""
"2","0","Shopkeeper's Bane","sos","Near Mint","French","","","","159","False","False",""
"1","0","Bloodlust Inciter","j25","Near Mint","Italian","","","","525","False","False",""
"1","0","Mouser Foundry","tmt","Near Mint","French","","","","96","False","False",""
"1","0","Shardless Outlander","j25","Near Mint","Italian","","","","28","False","False",""
"1","0","Forge Armor","mrd","Near Mint","Italian","","","","92","False","False",""
"1","0","Phantasmal Form","j25","Near Mint","Italian","","","","344","False","False",""
"1","0","Grave Strength","j25","Near Mint","Italian","","","","450","False","False",""
"1","0","Holy Strength","8ed","Near Mint","Italian","","","","24","False","False",""
"1","0","Mindsparker","fdn","Near Mint","French","","","","628","False","False",""
"1","0","Demolish","8ed","Near Mint","Italian","","","","183","False","False",""
"1","0","Dragon's Fire","j25","Near Mint","Italian","","","","134","False","False",""
"1","0","Cage of Hands","chk","Near Mint","Italian","","","","3","False","False",""
"1","0","Vexing Gull","j25","Near Mint","Italian","","","","381","False","False",""
"1","0","Gaelicat","fin","Near Mint","French","","","","22","False","False",""
"1","0","Thieving Magpie","8ed","Near Mint","Italian","","","","107","False","False",""
"1","0","Stormbound Geist","dka","Near Mint","Portuguese","","","","51","False","False",""
"1","0","Uncomfortable Chill","j25","Near Mint","Italian","","","","111","False","False",""
"1","0","Trueheart Twins","j25","Near Mint","Italian","","","","605","False","False",""
"1","0","Tanglebloom","mrd","Near Mint","Italian","","","","258","False","False",""
"1","0","Mana Geyser","5dn","Near Mint","Italian","","","","75","False","False",""
"1","0","Wailing Ghoul","j25","Near Mint","Italian","","","","511","False","False",""
"1","0","Hill Giant","8ed","Near Mint","Italian","","","","194","False","False",""
"1","0","Holy Day","8ed","Near Mint","Italian","","","","23","False","False",""
"1","0","Carnelian Orb of Dragonkind","j25","Near Mint","Italian","","","","131","False","False",""
"1","0","Eager Glyphmage","sos","Near Mint","French","","","","11","False","False",""
"1","0","Battle Cry Goblin","j25","Near Mint","Italian","","","","127","False","False",""
"1","0","Crazed Goblin","dst","Near Mint","Italian","","","","56","False","False",""
"1","0","Goblin Researcher","j22","Near Mint","Italian","","","","34","False","False",""
"1","0","Cobalt Golem","mrd","Near Mint","Italian","","","","157","False","False",""
"1","0","Hungry Graffalon","sos","Near Mint","French","","","","151","False","False",""
"1","0","Tajuru Pathwarden","fdn","Near Mint","Italian","","","","558","False","False",""
"1","0","Anaba Bodyguard","6ed","Near Mint","Italian","","","","164","False","False",""
"1","0","Hisoka's Guard","chk","Near Mint","Italian","","","","68","False","False",""
"1","0","Eerie Soultender","j25","Near Mint","Italian","","","","431","False","False",""
"1","0","Hallowed Healer","ody","Near Mint","Italian","","","","25","False","False",""
"3","0","Kitsune Healer","chk","Near Mint","Italian","","","","27","False","False",""
"1","0","Reckless Bushwhacker","ogw","Near Mint","French","","","","116","False","False",""
"1","0","Aerial Guide","j25","Near Mint","Italian","","","","282","False","False",""
"1","0","Ainok Guide","j25","Near Mint","Italian","","","","625","False","False",""
"1","0","Stoic Grove-Guide","ecl","Near Mint","French","","","","243","False","False",""
"1","0","Behind the Mask","mkm","Near Mint","German","","","","39","False","False",""
"1","0","Hydro-Channeler","sos","Near Mint","French","","","","54","False","False",""
"1","0","Serpentine Ambush","j25","Near Mint","Italian","","","","352","False","False",""
"1","0","Immobilizing Ink","ody","Near Mint","Italian","","","","87","False","False",""
"1","0","Biogenic Upgrade","j25","Near Mint","Italian","","","","144","False","False",""
"1","0","Inflame","dst","Near Mint","Italian","","","","64","False","False",""
"1","0","Uncontrolled Infestation","scg","Near Mint","Italian","","","","108","False","False",""
"1","0","Uncontrolled Infestation","scg","Near Mint","Italian","","","","108","False","False",""
"2","0","Lys Alana Informant","ecl","Near Mint","French","","","","181","False","False",""
"1","0","Brutal Deceiver","chk","Near Mint","Italian","","","","161","False","False",""
"1","0","Harsh Deceiver","chk","Near Mint","Italian","","","","11","False","False",""
"1","0","Militant Inquisitor","j25","Near Mint","French","","","","226","False","False",""
"1","0","Boldwyr Intimidator","j25","Near Mint","Italian","","","","527","False","False",""
"1","0","Kargan Intimidator","j25","Near Mint","Italian","","","","569","False","False",""
"1","0","Nef-Crop Entangler","akh","Near Mint","Italian","","","","144","False","False",""
"1","0","Whipgrass Entangler","lgn","Near Mint","Italian","","","","26","False","False",""
"1","0","Dig Site Inventory","sos","Near Mint","French","","","","10","False","False",""
"1","0","Strange Inversion","chk","Near Mint","Italian","","","","192","False","False",""
"1","0","Wojek Investigator","mkm","Near Mint","Italian","","","","36","False","False",""
"1","0","Invisibility","8ed","Near Mint","Italian","","","","87","False","False",""
"1","0","Summon: Fenrir","fin","Near Mint","French","","","","203","False","False",""
"1","0","Overprotect","blb","Near Mint","Italian","","","","185","False","False",""
"1","0","Blood Hypnotist","j25","Near Mint","Italian","","","","522","False","False",""
"1","0","Breaching Hippocamp","j25","Near Mint","Italian","","","","290","False","False",""
"1","0","Wavebreak Hippocamp","j25","Near Mint","Italian","","","","387","False","False",""
"4","0","Thriving Isle","j25","Near Mint","Italian","","","","778","False","False",""
"1","0","Ivora, Insatiable Heir","j25","Near Mint","Italian","","","","50","False","False",""
"1","0","Paradox Gardens","sos","Near Mint","French","","","","258","False","False",""
"1","0","Jiang Yanggu, Wildcrafter","j25","Near Mint","Italian","","","","677","False","False",""
"1","0","Joust Through","fdn","Near Mint","French","","","","19","False","False",""
"1","0","Briarknit Kami","sok","Near Mint","Italian","","","","124","False","False",""
"1","0","Koya, Death from Above","tmt","Near Mint","French","","","","11","False","False",""
"1","0","Koya, Death from Above","tmt","Near Mint","French","","","","11","False","False",""
"1","0","Midnight Tilling","ecl","Near Mint","French","","","","182","False","False",""
"1","0","Thief of Hope","chk","Near Mint","Italian","","","","147","False","False",""
"1","0","Wail of the Nim","mrd","Near Mint","Italian","","","","81","False","False",""
"1","0","Moan of the Unhallowed","j25","Near Mint","Italian","","","","461","False","False",""
"1","0","Dirge of Dread","ons","Near Mint","Italian","","","","138","False","False",""
"1","0","Thriving Moor","afc","Near Mint","Italian","","","","271","False","False",""
"1","0","Thriving Moor","j22","Near Mint","Italian","","","","826","False","False",""
"1","0","Thriving Moor","j25","Near Mint","Italian","","","","779","False","False",""
"1","0","Lathliss, Dragon Queen","j25","Near Mint","Italian","","","","74","False","False",""
"1","0","The Cloning of Shredder","tmt","Near Mint","French","","","","60","False","True",""
"1","0","Read the Bones","j25","Near Mint","Italian","","","","479","False","False",""
"1","0","Soul Read","j25","Near Mint","Italian","","","","362","False","False",""
"1","0","Canyon Wildcat","8ed","Near Mint","Italian","","","","181","False","False",""
"1","0","Purple Dragon Punks","tmt","Near Mint","French","","","","100","False","False",""
"1","0","Altar's Light","mrd","Near Mint","Italian","","","","1","False","False",""
"1","0","Banishing Light","j25","Near Mint","Italian","","","","96","False","False",""
"2","0","Bogwater Lumaret","sos","Near Mint","French","","","","177","False","False",""
"1","0","Grapple with the Past","inr","Near Mint","French","","","","199","False","False",""
"1","0","Markov Blademaster","dka","Near Mint","Italian","","","","96","False","False",""
"1","0","Fire Magic","fin","Near Mint","French","","","","136","False","False",""
"1","0","Fissure Wizard","j25","Near Mint","Italian","","","","549","False","False",""
"1","0","Faithful Pikemaster","j25","Near Mint","French","","","","3","False","False",""
"1","0","Frog Butler","tmt","Near Mint","French","","","","114","False","False",""
"2","0","Requiting Hex","ecl","Near Mint","French","","","","116","False","False",""
"1","0","Carrion Feeder","scg","Near Mint","Italian","","","","59","False","False",""
"1","0","Root Manipulation","sos","Near Mint","French","","","","222","False","False",""
"1","0","Starlit Mantle","j25","Near Mint","Italian","","","","366","False","False",""
"1","0","Nim Deathmantle","som","Near Mint","Italian","","","","188","False","False",""
"1","0","Swamp","avr","Near Mint","French","","","","238","False","False",""
"1","0","Swamp","cmm","Near Mint","French","","","","793","False","False",""
"1","0","Vodalian Merchant","inv","Near Mint","French","","","","85","False","False",""
"2","0","Spectral Sailor","j25","Near Mint","Italian","","","","363","False","False",""
"1","0","Mask of Memory","mrd","Near Mint","Italian","","","","203","False","False",""
"1","0","Three Tree Mascot","blb","Near Mint","Italian","","","","251","False","False",""
"1","0","Elemental Mascot","sos","Near Mint","French","","","","185","False","False",""
"1","0","Inkling Mascot","sos","Near Mint","French","","","","196","False","False",""
"1","0","Jubilant Mascot","j25","Near Mint","Italian","","","","213","False","False",""
"1","0","Fractal Mascot","sos","Near Mint","French","","","","189","False","False",""
"1","0","Byway Courier","j25","Near Mint","Italian","","","","642","False","False",""
"1","0","Saproling Migration","dom","Near Mint","Italian","","","","178","False","False",""
"1","0","Emberhorn Minotaur","j25","Near Mint","Italian","","","","540","False","False",""
"1","0","Ulvenwald Mysteries","j25","Near Mint","Italian","","","","735","False","False",""
"2","0","Loxodon Mystic","dst","Near Mint","Italian","","","","7","False","False",""
"1","0","M.O.D.O.K., Evil Intellect","msc","Near Mint","French","","","","509","False","False",""
"1","0","Cloudbound Moogle","fin","Near Mint","French","","","","11","False","False",""
"1","0","Moment of Heroism","j25","Near Mint","Italian","","","","228","False","False",""
"1","0","Venerable Monk","8ed","Near Mint","Italian","","","","55","False","False",""
"1","0","Fever Charm","ons","Near Mint","Italian","","","","202","False","False",""
"1","0","Skullclamp","dst","Near Mint","Italian","","","","140","False","False",""
"1","0","Moseo, Vein's New Dean","sos","Near Mint","French","","","","91","False","False",""
"1","0","Mowu, Loyal Companion","j25","Near Mint","Italian","","","","79","False","False",""
"2","0","Wall of Lost Thoughts","j25","Near Mint","Italian","","","","384","False","False",""
"1","0","Wall of Blood","mrd","Near Mint","Italian","","","","82","False","False",""
"1","0","Mu Yanling, Sky Dancer","j25","Near Mint","Italian","","","","329","False","False",""
"1","0","Alpha Myr","mrd","Near Mint","Italian","","","","142","False","False",""
"1","0","Silver Myr","mrd","Near Mint","Italian","","","","241","False","False",""
"2","0","Leaden Myr","mrd","Near Mint","Italian","","","","191","False","False",""
"1","0","Naiad of Hidden Coves","j25","Near Mint","Italian","","","","333","False","False",""
"1","0","Doomed Necromancer","2xm","Near Mint","French","","","","88","False","False",""
"2","0","Neerdiv, Devious Diver","j25","Near Mint","Italian","","","","36","False","False",""
"3","0","Into Thin Air","5dn","Near Mint","Italian","","","","33","False","False",""
"1","0","Godsend","j25","Near Mint","Italian","","","","204","False","False",""
"1","0","Insolent Neonate","j25","Near Mint","Italian","","","","566","False","False",""
"4","0","Nezumi Bone-Reader","chk","Near Mint","Italian","","","","127","False","False",""
"1","0","Phantom Ninja","j25","Near Mint","Italian","","","","345","False","False",""
"1","0","Conjurer's Bauble","5dn","Near Mint","Italian","","","","112","False","False",""
"1","0","Falkenrath Noble","lcc","Near Mint","Italian","","","","196","False","False",""
"1","0","Molten Note","sos","Near Mint","French","","","","204","False","False",""
"2","0","Firdoch Core","ecl","Near Mint","French","","","","255","False","False",""
"1","0","Frost Ogre","bok","Near Mint","Italian","","","","102","False","False",""
"1","0","Frenetic Ogre","ody","Near Mint","Italian","","","","195","False","False",""
"1","0","Unstoppable Ogre","j25","Near Mint","Italian","","","","609","False","False",""
"1","0","Villainous Ogre","chk","Near Mint","Italian","","","","148","False","False",""
"1","0","Rustmouth Ogre","mrd","Near Mint","Italian","","","","103","False","False",""
"1","0","Drooling Ogre","dst","Near Mint","Italian","","","","58","False","False",""
"1","0","Shadowspear","ltc","Near Mint","French","","","","353","False","False",""
"1","0","Omega, Heartless Evolution","fin","Near Mint","French","","","","236","False","False",""
"1","0","Murder","j25","Near Mint","Italian","","","","467","False","False",""
"1","0","Bot Bashing Time","tmt","Near Mint","French","","","","85","False","False",""
"1","0","Favored Hoplite","j25","Near Mint","Italian","","","","196","False","False",""
"2","0","Opt","j25","Near Mint","Italian","","","","339","False","False",""
"1","0","Trial of Zeal","j25","Near Mint","Italian","","","","604","False","False",""
"1","0","Krenko's Command","j25","Near Mint","Italian","","","","140","False","False",""
"1","0","Machinate","dst","Near Mint","Italian","","","","24","False","False",""
"1","0","Orthion, Hero of Lavabrink","mom","Near Mint","Italian","","","","334","False","False",""
"1","0","Ozox, the Clattering King","j25","Near Mint","Italian","","","","44","False","False",""
"1","0","Winged Words","j25","Near Mint","Spanish","","","","393","False","False",""
"1","0","Paladin of the Bloodstained","j25","Near Mint","Italian","","","","235","False","False",""
"1","0","Startled Relic Sloth","sos","Near Mint","French","","","","233","False","False",""
"1","0","Rogue's Passage","soc","Near Mint","French","","","","400","False","False",""
"1","0","Graceful Adept","chk","Near Mint","Spanish","","","","63","False","False",""
"1","0","Stinging Lionfish","j25","Near Mint","Italian","","","","367","False","False",""
"1","0","Phyrexian Bloodstock","pls","Near Mint","German","","","","50","False","False",""
"1","0","Plaza of Heroes","dmu","Near Mint","Italian","","","","252","False","False",""
"2","0","Sokenzan Bruiser","chk","Near Mint","Italian","","","","188","False","False",""
"1","0","Skyclave Pick-Axe","j25","Near Mint","Italian","","","","712","False","False",""
"2","0","Slimy Piper","j25","Near Mint","Italian","","","","25","False","False",""
"1","0","Keldon Raider","j25","Near Mint","French","","","","570","False","False",""
"1","0","Molten Rain","mrd","Near Mint","Italian","","","","101","False","False",""
"2","0","Stone Rain","8ed","Near Mint","Italian","","","","225","False","False",""
"1","0","Stone Rain","9ed","Near Mint","Italian","","","","221","False","False",""
"1","0","Pyrophobia","j25","Near Mint","Italian","","","","587","False","False",""
"1","0","Spicy Oatmeal Pizza","tmt","Near Mint","French","","","","109","False","False",""
"1","0","Monk's Fist","fin","Near Mint","French","","","","265","False","False",""
"1","0","Maggot Carrier","8ed","Near Mint","Italian","","","","142","False","False",""
"1","0","Valorous Stance","j25","Near Mint","Italian","","","","277","False","False",""
"1","0","Hamato Guardian Stance","tmt","Near Mint","French","","","","8","False","False",""
"1","0","Brute Strength","akh","Near Mint","Italian","","","","122","False","False",""
"1","0","Spawning Pit","dst","Near Mint","Italian","","","","141","False","False",""
"1","0","Graveblade Marauder","j25","Near Mint","Italian","","","","451","False","False",""
"1","0","Battlefield Scavenger","j25","Near Mint","Italian","","","","520","False","False",""
"4","0","Goblin Raider","8ed","Near Mint","Italian","","","","191","False","False",""
"2","0","Sonic Seizure","tor","Near Mint","Italian","","","","115","False","False",""
"1","0","Death's Presence","mic","Near Mint","Italian","","","","137","False","False",""
"1","0","Prophetic Prism","j25","Near Mint","Italian","","","","758","False","False",""
"1","0","Stone Docent","sos","Near Mint","French","","","","36","False","False",""
"1","0","Mind Transfer Protocol","tmt","Near Mint","French","","","","45","False","False",""
"1","0","Blighted Blackthorn","ecl","Near Mint","French","","","","90","False","False",""
"1","0","Daru Stinger","lgn","Near Mint","Italian","","","","10","False","False",""
"1","0","Pestermite","j25","Near Mint","Italian","","","","343","False","False",""
"1","0","Mind Roots","sos","Near Mint","French","","","","203","False","False",""
"1","0","Shrapnel Blast","mrd","Near Mint","Spanish","","","","106","False","False",""
"1","0","Gust of Wind","j25","Near Mint","Italian","","","","316","False","False",""
"1","0","Blinding Beam","mrd","Near Mint","Italian","","","","7","False","False",""
"1","0","Ray of Distortion","ody","Near Mint","Italian","","","","42","False","False",""
"1","0","Wind Strider","j25","Near Mint","Italian","","","","389","False","False",""
"1","0","Ragamuffin Raptor","tmt","Near Mint","French","","","","130","False","False",""
"1","0","Typhoid Rats","frf","Near Mint","Italian","","","","89","False","False",""
"3","0","Armed Response","5dn","Near Mint","Italian","","","","2","False","False",""
"1","0","Armed Response","5dn","Near Mint","Italian","","","","2","False","False",""
"1","0","Seize the Spoils","j25","Near Mint","Italian","","","","141","False","False",""
"2","0","Redeem","8ed","Near Mint","Italian","","","","37","False","False",""
"1","0","Proctor's Gaze","sos","Near Mint","French","","","","213","False","False",""
"1","0","Sandsteppe Outcast","j25","Near Mint","Italian","","","","248","False","False",""
"1","0","Goblin Replica","mrd","Near Mint","Italian","","","","178","False","False",""
"1","0","Swift Response","cmm","Near Mint","French","","","","64","False","False",""
"1","0","Return to the Sewers","tmt","Near Mint","French","","","","52","False","False",""
"1","0","Shredder's Revenge","tmt","Near Mint","French","","","","76","False","False",""
"1","0","Daydream","sos","Near Mint","French","","","","9","False","False",""
"1","0","End-Blaze Epiphany","ecl","Near Mint","French","","","","134","False","False",""
"2","0","Revoke Demise","j25","Near Mint","Italian","","","","10","False","False",""
"1","0","Frantic Search","cmm","Near Mint","Italian","","","","96","False","False",""
"1","0","Peerless Recycling","blb","Near Mint","Italian","","","","188","False","False",""
"1","0","Rielle, the Everwise","iko","Near Mint","Italian","","","","203","False","False",""
"1","0","Reflexes","8ed","Near Mint","Italian","","","","213","False","False",""
"1","0","Dawn's Reflection","c18","Near Mint","Italian","","","","139","False","False",""
"2","0","Locked in the Cemetery","j25","Near Mint","Italian","","","","321","False","False",""
"1","0","Drill-Skimmer","dst","Near Mint","Italian","","","","118","False","False",""
"1","0","Deadly Riposte","fdn","Near Mint","French","","","","492","False","False",""
"1","0","Rishkar's Expertise","woc","Near Mint","German","","","","130","False","False",""
"1","0","Village Rites","j25","Near Mint","Italian","","","","508","False","False",""
"1","0","Blood Rites","chk","Near Mint","Italian","","","","159","False","False",""
"2","0","Sudden Insight","j25","Near Mint","Italian","","","","110","False","False",""
"1","0","Shamanic Revelation","ncc","Near Mint","Italian","","","","311","False","False",""
"1","0","Ipnu Rivulet","j25","Near Mint","Italian","","","","767","False","False",""
"2","0","Battle-Mad Ronin","chk","Near Mint","Italian","","","","156","False","False",""
"8","0","Nezumi Ronin","chk","Near Mint","French","","","","130","False","False",""
"1","0","Echoing Ruin","dst","Near Mint","Italian","","","","59","False","False",""
"4","0","Swiftwater Cliffs","fdn","Near Mint","Italian","","","","268","False","False",""
"6","0","Blossoming Sands","fdn","Near Mint","Italian","","","","260","False","False",""
"1","0","Reckless Ransacking","ecl","Near Mint","French","","","","152","False","False",""
"1","0","Sower of Chaos","fdn","Near Mint","German","","","","95","False","False",""
"1","0","Wisdom of Ages","sos","Near Mint","French","","","","71","False","False",""
"1","0","Skemfar Shadowsage","j25","Near Mint","Italian","","","","489","False","False",""
"1","0","Somberwald Sage","mic","Near Mint","Italian","","","","144","False","False",""
"1","0","Tome Blast","sos","Near Mint","French","","","","135","False","False",""
"1","0","Diregraf Scavenger","j25","Near Mint","Italian","","","","423","False","False",""
"1","0","Sai, Master Thopterist","j25","Near Mint","Italian","","","","63","False","False",""
"2","0","Turn Aside","som","Near Mint","Italian","","","","49","False","False",""
"2","0","Scavenging Scarab","dst","Near Mint","Italian","","","","51","False","False",""
"1","0","Electrostatic Bolt","mrd","Near Mint","Italian","","","","89","False","False",""
"1","0","Mirror Box","neo","Near Mint","Italian","","","","250","False","False",""
"1","0","Gravedigger","m19","Near Mint","Italian","","","","98","False","False",""
"1","0","Cabal Slaver","ons","Near Mint","Italian","","","","131","False","False",""
"1","0","Snakeskin Veil","fdn","Near Mint","German","","","","233","False","False",""
"1","0","Moriok Scavenger","mrd","Near Mint","Italian","","","","68","False","False",""
"1","0","Spore Swarm","j25","Near Mint","Italian","","","","717","False","False",""
"1","0","Screaming Swarm","j25","Near Mint","Italian","","","","351","False","False",""
"1","0","Screaming Swarm","vow","Near Mint","Italian","","","","75","False","False",""
"1","0","Utrom Scientists","tmt","Near Mint","French","","","","56","False","False",""
"1","0","Malcator's Watcher","j25","Near Mint","Italian","","","","324","False","False",""
"1","0","Greenwood Sentinel","j25","Near Mint","Italian","","","","666","False","False",""
"1","0","Scurrilous Sentry","mh3","Near Mint","French","","","","108","False","False",""
"1","0","Bury in Books","j25","Near Mint","Italian","","","","292","False","False",""
"1","0","Gearseeker Serpent","j25","Near Mint","Italian","","","","314","False","False",""
"1","0","Servant of the Scale","j25","Near Mint","Italian","","","","711","False","False",""
"1","0","Filigree Attendant","j25","Near Mint","Italian","","","","312","False","False",""
"1","0","Sunspear Shikari","j25","Near Mint","Italian","","","","268","False","False",""
"1","0","Shinen of Fear's Chill","sok","Near Mint","Italian","","","","88","False","False",""
"1","0","Saurian Symbiote","j25","Near Mint","Italian","","","","23","False","False",""
"1","0","Saproling Symbiosis","dmr","Near Mint","Italian","","","","175","False","False",""
"1","0","Dismember","nph","Near Mint","Italian","","","","57","False","False",""
"1","0","Tend the Sprigs","ecl","Near Mint","French","","","","197","False","False",""
"1","0","Sickening Dreams","tor","Near Mint","Italian","","","","83","False","False",""
"1","0","Bathe in Dragonfire","j25","Near Mint","Italian","","","","519","False","False",""
"1","0","Tethmos High Priest","j25","Near Mint","Italian","","","","271","False","False",""
"1","0","Vengeful Bloodwitch","fdn","Near Mint","French","","","","76","False","False",""
"1","0","Goblin Surprise","j25","Near Mint","Italian","","","","16","False","False",""
"1","0","Pull from the Grave","sos","Near Mint","French","","","","95","False","False",""
"1","0","Eternal Taskmaster","j25","Near Mint","Italian","","","","117","False","False",""
"1","0","Kuro's Taken","sok","Near Mint","Italian","","","","79","False","False",""
"1","0","Overwhelm","m15","Near Mint","Italian","","","","189","False","False",""
"1","0","Spark Spray","scg","Near Mint","Italian","","","","105","False","False",""
"1","0","Tear Asunder","blc","Near Mint","Italian","","","","241","False","False",""
"1","0","Heraldic Banner","fdn","Near Mint","Italian","","","","254","False","False",""
"1","0","Rag Dealer","chk","Near Mint","Italian","","","","138","False","False",""
"1","0","Strix Lookout","fdn","Near Mint","Italian","","","","52","False","False",""
"1","0","Spore Crawler","j25","Near Mint","Italian","","","","716","False","False",""
"1","0","Duskshell Crawler","j25","Near Mint","Italian","","","","653","False","False",""
"1","0","Follow the Lumarets","sos","Near Mint","French","","","","148","False","False",""
"1","0","Dark Supplicant","j25","Near Mint","Spanish","","","","418","False","False",""
"1","0","Nezumi Cutthroat","chk","Near Mint","French","","","","128","False","False",""
"1","0","Susur Secundi, Void Altar","eoe","Near Mint","French","foil","","","379","False","True",""
"1","0","Sutina, Speaker of the Tajuru","j25","Near Mint","Italian","","","","56","False","False",""
"1","0","Battlegrowth","mrd","Near Mint","Italian","","","","113","False","False",""
"1","0","Echocasting Symposium","sos","Near Mint","French","","","","291","False","False",""
"1","0","Chelonian Tackle","sos","Near Mint","French","","","","142","False","False",""
"3","0","Nezumi Cutthroat","chk","Near Mint","Italian","","","","128","False","False",""
"1","0","Brineborn Cutthroat","j25","Near Mint","Italian","","","","291","False","False",""
"1","0","Guerrilla Tactics","8ed","Near Mint","Italian","","","","192","False","False",""
"1","0","Splatter Technique","sos","Near Mint","French","","","","231","False","False",""
"1","0","Yamabushi's Storm","chk","Near Mint","Italian","","","","199","False","False",""
"1","0","Groundswell","j25","Near Mint","Italian","","","","667","False","False",""
"1","0","Evolving Wilds","j25","Near Mint","Italian","","","","765","False","False",""
"1","0","Cruel Witness","j25","Near Mint","Italian","","","","302","False","False",""
"1","0","Sporecrown Thallid","j25","Near Mint","Italian","","","","718","False","False",""
"1","0","Tukatongue Thallid","j25","Near Mint","Italian","","","","733","False","False",""
"2","0","Expendable Lackey","j25","Near Mint","Italian","","","","308","False","False",""
"1","0","Overgrown Tomb","rtr","Near Mint","Italian","","","","243","False","False",""
"1","0","Titan's Grave","sos","Near Mint","French","","","","266","False","False",""
"1","0","Torbran, Thane of Red Fell","eld","Near Mint","Italian","","","","147","False","False",""
"1","0","Legerdemain","tmp","Near Mint","French","","","","72","False","False",""
"1","0","Tragic Slip","j22","Near Mint","Italian","","","","478","False","False",""
"1","0","Basal Sliver","tsp","Near Mint","Italian","","","","96","False","False",""
"1","0","Dark Bargain","j25","Near Mint","Italian","","","","113","False","False",""
"2","0","Starlight Snare","fdn","Near Mint","Italian","","","","514","False","False",""
"2","0","Starlight Snare","j25","Near Mint","Italian","","","","9","False","False",""
"1","0","Lead Astray","jud","Near Mint","Italian","","","","14","False","False",""
"1","0","Tremor","8ed","Near Mint","Italian","","","","228","False","False",""
"1","0","Potioner's Trove","sos","Near Mint","French","","","","251","False","False",""
"1","0","Three Tragedies","bok","Near Mint","Italian","","","","87","False","False",""
"1","0","Overcome","hou","Near Mint","Italian","","","","125","False","False",""
"1","0","Shock Troops","8ed","Near Mint","Italian","","","","223","False","False",""
"1","0","Spined Tyrranax","j25","Near Mint","Italian","","","","26","False","False",""
"1","0","Ulcerate","j25","Near Mint","French","","","","499","False","False",""
"1","0","Bloodstoke Howler","lgn","Near Mint","Italian","","","","89","False","False",""
"1","0","Steadfast Unicorn","j25","Near Mint","Italian","","","","103","False","False",""
"1","0","Band Together","j22","Near Mint","Italian","","","","631","False","False",""
"1","0","Band Together","j25","Near Mint","Italian","","","","634","False","False",""
"1","0","Urdnan, Dromoka Warrior","j25","Near Mint","Italian","","","","34","False","False",""
"1","0","Soul Sear","j25","Near Mint","Italian","","","","599","False","False",""
"1","0","Soul Sear","m21","Near Mint","Italian","","","","160","False","False",""
"2","0","Stadium Tidalmage","sos","Near Mint","French","","","","232","False","False",""
"1","0","Mondassian Colony Ship","who","Near Mint","French","","","","590","False","True",""
"1","0","Adventurer's Airship","fin","Near Mint","French","","","","252","False","False",""
"4","0","Akki Avalanchers","chk","Near Mint","Italian","","","","151","False","False",""
"1","0","Bonethorn Valesk","scg","Near Mint","Italian","","","","82","False","False",""
"1","0","Vampire Scrivener","j25","Near Mint","Italian","","","","505","False","False",""
"1","0","Vanille, Cheerful l'Cie","fin","Near Mint","French","","","","211","False","False",""
"1","0","Cloudkin Seer","j25","Near Mint","Italian","","","","300","False","False",""
"2","0","Nezumi Shadow-Watcher","bok","Near Mint","Italian","","","","74","False","False",""
"1","0","Unnatural Speed","chk","Near Mint","Italian","","","","197","False","False",""
"1","0","Snakeskin Veil","j25","Near Mint","Italian","","","","713","False","False",""
"1","0","Ragged Veins","chk","Near Mint","Italian","","","","139","False","False",""
"2","0","Venser, Shaper Savant","j25","Near Mint","Italian","","","","66","False","False",""
"1","0","Venus, Torn Between Worlds","tmt","Near Mint","French","","","","136","False","False",""
"1","0","Brokers Veteran","snc","Near Mint","Spanish","","","","36","False","False",""
"1","0","Tremble","ody","Near Mint","Italian","","","","225","False","False",""
"1","0","Deluge Virtuoso","sos","Near Mint","French","","","","42","False","False",""
"1","0","Stolen Vitality","j25","Near Mint","Italian","","","","602","False","False",""
"1","0","Vito, Thorn of the Dusk Rose","j25","Near Mint","Italian","","","","71","False","False",""
"1","0","Supreme Will","hou","Near Mint","Italian","","","","49","False","False",""
"1","0","Supreme Will","j25","Near Mint","Italian","","","","370","False","False",""
"1","0","Consuming Vortex","chk","Near Mint","Italian","","","","54","False","False",""
"1","0","Morcant's Eyes","ecl","Near Mint","French","","","","185","False","False",""
"1","0","Zaffai, Thunder Conductor","c21","Near Mint","Italian","","","","4","False","False",""
"1","0","Zombify","fdn","Near Mint","French","","","","187","False","False",""
"2","0","Silent-Chant Zubera","chk","Near Mint","Italian","","","","45","False","False",""
"1","0","Profane Tutor","mh2","Near Mint","Russian","","","","97","False","False",""
"1","0","Feed the Swarm","soa","Near Mint","Japanese","","","","94","False","False",""
"1","0","Elturel Survivors","clb","Near Mint","Japanese","","","","172","False","False",""
"1","0","Temple of Mystery","fdn","Near Mint","Japanese","","","","702","False","False",""
"1","0","Badlands","2ed","Near Mint","English","","","","278","False","True",""
"1","0","Militia Bugler","2x2","Near Mint","English","","","","19","False","False",""
"1","0","Wingsteed Rider","2x2","Near Mint","English","","","","35","False","False",""
"1","0","Body Double","2x2","Near Mint","English","","","","40","False","False",""
"1","0","Damnation","2x2","Near Mint","English","","","","73","False","True",""
"1","0","Supernatural Stamina","2x2","Near Mint","English","","","","93","False","False",""
"1","0","Dark-Dweller Oracle","2x2","Near Mint","English","","","","106","False","False",""
"1","0","Elsha of the Infinite","2x2","Near Mint","English","","","","208","False","False",""
"1","0","Assassin's Trophy","2x2","Near Mint","English","","","","372","False","True",""
"1","0","Stoneforge Mystic","2xm","Near Mint","English","","","","31","False","True",""
"1","0","Rapacious Dragon","2xm","Near Mint","English","","","","140","False","False",""
"1","0","Mazirek, Kraul Death Priest","2xm","Near Mint","English","","","","209","False","False",""
"1","0","Hammer of Nazahn","2xm","Near Mint","English","","","","260","False","True",""
"1","0","Mishra's Bauble","2xm","Near Mint","English","","","","274","False","False",""
"1","0","Wheel of Fortune","30a","Near Mint","English","","","","179","False","True",""
"1","0","Mana Vault","3ed","Near Mint","English","","","","263","False","True",""
"1","0","Bayou","3ed","Near Mint","English","","","","283","False","True",""
"1","0","Savannah","3ed","Near Mint","English","","","","285","False","True",""
"1","0","Volcanic Island","3ed","Near Mint","English","","","","291","False","True",""
"1","0","Dark Ritual","40k","Near Mint","English","","","","196","False","False",""
"1","0","Chromatic Lantern","40k","Near Mint","English","","","","232","False","False",""
"1","0","Skullclamp","40k","Near Mint","English","","","","248","False","False",""
"1","0","Foreboding Ruins","40k","Near Mint","English","","","","279","False","False",""
"1","0","Island","40k","Near Mint","English","foil","","","307★","False","False",""
"1","0","Exotic Orchard","40k","Near Mint","English","foil","","","278★","False","False",""
"1","0","Reverberate","40k","Near Mint","English","foil","","","207★","False","False",""
"1","0","Mana Vault","4ed","Near Mint","English","","","","334","False","True",""
"2","0","Strip Mine","4ed","Near Mint","English","","","","363","False","True",""
"1","0","Vedalken Orrery","5dn","Near Mint","English","","","","163","False","True",""
"1","0","Sylvan Library","5ed","Near Mint","English","","","","329","False","False",""
"1","0","Mana Vault","5ed","Near Mint","English","","","","388","False","True",""
"1","0","Mischievous Poltergeist","6ed","Near Mint","English","","","","144","False","False",""
"1","0","Worldly Tutor","6ed","Near Mint","English","","","","269","False","True",""
"1","0","Tolarian Winds","7ed","Near Mint","English","","","","105","False","False",""
"1","0","Lightning Blast","7ed","Near Mint","Italian","","","","200","False","False",""
"1","0","Tremor","7ed","Near Mint","Italian","","","","225","False","False",""
"1","0","Wind Drake","8ed","Near Mint","English","","","","114","False","False",""
"1","0","Demolish","8ed","Near Mint","English","","","","183","False","False",""
"2","0","Thieving Magpie","8ed","Near Mint","English","foil","","","107★","False","False",""
"1","0","Goblin Raider","9ed","Near Mint","English","","","","S8","False","False",""
"1","0","Nekrataal","9ed","Near Mint","English","","","","149","False","False",""
"2","0","Biorhythm","9ed","Near Mint","English","","","","231","False","True",""
"2","0","Seedborn Muse","9ed","Near Mint","English","","","","270","False","True",""
"1","0","Quicksand","9ed","Near Mint","English","foil","","","323★","False","False",""
"2","0","Fencing Ace","a25","Near Mint","English","","","","13","False","False",""
"1","0","Freed from the Real","a25","Near Mint","English","","","","58","False","False",""
"3","0","Nezumi Cutthroat","a25","Near Mint","English","","","","99","False","False",""
"1","0","Cultivate","a25","Near Mint","English","","","","165","False","False",""
"1","0","Echoing Courage","a25","Near Mint","English","","","","166","False","False",""
"1","0","Pernicious Deed","a25","Near Mint","English","","","","212","False","False",""
"1","0","Pernicious Deed","a25","Near Mint","English","","","","212","False","False",""
"1","0","Vindicate","a25","Near Mint","English","","","","219","False","False",""
"1","0","Swiftfoot Boots","a25","Near Mint","English","","","","234","False","False",""
"1","0","Tax Collector","acr","Near Mint","English","","","","9","False","False",""
"1","0","Arno Dorian","acr","Near Mint","English","","","","47","False","False",""
"1","0","Brotherhood Regalia","acr","Near Mint","English","","","","71","False","True",""
"1","0","Black Market Connections","acr","Near Mint","English","","","","87","False","False",""
"1","0","Cathartic Reunion","acr","Near Mint","English","","","","94","False","False",""
"2","0","Assassin's Trophy","acr","Near Mint","English","foil","","","95","False","False",""
"1","0","Island","acr","Near Mint","English","","","","104","False","False",""
"1","0","Alexios, Deimos of Kosmos","acr","Near Mint","English","","","","134","False","True",""
"1","0","Shao Jun","acr","Near Mint","English","","","","151","False","False",""
"2","0","Brotherhood Regalia","acr","Near Mint","English","etched","","","255","False","True",""
"1","0","Invigorated Rampage","aer","Near Mint","English","","","","86","False","False",""
"1","0","Vrondiss, Rage of Ancients","afc","Near Mint","English","foil","","","4","False","False",""
"1","0","Berserker's Frenzy","afc","Near Mint","English","","","","29","False","False",""
"1","0","Chaos Dragon","afc","Near Mint","English","","","","30","False","False",""
"1","0","Maddening Hex","afc","Near Mint","English","","","","32","False","False",""
"1","0","Vengeful Ancestor","afc","Near Mint","English","","","","35","False","False",""
"1","0","Bag of Tricks","afc","Near Mint","English","","","","37","False","False",""
"1","0","Druid of Purification","afc","Near Mint","English","","","","39","False","False",""
"1","0","Indomitable Might","afc","Near Mint","English","","","","40","False","False",""
"1","0","Neverwinter Hydra","afc","Near Mint","English","","","","41","False","False",""
"1","0","Wild Endeavor","afc","Near Mint","English","","","","43","False","False",""
"1","0","Dragonborn Champion","afc","Near Mint","English","","","","45","False","False",""
"1","0","Dragonborn Champion","afc","Near Mint","English","","","","45","False","True",""
"1","0","Klauth, Unrivaled Ancient","afc","Near Mint","English","foil","","","50","False","False",""
"1","0","Klauth's Will","afc","Near Mint","English","","","","51","False","False",""
"1","0","Wulfgar of Icewind Dale","afc","Near Mint","English","","","","56","False","False",""
"1","0","Component Pouch","afc","Near Mint","English","","","","59","False","False",""
"1","0","Sword of Hours","afc","Near Mint","English","","","","61","False","False",""
"1","0","Underdark Rift","afc","Near Mint","English","","","","62","False","False",""
"1","0","Anger","afc","Near Mint","English","","","","113","False","False",""
"1","0","Bogardan Hellkite","afc","Near Mint","English","","","","115","False","False",""
"1","0","Chain Reaction","afc","Near Mint","English","","","","116","False","False",""
"1","0","Demanding Dragon","afc","Near Mint","English","","","","120","False","False",""
"1","0","Dragonlord's Servant","afc","Near Mint","English","","","","123","False","False",""
"1","0","Dragonmaster Outcast","afc","Near Mint","English","","","","124","False","False",""
"1","0","Gratuitous Violence","afc","Near Mint","English","","","","127","False","False",""
"1","0","Hoard-Smelter Dragon","afc","Near Mint","English","","","","128","False","False",""
"1","0","Magmaquake","afc","Near Mint","English","","","","133","False","False",""
"1","0","Opportunistic Dragon","afc","Near Mint","English","","","","134","False","False",""
"1","0","Outpost Siege","afc","Near Mint","English","","","","135","False","False",""
"1","0","Rile","afc","Near Mint","English","","","","136","False","False",""
"1","0","Scourge of Valkas","afc","Near Mint","English","","","","137","False","False",""
"1","0","Shivan Hellkite","afc","Near Mint","English","","","","139","False","False",""
"1","0","Skyline Despot","afc","Near Mint","English","","","","140","False","False",""
"1","0","Skyship Stalker","afc","Near Mint","English","","","","141","False","False",""
"1","0","Spit Flame","afc","Near Mint","English","","","","142","False","False",""
"1","0","Taurean Mauler","afc","Near Mint","English","","","","143","False","False",""
"1","0","Terror of Mount Velus","afc","Near Mint","English","","","","145","False","False",""
"1","0","Thunderbreak Regent","afc","Near Mint","English","","","","147","False","False",""
"1","0","Warstorm Surge","afc","Near Mint","English","","","","149","False","False",""
"1","0","Beast Within","afc","Near Mint","English","","","","152","False","False",""
"1","0","Chameleon Colossus","afc","Near Mint","English","","","","153","False","False",""
"1","0","Colossal Majesty","afc","Near Mint","English","","","","154","False","False",""
"1","0","Cultivate","afc","Near Mint","English","","","","155","False","False",""
"1","0","Decree of Savagery","afc","Near Mint","English","","","","156","False","False",""
"1","0","Explore","afc","Near Mint","English","","","","157","False","False",""
"1","0","Garruk's Uprising","afc","Near Mint","English","","","","159","False","False",""
"1","0","Kindred Summons","afc","Near Mint","English","","","","163","False","False",""
"1","0","Rampant Growth","afc","Near Mint","English","","","","166","False","False",""
"1","0","Return of the Wildspeaker","afc","Near Mint","English","","","","168","False","False",""
"1","0","Return to Nature","afc","Near Mint","English","","","","169","False","False",""
"1","0","Rishkar's Expertise","afc","Near Mint","English","","","","170","False","False",""
"1","0","Shamanic Revelation","afc","Near Mint","English","","","","171","False","False",""
"1","0","Atarka, World Render","afc","Near Mint","English","","","","176","False","False",""
"1","0","Savage Ventmaw","afc","Near Mint","English","","","","191","False","False",""
"1","0","Arcane Signet","afc","Near Mint","English","","","","197","False","False",""
"1","0","Commander's Sphere","afc","Near Mint","English","","","","203","False","False",""
"1","0","Dragon's Hoard","afc","Near Mint","English","","","","204","False","False",""
"1","0","Gruul Signet","afc","Near Mint","English","","","","207","False","False",""
"1","0","Heirloom Blade","afc","Near Mint","English","","","","208","False","False",""
"1","0","Sol Ring","afc","Near Mint","English","","","","215","False","False",""
"1","0","Cinder Glade","afc","Near Mint","English","","","","229","False","False",""
"1","0","Command Tower","afc","Near Mint","English","","","","230","False","False",""
"1","0","Crucible of the Spirit Dragon","afc","Near Mint","English","","","","231","False","False",""
"1","0","Desert","afc","Near Mint","English","","","","233","False","False",""
"1","0","Exotic Orchard","afc","Near Mint","English","","","","236","False","False",""
"1","0","Game Trail","afc","Near Mint","English","","","","240","False","False",""
"1","0","Gruul Turf","afc","Near Mint","English","","","","243","False","False",""
"1","0","Haven of the Spirit Dragon","afc","Near Mint","English","","","","245","False","False",""
"1","0","Mossfire Valley","afc","Near Mint","English","","","","250","False","False",""
"1","0","Mosswort Bridge","afc","Near Mint","English","","","","251","False","False",""
"1","0","Path of Ancestry","afc","Near Mint","English","","","","254","False","False",""
"1","0","Dragonspeaker Shaman","afc","Near Mint","English","","","","330","False","False",""
"1","0","Plate Armor","afr","Near Mint","English","","","","32","False","False",""
"1","0","Tasha's Hideous Laughter","afr","Near Mint","English","","","","78","False","False",""
"1","0","Shambling Ghast","afr","Near Mint","English","","","","119","False","False",""
"1","0","Barbarian Class","afr","Near Mint","English","","","","131","False","False",""
"1","0","Battle Cry Goblin","afr","Near Mint","English","","","","132","False","False",""
"1","0","Earth-Cult Elemental","afr","Near Mint","English","","","","141","False","False",""
"1","0","Hoarding Ogre","afr","Near Mint","English","","","","146","False","False",""
"1","0","Unexpected Windfall","afr","Near Mint","English","","","","164","False","False",""
"1","0","Old Gnawbone","afr","Near Mint","English","","","","197","False","True",""
"12","0","Mountain","afr","Near Mint","English","","","","277","False","False",""
"15","0","Forest","afr","Near Mint","English","","","","281","False","False",""
"1","0","Tasha's Hideous Laughter","afr","Near Mint","English","","","","368","False","False",""
"1","0","Anointed Procession","akh","Near Mint","English","","","","2","False","True",""
"1","0","Essence Scatter","akh","Near Mint","English","","","","52","False","False",""
"1","0","Cartouche of Strength","akh","Near Mint","English","","","","158","False","False",""
"1","0","Painted Bluffs","akh","Near Mint","English","","","","246","False","False",""
"1","0","Qasali Ambusher","ala","Near Mint","English","","","","184","False","False",""
"1","0","Penumbra Kavu","apc","Near Mint","English","","","","83","False","False",""
"1","0","Quicksilver Dagger","apc","Near Mint","English","","","","118","False","False",""
"1","0","Vindicate","apc","Near Mint","English","","","","126","False","False",""
"1","0","Khabál Ghoul","arn","Near Mint","English","","","","30","False","True",""
"1","0","Strip Mine","ath","Near Mint","English","","","","77","False","True",""
"1","0","Transmute Artifact","atq","Near Mint","English","","","","14","False","True",""
"3","0","Candelabra of Tawnos","atq","Near Mint","English","","","","43","False","True",""
"1","0","Driver of the Dead","avr","Near Mint","English","","","","99","False","False",""
"1","0","Exquisite Blood","avr","Near Mint","English","","","","102","False","True",""
"1","0","Druid's Familiar","avr","Near Mint","English","","","","175","False","False",""
"1","0","Grothama, All-Devouring","bbd","Near Mint","English","","","","71","False","False",""
"1","0","Seedborn Muse","bbd","Near Mint","English","","","","212","False","False",""
"1","0","Stasis Snare","bfz","Near Mint","English","","","","50","False","False",""
"1","0","Eldrazi Skyspawner","bfz","Near Mint","English","","","","58","False","False",""
"1","0","Part the Waterveil","bfz","Near Mint","English","","","","80","False","False",""
"3","0","Caretaker's Talent","blb","Near Mint","English","","","","6","False","True",""
"1","0","Caretaker's Talent","blb","Near Mint","English","","","","6","False","True",""
"1","0","Jolly Gerbils","blb","Near Mint","English","","","","19","False","False",""
"1","0","Long River's Pull","blb","Near Mint","English","","","","58","False","False",""
"1","0","Coruscation Mage","blb","Near Mint","English","","","","131","False","False",""
"1","0","Reptilian Recruiter","blb","Near Mint","English","","","","149","False","False",""
"1","0","Cache Grab","blb","Near Mint","English","","","","167","False","False",""
"1","0","Honored Dreyleader","blb","Near Mint","English","","","","178","False","False",""
"1","0","Peerless Recycling","blb","Near Mint","English","","","","188","False","False",""
"1","0","Wear Down","blb","Near Mint","English","","","","203","False","False",""
"1","0","Patchwork Banner","blb","Near Mint","English","","","","247","False","False",""
"1","0","Maha, Its Feathers Night","blb","Near Mint","English","","","","289","False","False",""
"1","0","Maha, Its Feathers Night","blb","Near Mint","English","","","","289","False","True",""
"1","0","Rottenmouth Viper","blb","Near Mint","English","","","","290","False","False",""
"1","0","Glarb, Calamity's Augur","blb","Near Mint","English","","","","331","False","True",""
"1","0","Fabled Passage","blb","Near Mint","English","","","","367","False","True",""
"1","0","Fabled Passage","blb","Near Mint","English","","","","367","False","True",""
"4","0","Plains","blb","Near Mint","English","","","","370","False","False",""
"4","0","Island","blb","Near Mint","English","","","","372","False","False",""
"8","0","Swamp","blb","Near Mint","English","","","","374","False","False",""
"9","0","Forest","blb","Near Mint","English","","","","378","False","False",""
"4","0","Forest","blb","Near Mint","English","","","","378","False","False",""
"1","0","Hazel of the Rootbloom","blc","Near Mint","English","foil","","","2","False","False",""
"1","0","Ms. Bumbleflower","blc","Near Mint","English","foil","","","3","False","False",""
"1","0","Mr. Foxglove","blc","Near Mint","English","foil","","","6","False","False",""
"1","0","The Odd Acorn Gang","blc","Near Mint","English","foil","","","7","False","False",""
"1","0","Perch Protection","blc","Near Mint","English","","","","11","False","False",""
"1","0","Steelburr Champion","blc","Near Mint","English","","","","12","False","False",""
"1","0","Tempt with Bunnies","blc","Near Mint","English","","","","13","False","False",""
"1","0","Twenty-Toed Toad","blc","Near Mint","English","","","","16","False","False",""
"1","0","Hazel's Brewmaster","blc","Near Mint","English","","","","17","False","False",""
"1","0","Insatiable Frugivore","blc","Near Mint","English","","","","18","False","False",""
"1","0","Moonstone Eulogist","blc","Near Mint","English","","","","19","False","False",""
"1","0","Swarmyard Massacre","blc","Near Mint","English","","","","20","False","False",""
"1","0","Bloodroot Apothecary","blc","Near Mint","English","","","","27","False","False",""
"1","0","Communal Brewing","blc","Near Mint","English","","","","29","False","False",""
"1","0","Gourmand's Talent","blc","Near Mint","English","","","","31","False","False",""
"1","0","Rootcast Apprenticeship","blc","Near Mint","English","","","","32","False","False",""
"1","0","Scurry of Squirrels","blc","Near Mint","English","","","","33","False","False",""
"1","0","Fisher's Talent","blc","Near Mint","English","","","","36","False","False",""
"1","0","Octomancer","blc","Near Mint","English","","","","37","False","False",""
"1","0","Sword of the Squeak","blc","Near Mint","English","","","","40","False","False",""
"1","0","Sword of the Squeak","blc","Near Mint","English","","","","40","False","False",""
"1","0","Brightcap Badger // Fungus Frolic","blc","Near Mint","English","","","","62","False","False",""
"2","0","Teferi, Time Raveler","blc","Near Mint","English","","","","92","False","True",""
"1","0","Jace, the Mind Sculptor","blc","Near Mint","English","foil","","","93","False","True",""
"1","0","Garruk, Cursed Huntsman","blc","Near Mint","English","foil","","","99","False","False",""
"1","0","Tamiyo, Field Researcher","blc","Near Mint","English","foil","","","100","False","False",""
"1","0","Generous Gift","blc","Near Mint","English","","","","106","False","False",""
"1","0","Martial Impetus","blc","Near Mint","English","","","","108","False","False",""
"1","0","Swords to Plowshares","blc","Near Mint","English","","","","109","False","False",""
"1","0","Wizard Class","blc","Near Mint","English","","","","112","False","False",""
"1","0","Saw in Half","blc","Near Mint","English","","","","113","False","False",""
"1","0","Beastmaster Ascension","blc","Near Mint","English","","","","118","False","False",""
"1","0","Farseek","blc","Near Mint","English","","","","119","False","False",""
"1","0","Prosperous Innkeeper","blc","Near Mint","English","","","","121","False","False",""
"1","0","Prosperous Innkeeper","blc","Near Mint","English","","","","121","False","False",""
"1","0","Rites of Flourishing","blc","Near Mint","English","","","","122","False","False",""
"1","0","Second Harvest","blc","Near Mint","English","","","","123","False","False",""
"1","0","Second Harvest","blc","Near Mint","English","","","","123","False","False",""
"1","0","Tempt with Discovery","blc","Near Mint","English","","","","124","False","False",""
"1","0","Casualties of War","blc","Near Mint","English","","","","125","False","False",""
"1","0","Maelstrom Pulse","blc","Near Mint","English","","","","126","False","False",""
"1","0","Arcane Signet","blc","Near Mint","English","","","","127","False","False",""
"1","0","Arcane Signet","blc","Near Mint","English","","","","127","False","False",""
"1","0","Sol Ring","blc","Near Mint","English","","","","129","False","False",""
"1","0","Sol Ring","blc","Near Mint","English","","","","129","False","False",""
"1","0","Command Tower","blc","Near Mint","English","","","","130","False","False",""
"1","0","Command Tower","blc","Near Mint","English","","","","130","False","False",""
"1","0","Exotic Orchard","blc","Near Mint","English","","","","131","False","False",""
"1","0","Exotic Orchard","blc","Near Mint","English","","","","131","False","False",""
"1","0","Reliquary Tower","blc","Near Mint","English","","","","132","False","False",""
"1","0","Swarmyard","blc","Near Mint","English","","","","133","False","False",""
"1","0","Baird, Steward of Argive","blc","Near Mint","English","","","","135","False","False",""
"1","0","Hoofprints of the Stag","blc","Near Mint","English","","","","140","False","False",""
"1","0","Loran of the Third Path","blc","Near Mint","English","","","","143","False","False",""
"1","0","Mangara, the Diplomat","blc","Near Mint","English","","","","145","False","False",""
"1","0","Promise of Loyalty","blc","Near Mint","English","","","","148","False","False",""
"1","0","Realm-Cloaked Giant // Cast Off","blc","Near Mint","English","","","","149","False","False",""
"1","0","Riot Control","blc","Near Mint","English","","","","151","False","False",""
"1","0","Secret Rendezvous","blc","Near Mint","English","","","","152","False","False",""
"1","0","Sunscorch Regent","blc","Near Mint","English","","","","158","False","False",""
"1","0","Tenuous Truce","blc","Near Mint","English","","","","159","False","False",""
"1","0","Body of Knowledge","blc","Near Mint","English","","","","163","False","False",""
"1","0","Chasm Skulker","blc","Near Mint","English","","","","164","False","False",""
"1","0","Illusionist's Gambit","blc","Near Mint","English","","","","166","False","False",""
"1","0","Intellectual Offering","blc","Near Mint","English","","","","168","False","False",""
"1","0","An Offer You Can't Refuse","blc","Near Mint","English","","","","170","False","False",""
"1","0","An Offer You Can't Refuse","blc","Near Mint","English","","","","170","False","True",""
"1","0","Perplexing Test","blc","Near Mint","English","","","","171","False","False",""
"1","0","Sphinx of Enlightenment","blc","Near Mint","English","","","","175","False","False",""
"1","0","Triskaidekaphile","blc","Near Mint","English","","","","178","False","False",""
"1","0","Bastion of Remembrance","blc","Near Mint","English","","","","179","False","False",""
"1","0","Bastion of Remembrance","blc","Near Mint","English","","","","179","False","False",""
"1","0","Chittering Witch","blc","Near Mint","English","","","","180","False","False",""
"1","0","Deadly Dispute","blc","Near Mint","English","","","","181","False","False",""
"1","0","Decree of Pain","blc","Near Mint","English","","","","182","False","False",""
"1","0","Morbid Opportunist","blc","Near Mint","English","","","","183","False","False",""
"1","0","Morbid Opportunist","blc","Near Mint","English","","","","183","False","False",""
"1","0","Nadier's Nightblade","blc","Near Mint","English","","","","184","False","False",""
"1","0","Nested Shambler","blc","Near Mint","English","","","","185","False","False",""
"1","0","Ogre Slumlord","blc","Near Mint","English","","","","186","False","False",""
"1","0","Plaguecrafter","blc","Near Mint","English","","","","187","False","False",""
"1","0","Plumb the Forbidden","blc","Near Mint","English","","","","188","False","False",""
"1","0","Woe Strider","blc","Near Mint","English","","","","189","False","False",""
"1","0","Zulaport Cutthroat","blc","Near Mint","English","","","","190","False","False",""
"1","0","Arasta of the Endless Web","blc","Near Mint","English","","","","205","False","False",""
"1","0","Broken Wings","blc","Near Mint","English","","","","208","False","False",""
"1","0","Chatterfang, Squirrel General","blc","Near Mint","English","","","","209","False","False",""
"1","0","Chatterstorm","blc","Near Mint","English","","","","210","False","False",""
"1","0","Chitterspitter","blc","Near Mint","English","","","","211","False","False",""
"1","0","Cultivate","blc","Near Mint","English","","","","212","False","False",""
"1","0","Deep Forest Hermit","blc","Near Mint","English","","","","213","False","False",""
"1","0","End-Raze Forerunners","blc","Near Mint","English","","","","214","False","False",""
"1","0","Forgotten Ancient","blc","Near Mint","English","","","","217","False","False",""
"1","0","Gilded Goose","blc","Near Mint","English","","","","221","False","False",""
"1","0","Jolrael, Mwonvuli Recluse","blc","Near Mint","English","","","","225","False","False",""
"1","0","Kalonian Hydra","blc","Near Mint","English","","","","226","False","False",""
"1","0","Managorger Hydra","blc","Near Mint","English","","","","230","False","False",""
"1","0","Rishkar, Peema Renegade","blc","Near Mint","English","","","","235","False","False",""
"1","0","Shamanic Revelation","blc","Near Mint","English","","","","237","False","False",""
"1","0","Spore Frog","blc","Near Mint","English","","","","238","False","False",""
"1","0","Squirrel Nest","blc","Near Mint","English","","","","239","False","False",""
"1","0","Squirrel Sovereign","blc","Near Mint","English","","","","240","False","False",""
"1","0","Tear Asunder","blc","Near Mint","English","","","","241","False","False",""
"1","0","Tendershoot Dryad","blc","Near Mint","English","","","","242","False","False",""
"1","0","Tireless Provisioner","blc","Near Mint","English","","","","243","False","False",""
"1","0","Toski, Bearer of Secrets","blc","Near Mint","English","","","","244","False","False",""
"1","0","Wolfwillow Haven","blc","Near Mint","English","","","","246","False","False",""
"1","0","Wolfwillow Haven","blc","Near Mint","English","","","","246","False","False",""
"1","0","Wolfwillow Haven","blc","Near Mint","English","","","","246","False","False",""
"1","0","Beledros Witherbloom","blc","Near Mint","English","","","","247","False","False",""
"1","0","Binding the Old Gods","blc","Near Mint","English","","","","248","False","False",""
"1","0","Coiling Oracle","blc","Near Mint","English","","","","250","False","False",""
"1","0","Faeburrow Elder","blc","Near Mint","English","","","","252","False","False",""
"1","0","Kwain, Itinerant Meddler","blc","Near Mint","English","","","","254","False","False",""
"1","0","Moldervine Reclamation","blc","Near Mint","English","","","","255","False","False",""
"1","0","Poison-Tip Archer","blc","Near Mint","English","","","","256","False","False",""
"1","0","Putrefy","blc","Near Mint","English","","","","257","False","False",""
"1","0","Ravenous Squirrel","blc","Near Mint","English","","","","258","False","False",""
"1","0","Selvala, Explorer Returned","blc","Near Mint","English","","","","259","False","False",""
"1","0","Simic Ascendancy","blc","Near Mint","English","","","","260","False","False",""
"1","0","Skyfisher Spider","blc","Near Mint","English","","","","261","False","False",""
"1","0","Windgrace's Judgment","blc","Near Mint","English","","","","263","False","False",""
"1","0","Academy Manufactor","blc","Near Mint","English","","","","264","False","False",""
"1","0","Coveted Jewel","blc","Near Mint","English","","","","268","False","False",""
"1","0","Fellwar Stone","blc","Near Mint","English","","","","269","False","False",""
"1","0","Ghirapur Orrery","blc","Near Mint","English","","","","270","False","False",""
"1","0","Golgari Signet","blc","Near Mint","English","","","","272","False","False",""
"1","0","Haywire Mite","blc","Near Mint","English","","","","274","False","False",""
"1","0","Idol of Oblivion","blc","Near Mint","English","","","","277","False","False",""
"1","0","Maskwood Nexus","blc","Near Mint","English","","","","279","False","False",""
"1","0","Mind Stone","blc","Near Mint","English","","","","280","False","False",""
"1","0","Psychosis Crawler","blc","Near Mint","English","","","","282","False","False",""
"1","0","Skullclamp","blc","Near Mint","English","","","","283","False","False",""
"1","0","Swiftfoot Boots","blc","Near Mint","English","","","","286","False","False",""
"1","0","Talisman of Resilience","blc","Near Mint","English","","","","288","False","False",""
"1","0","Thought Vessel","blc","Near Mint","English","","","","289","False","False",""
"1","0","Adarkar Wastes","blc","Near Mint","English","","","","291","False","False",""
"1","0","Barren Moor","blc","Near Mint","English","","","","292","False","False",""
"1","0","Bojuka Bog","blc","Near Mint","English","","","","294","False","False",""
"1","0","Brushland","blc","Near Mint","English","","","","295","False","False",""
"1","0","Canopy Vista","blc","Near Mint","English","","","","296","False","False",""
"1","0","Evolving Wilds","blc","Near Mint","English","","","","302","False","False",""
"1","0","Evolving Wilds","blc","Near Mint","English","","","","302","False","False",""
"1","0","Flooded Grove","blc","Near Mint","English","","","","304","False","False",""
"1","0","Glacial Fortress","blc","Near Mint","English","","","","307","False","False",""
"1","0","Golgari Rot Farm","blc","Near Mint","English","","","","308","False","False",""
"1","0","Grim Backwoods","blc","Near Mint","English","","","","309","False","False",""
"1","0","Haunted Mire","blc","Near Mint","English","","","","311","False","False",""
"1","0","Hinterland Harbor","blc","Near Mint","English","","","","312","False","False",""
"1","0","Jungle Hollow","blc","Near Mint","English","","","","313","False","False",""
"1","0","Llanowar Wastes","blc","Near Mint","English","","","","315","False","False",""
"1","0","Necroblossom Snarl","blc","Near Mint","English","","","","319","False","False",""
"1","0","Oran-Rief, the Vastwood","blc","Near Mint","English","","","","320","False","False",""
"1","0","Overflowing Basin","blc","Near Mint","English","","","","321","False","False",""
"1","0","Path of Ancestry","blc","Near Mint","English","","","","322","False","False",""
"1","0","Prairie Stream","blc","Near Mint","English","","","","323","False","False",""
"1","0","Razorverge Thicket","blc","Near Mint","English","","","","325","False","False",""
"1","0","Seachrome Coast","blc","Near Mint","English","","","","328","False","False",""
"1","0","Seaside Citadel","blc","Near Mint","English","","","","329","False","False",""
"1","0","Skycloud Expanse","blc","Near Mint","English","","","","332","False","False",""
"1","0","Sungrass Prairie","blc","Near Mint","English","","","","334","False","False",""
"1","0","Sunpetal Grove","blc","Near Mint","English","","","","335","False","False",""
"1","0","Tainted Wood","blc","Near Mint","English","","","","337","False","False",""
"1","0","Temple of Enlightenment","blc","Near Mint","English","","","","339","False","False",""
"1","0","Temple of Malady","blc","Near Mint","English","","","","341","False","False",""
"1","0","Temple of Mystery","blc","Near Mint","English","","","","342","False","False",""
"1","0","Temple of Plenty","blc","Near Mint","English","","","","343","False","False",""
"1","0","Terramorphic Expanse","blc","Near Mint","English","","","","345","False","False",""
"1","0","Terramorphic Expanse","blc","Near Mint","English","","","","345","False","False",""
"1","0","Thriving Grove","blc","Near Mint","English","","","","347","False","False",""
"1","0","Thriving Heath","blc","Near Mint","English","","","","348","False","False",""
"1","0","Thriving Isle","blc","Near Mint","English","","","","349","False","False",""
"1","0","Tranquil Thicket","blc","Near Mint","English","","","","350","False","False",""
"1","0","Twilight Mire","blc","Near Mint","English","","","","351","False","False",""
"1","0","Viridescent Bog","blc","Near Mint","English","","","","352","False","False",""
"1","0","Woodland Cemetery","blc","Near Mint","English","","","","354","False","False",""
"1","0","Yavimaya Coast","blc","Near Mint","English","","","","355","False","False",""
"1","0","Akroan Skyguard","bng","Near Mint","English","","","","3","False","False",""
"1","0","Retraction Helix","bng","Near Mint","English","","","","49","False","True",""
"1","0","Shimmering Glasskite","bok","Near Mint","English","","","","51","False","False",""
"1","0","Reanimate","brb","Near Mint","English","","","","57","False","False",""
"1","0","Seeker of Skybreak","brb","Near Mint","English","","","","68","False","False",""
"1","0","Diabolic Intent","bro","Near Mint","English","","","","89","False","True",""
"1","0","Moment of Defiance","bro","Near Mint","English","","","","108","False","False",""
"1","0","Scrapwork Rager","bro","Near Mint","English","","","","123","False","False",""
"1","0","Bushwhack","bro","Near Mint","English","","","","174","False","False",""
"1","0","Defense Grid","brr","Near Mint","English","","","","76","False","False",""
"1","0","Angel of Finality","c13","Near Mint","English","","","","4","False","False",""
"1","0","Sanguine Bond","c13","Near Mint","English","","","","92","False","True",""
"1","0","Night Soil","c13","Near Mint","English","","","","158","False","False",""
"1","0","Conjurer's Closet","c13","Near Mint","English","","","","239","False","True",""
"1","0","Swiftfoot Boots","c13","Near Mint","English","","","","263","False","False",""
"1","0","Willbender","c14","Near Mint","English","","","","131","False","False",""
"1","0","Burnished Hart","c14","Near Mint","English","","","","232","False","False",""
"1","0","Command Beacon","c15","Near Mint","English","","","","56","False","False",""
"1","0","Ambition's Cost","c15","Near Mint","English","","","","113","False","False",""
"1","0","Black Market","c15","Near Mint","English","","","","116","False","True",""
"1","0","Goblin Electromancer","c15","Near Mint","English","","","","220","False","True",""
"1","0","Orzhov Advokist","c16","Near Mint","English","","","","3","False","False",""
"1","0","Frenzied Fugue","c16","Near Mint","English","","","","18","False","False",""
"1","0","Swan Song","c16","Near Mint","English","","","","98","False","True",""
"1","0","Decimate","c16","Near Mint","English","","","","193","False","False",""
"1","0","Iroas, God of Victory","c16","Near Mint","English","","","","205","False","False",""
"1","0","Mystic Monastery","c16","Near Mint","English","","","","310","False","True",""
"1","0","Plains","c16","Near Mint","English","","","","339","False","False",""
"1","0","Island","c16","Near Mint","English","","","","342","False","False",""
"1","0","Mountain","c16","Near Mint","English","","","","348","False","False",""
"1","0","Apprentice Necromancer","c17","Near Mint","English","","","","97","False","False",""
"1","0","Corpse Augur","c17","Near Mint","English","","","","106","False","False",""
"1","0","Savage Lands","c17","Near Mint","English","","","","275","False","False",""
"1","0","Think Twice","c19","Near Mint","English","","","","99","False","False",""
"1","0","Great Oak Guardian","c19","Near Mint","English","","","","170","False","False",""
"1","0","Evolving Wilds","c19","Near Mint","English","","","","241","False","False",""
"1","0","Mystic Monastery","c19","Near Mint","English","","","","262","False","False",""
"1","0","Tidal Barracuda","c20","Near Mint","English","","","","39","False","True",""
"1","0","Twinning Staff","c20","Near Mint","English","","","","70","False","True",""
"1","0","Evolution Charm","c20","Near Mint","English","","","","171","False","False",""
"1","0","Putrefy","c20","Near Mint","English","","","","228","False","False",""
"1","0","Irrigated Farmland","c20","Near Mint","English","","","","282","False","False",""
"1","0","Breena, the Demagogue","c21","Near Mint","English","foil","","","1","False","False",""
"1","0","Felisa, Fang of Silverquill","c21","Near Mint","English","foil","","","2","False","False",""
"1","0","Veyran, Voice of Duality","c21","Near Mint","English","foil","","","3","False","False",""
"1","0","Zaffai, Thunder Conductor","c21","Near Mint","English","foil","","","4","False","False",""
"1","0","Adrix and Nev, Twincasters","c21","Near Mint","English","foil","","","9","False","True",""
"1","0","Combat Calligrapher","c21","Near Mint","English","","","","14","False","False",""
"1","0","Guardian Archon","c21","Near Mint","English","","","","17","False","False",""
"1","0","Nils, Discipline Enforcer","c21","Near Mint","English","","","","20","False","False",""
"1","0","Promise of Loyalty","c21","Near Mint","English","","","","21","False","False",""
"1","0","Scholarship Sponsor","c21","Near Mint","English","","","","22","False","False",""
"1","0","Dazzling Sphinx","c21","Near Mint","English","","","","25","False","False",""
"1","0","Inspiring Refrain","c21","Near Mint","English","","","","27","False","False",""
"1","0","Muse Vortex","c21","Near Mint","English","","","","28","False","False",""
"1","0","Octavia, Living Thesis","c21","Near Mint","English","","","","29","False","False",""
"1","0","Sly Instigator","c21","Near Mint","English","","","","32","False","False",""
"1","0","Author of Shadows","c21","Near Mint","English","","","","35","False","False",""
"1","0","Bold Plagiarist","c21","Near Mint","English","","","","37","False","False",""
"1","0","Cunning Rhetoric","c21","Near Mint","English","","","","38","False","False",""
"1","0","Fain, the Broker","c21","Near Mint","English","","","","40","False","False",""
"1","0","Incarnation Technique","c21","Near Mint","English","","","","41","False","False",""
"1","0","Keen Duelist","c21","Near Mint","English","","","","42","False","False",""
"1","0","Stinging Study","c21","Near Mint","English","","","","44","False","False",""
"1","0","Creative Technique","c21","Near Mint","English","","","","49","False","False",""
"1","0","Fiery Encore","c21","Near Mint","English","","","","51","False","False",""
"1","0","Inferno Project","c21","Near Mint","English","","","","52","False","False",""
"1","0","Radiant Performer","c21","Near Mint","English","","","","54","False","False",""
"1","0","Rionya, Fire Dancer","c21","Near Mint","English","","","","55","False","False",""
"1","0","Rousing Refrain","c21","Near Mint","English","","","","56","False","False",""
"1","0","Surge to Victory","c21","Near Mint","English","","","","58","False","False",""
"1","0","Inkshield","c21","Near Mint","English","","","","71","False","False",""
"1","0","Reinterpret","c21","Near Mint","English","","","","73","False","False",""
"1","0","Elementalist's Palette","c21","Near Mint","English","","","","76","False","False",""
"1","0","Tempting Contract","c21","Near Mint","English","","","","78","False","False",""
"1","0","Study Hall","c21","Near Mint","English","","","","80","False","False",""
"1","0","Study Hall","c21","Near Mint","English","","","","80","False","False",""
"1","0","Angel of Serenity","c21","Near Mint","English","","","","83","False","False",""
"1","0","Boreas Charger","c21","Near Mint","English","","","","84","False","False",""
"1","0","Citadel Siege","c21","Near Mint","English","","","","85","False","False",""
"1","0","Duelist's Heritage","c21","Near Mint","English","","","","90","False","False",""
"1","0","Elite Scaleguard","c21","Near Mint","English","","","","91","False","False",""
"1","0","Ghostly Prison","c21","Near Mint","English","","","","92","False","False",""
"1","0","Gideon, Champion of Justice","c21","Near Mint","English","","","","93","False","False",""
"1","0","Hunted Lammasu","c21","Near Mint","English","","","","94","False","False",""
"1","0","Knight of the White Orchid","c21","Near Mint","English","","","","95","False","False",""
"1","0","Martial Impetus","c21","Near Mint","English","","","","96","False","False",""
"1","0","Oblation","c21","Near Mint","English","","","","97","False","False",""
"1","0","Oreskos Explorer","c21","Near Mint","English","","","","98","False","False",""
"1","0","Orzhov Advokist","c21","Near Mint","English","","","","99","False","False",""
"1","0","Selfless Squire","c21","Near Mint","English","","","","103","False","False",""
"1","0","Soul Snare","c21","Near Mint","English","","","","104","False","False",""
"1","0","Stalking Leonin","c21","Near Mint","English","","","","105","False","False",""
"1","0","Sunscorch Regent","c21","Near Mint","English","","","","107","False","False",""
"1","0","Together Forever","c21","Near Mint","English","","","","108","False","False",""
"1","0","Tragic Arrogance","c21","Near Mint","English","","","","109","False","False",""
"1","0","Vow of Duty","c21","Near Mint","English","","","","110","False","False",""
"1","0","Windborn Muse","c21","Near Mint","English","","","","111","False","False",""
"1","0","Zetalpa, Primal Dawn","c21","Near Mint","English","","","","112","False","False",""
"1","0","Aether Gale","c21","Near Mint","English","","","","113","False","False",""
"1","0","Aetherspouts","c21","Near Mint","English","","","","114","False","False",""
"1","0","Brainstorm","c21","Near Mint","English","","","","115","False","False",""
"1","0","Dig Through Time","c21","Near Mint","English","","","","119","False","False",""
"1","0","Diluvian Primordial","c21","Near Mint","English","","","","120","False","False",""
"1","0","Living Lore","c21","Near Mint","English","","","","121","False","False",""
"1","0","Metallurgic Summonings","c21","Near Mint","English","","","","122","False","False",""
"1","0","Mind's Desire","c21","Near Mint","English","","","","123","False","False",""
"1","0","Naru Meha, Master Wizard","c21","Near Mint","English","","","","124","False","False",""
"1","0","Ponder","c21","Near Mint","English","","","","125","False","False",""
"1","0","Rapid Hybridization","c21","Near Mint","English","","","","126","False","False",""
"1","0","Serum Visions","c21","Near Mint","English","","","","129","False","False",""
"1","0","Swarm Intelligence","c21","Near Mint","English","","","","130","False","False",""
"1","0","Talrand, Sky Summoner","c21","Near Mint","English","","","","131","False","False",""
"1","0","Traumatic Visions","c21","Near Mint","English","","","","132","False","False",""
"1","0","Treasure Cruise","c21","Near Mint","English","","","","133","False","False",""
"1","0","Ambition's Cost","c21","Near Mint","English","","","","134","False","False",""
"1","0","Curse of Disturbance","c21","Near Mint","English","","","","138","False","False",""
"1","0","Deathbringer Regent","c21","Near Mint","English","","","","141","False","False",""
"1","0","Infernal Offering","c21","Near Mint","English","","","","146","False","False",""
"1","0","Necropolis Regent","c21","Near Mint","English","","","","147","False","False",""
"1","0","Parasitic Impetus","c21","Near Mint","English","","","","150","False","False",""
"1","0","Apex of Power","c21","Near Mint","English","","","","158","False","False",""
"1","0","Blasphemous Act","c21","Near Mint","English","","","","159","False","False",""
"1","0","Brass's Bounty","c21","Near Mint","English","","","","160","False","False",""
"1","0","Charmbreaker Devils","c21","Near Mint","English","","","","162","False","False",""
"1","0","Dualcaster Mage","c21","Near Mint","English","","","","165","False","False",""
"1","0","Erratic Cyclops","c21","Near Mint","English","","","","166","False","False",""
"1","0","Etali, Primal Storm","c21","Near Mint","English","","","","167","False","False",""
"1","0","Faithless Looting","c21","Near Mint","English","","","","168","False","False",""
"1","0","Fiery Fall","c21","Near Mint","English","","","","170","False","False",""
"1","0","Humble Defector","c21","Near Mint","English","","","","174","False","False",""
"1","0","Jaya Ballard","c21","Near Mint","English","","","","175","False","False",""
"1","0","Mana Geyser","c21","Near Mint","English","","","","176","False","False",""
"1","0","Seething Song","c21","Near Mint","English","","","","179","False","False",""
"1","0","Sunbird's Invocation","c21","Near Mint","English","","","","180","False","False",""
"1","0","Volcanic Vision","c21","Near Mint","English","","","","182","False","False",""
"1","0","Wildfire Devils","c21","Near Mint","English","","","","183","False","False",""
"1","0","Call the Skybreaker","c21","Near Mint","English","","","","211","False","False",""
"1","0","Crackling Drake","c21","Near Mint","English","","","","213","False","False",""
"1","0","Deathbringer Liege","c21","Near Mint","English","","","","214","False","False",""
"1","0","Debtors' Knell","c21","Near Mint","English","","","","215","False","False",""
"1","0","Epic Experiment","c21","Near Mint","English","","","","216","False","False",""
"1","0","Magister of Worth","c21","Near Mint","English","","","","223","False","False",""
"1","0","Teysa, Envoy of Ghosts","c21","Near Mint","English","","","","230","False","False",""
"1","0","Utter End","c21","Near Mint","English","","","","232","False","False",""
"1","0","Arcane Signet","c21","Near Mint","English","","","","234","False","False",""
"1","0","Arcane Signet","c21","Near Mint","English","","","","234","False","False",""
"1","0","Bloodthirsty Blade","c21","Near Mint","English","","","","235","False","False",""
"1","0","Coveted Jewel","c21","Near Mint","English","","","","240","False","False",""
"1","0","Hedron Archive","c21","Near Mint","English","","","","244","False","False",""
"1","0","Izzet Signet","c21","Near Mint","English","","","","247","False","False",""
"1","0","Mind Stone","c21","Near Mint","English","","","","251","False","False",""
"1","0","Mind Stone","c21","Near Mint","English","","","","251","False","False",""
"1","0","Orzhov Signet","c21","Near Mint","English","","","","254","False","False",""
"1","0","Pendant of Prosperity","c21","Near Mint","English","","","","256","False","False",""
"1","0","Pyromancer's Goggles","c21","Near Mint","English","","","","259","False","False",""
"1","0","Sol Ring","c21","Near Mint","English","","","","263","False","False",""
"1","0","Sol Ring","c21","Near Mint","English","","","","263","False","False",""
"1","0","Spectral Searchlight","c21","Near Mint","English","","","","265","False","False",""
"1","0","Talisman of Creativity","c21","Near Mint","English","","","","269","False","False",""
"1","0","Victory Chimes","c21","Near Mint","English","","","","274","False","False",""
"1","0","Barren Moor","c21","Near Mint","English","","","","277","False","False",""
"1","0","Blighted Cataract","c21","Near Mint","English","","","","279","False","False",""
"1","0","Bojuka Bog","c21","Near Mint","English","","","","281","False","False",""
"1","0","Caves of Koilos","c21","Near Mint","English","","","","283","False","False",""
"1","0","Command Tower","c21","Near Mint","English","","","","284","False","False",""
"1","0","Command Tower","c21","Near Mint","English","","","","284","False","False",""
"1","0","Desert of the Fervent","c21","Near Mint","English","","","","286","False","False",""
"1","0","Desert of the Mindful","c21","Near Mint","English","","","","287","False","False",""
"1","0","Exotic Orchard","c21","Near Mint","English","","","","288","False","False",""
"1","0","Exotic Orchard","c21","Near Mint","English","","","","288","False","False",""
"1","0","Forgotten Cave","c21","Near Mint","English","","","","289","False","False",""
"1","0","Izzet Boilerworks","c21","Near Mint","English","","","","294","False","False",""
"1","0","Lonely Sandbar","c21","Near Mint","English","","","","298","False","False",""
"1","0","Mage-Ring Network","c21","Near Mint","English","","","","300","False","False",""
"1","0","Memorial to Genius","c21","Near Mint","English","","","","301","False","False",""
"1","0","Mikokoro, Center of the Sea","c21","Near Mint","English","","","","302","False","False",""
"1","0","Myriad Landscape","c21","Near Mint","English","","","","304","False","False",""
"1","0","Myriad Landscape","c21","Near Mint","English","","","","304","False","False",""
"1","0","Opal Palace","c21","Near Mint","English","","","","306","False","False",""
"1","0","Orzhov Basilica","c21","Near Mint","English","","","","308","False","False",""
"1","0","Reliquary Tower","c21","Near Mint","English","","","","311","False","False",""
"1","0","Rogue's Passage","c21","Near Mint","English","","","","312","False","False",""
"1","0","Scavenger Grounds","c21","Near Mint","English","","","","314","False","False",""
"1","0","Secluded Steppe","c21","Near Mint","English","","","","315","False","False",""
"1","0","Shivan Reef","c21","Near Mint","English","","","","316","False","False",""
"1","0","Tainted Field","c21","Near Mint","English","","","","320","False","False",""
"1","0","Temple of Epiphany","c21","Near Mint","English","","","","322","False","False",""
"1","0","Temple of Silence","c21","Near Mint","English","","","","325","False","False",""
"1","0","Temple of the False God","c21","Near Mint","English","","","","326","False","False",""
"1","0","Temple of the False God","c21","Near Mint","English","","","","326","False","False",""
"1","0","Guardian Augmenter","c21","Near Mint","English","","","","389","False","False",""
"1","0","Badlands","cei","Near Mint","English","","","","278","False","True",""
"1","0","Akki Lavarunner // Tok-Tok, Volcano Born","chk","Near Mint","English","","","","153","False","True",""
"1","0","Dosan the Falling Leaf","chk","Near Mint","English","","","","205","False","False",""
"1","0","Orochi Eggwatcher // Shidako, Broodmistress","chk","Near Mint","English","","","","233","False","False",""
"1","0","Konda's Banner","chk","Near Mint","English","","","","259","False","False",""
"1","0","Contraband Livestock","clb","Near Mint","English","","","","12","False","False",""
"1","0","Steadfast Unicorn","clb","Near Mint","English","","","","44","False","False",""
"1","0","Summon Undead","clb","Near Mint","English","","","","151","False","False",""
"1","0","Inspired Tinkering","clb","Near Mint","English","","","","183","False","False",""
"1","0","Reckless Barbarian","clb","Near Mint","English","","","","193","False","False",""
"1","0","Reckless Barbarian","clb","Near Mint","English","","","","193","False","False",""
"1","0","Dread Linnorm // Scale Deflection","clb","Near Mint","English","","","","225","False","False",""
"1","0","Decanter of Endless Water","clb","Near Mint","English","","","","309","False","False",""
"1","0","Blade of Selves","clb","Near Mint","English","","","","596","False","False",""
"1","0","Luxury Suite","clb","Near Mint","English","","","","602","False","True",""
"1","0","Black Market Connections","clb","Near Mint","English","","","","669","False","True",""
"2","0","Black Market","clb","Near Mint","English","","","","739","False","True",""
"1","0","Kraul Harpooner","clu","Near Mint","English","","","","167","False","False",""
"1","0","Inspiring Call","cm2","Near Mint","English","","","","139","False","False",""
"1","0","Reclamation Sage","cma","Near Mint","English","","","","140","False","False",""
"1","0","Angel of Despair","cma","Near Mint","English","","","","173","False","False",""
"1","0","Conjurer's Closet","cma","Near Mint","English","","","","214","False","True",""
"1","0","Conjurer's Closet","cma","Near Mint","English","","","","214","False","False",""
"1","0","Fleshbag Marauder","cmd","Near Mint","English","","","","83","False","False",""
"1","0","Aura Shards","cmd","Near Mint","English","","","","182","False","True",""
"1","0","Flawless Maneuver","cmm","Near Mint","English","","","","24","False","False",""
"1","0","Smothering Tithe","cmm","Near Mint","English","","","","57","False","False",""
"1","0","Fierce Guardianship","cmm","Near Mint","English","","","","94","False","True",""
"1","0","Shipwreck Dowser","cmm","Near Mint","English","","","","119","False","False",""
"1","0","Tragic Slip","cmm","Near Mint","English","","","","192","False","False",""
"1","0","Finale of Devastation","cmm","Near Mint","English","","","","289","False","False",""
"1","0","Ashnod's Altar","cmm","Near Mint","English","","","","368","False","False",""
"1","0","Ash Barrens","cmm","Near Mint","English","","","","419","False","False",""
"1","0","Thriving Grove","cmm","Near Mint","English","","","","430","False","False",""
"1","0","Thriving Moor","cmm","Near Mint","English","","","","433","False","False",""
"1","0","Grand Abolisher","cmm","Near Mint","English","etched","","","460","False","True",""
"1","0","Generous Gift","cmm","Near Mint","English","","","","624","False","False",""
"1","0","Storm-Kiln Artist","cmm","Near Mint","English","","","","644","False","True",""
"1","0","Ohran Frostfang","cmm","Near Mint","English","","","","650","False","False",""
"1","0","Deflecting Swat","cmm","Near Mint","English","","","","698","False","True",""
"1","0","Deflecting Swat","cmm","Near Mint","English","","","","698","False","True",""
"1","0","Rukarumel, Biologist","cmm","Near Mint","English","foil","","","711","False","False",""
"1","0","Titan of Littjara","cmm","Near Mint","English","","","","728","False","False",""
"1","0","Capricious Sliver","cmm","Near Mint","English","","","","734","False","False",""
"1","0","Anikthea, Hand of Erebos","cmm","Near Mint","English","","","","773","False","True",""
"1","0","Plains","cmm","Near Mint","English","","","","786","False","False",""
"1","0","Island","cmm","Near Mint","English","","","","789","False","False",""
"1","0","Swamp","cmm","Near Mint","English","","","","793","False","False",""
"1","0","Mountain","cmm","Near Mint","English","","","","796","False","False",""
"2","0","Forest","cmm","Near Mint","English","","","","799","False","False",""
"1","0","Sinew Sliver","cmm","Near Mint","English","","","","837","False","False",""
"1","0","Clot Sliver","cmm","Near Mint","English","","","","861","False","False",""
"1","0","Crippling Fear","cmm","Near Mint","English","","","","862","False","False",""
"1","0","Blade Sliver","cmm","Near Mint","English","","","","871","False","False",""
"1","0","Hollowhead Sliver","cmm","Near Mint","English","","","","878","False","False",""
"1","0","Striking Sliver","cmm","Near Mint","English","","","","882","False","False",""
"1","0","Two-Headed Sliver","cmm","Near Mint","English","","","","883","False","False",""
"1","0","Megantic Sliver","cmm","Near Mint","English","","","","901","False","False",""
"1","0","Firewake Sliver","cmm","Near Mint","English","","","","923","False","False",""
"1","0","Lavabelly Sliver","cmm","Near Mint","English","","","","927","False","False",""
"1","0","Pillar of Origins","cmm","Near Mint","English","","","","970","False","False",""
"1","0","Flood Plain","cmm","Near Mint","English","","","","994","False","False",""
"1","0","Guildless Commons","cmm","Near Mint","English","","","","1003","False","False",""
"1","0","Prairie Stream","cmm","Near Mint","English","","","","1020","False","False",""
"1","0","Scattered Groves","cmm","Near Mint","English","","","","1026","False","False",""
"5","0","Opposition Agent","cmr","Near Mint","English","","","","141","False","True",""
"1","0","Alena, Kessig Trapper","cmr","Near Mint","English","","","","160","False","False",""
"1","0","Frenzied Saddlebrute","cmr","Near Mint","English","","","","180","False","False",""
"1","0","Scroll Rack","cmr","Near Mint","English","","","","337","False","True",""
"1","0","Fists of Flame","cmr","Near Mint","English","","","","414","False","True",""
"1","0","Besmirch","cn2","Near Mint","English","","","","49","False","False",""
"1","0","Custodi Squire","cns","Near Mint","English","","","","18","False","False",""
"1","0","Twisted Abomination","cns","Near Mint","English","","","","129","False","False",""
"1","0","Exploration","cns","Near Mint","English","","","","164","False","True",""
"1","0","Rhox Meditant","con","Near Mint","English","","","","16","False","False",""
"1","0","Jokulmorder","csp","Near Mint","English","","","","37","False","False",""
"1","0","Consider","dbl","Near Mint","English","","","","44","False","True",""
"1","0","Giant Growth","dd1","Near Mint","English","","","","21","False","False",""
"1","0","Force Spike","ddj","Near Mint","English","","","","14","False","False",""
"1","0","Doomgape","ddj","Near Mint","English","","","","65","False","False",""
"1","0","Dawnstrike Paladin","ddl","Near Mint","English","","","","14","False","False",""
"1","0","Orcish Lumberjack","ddl","Near Mint","English","","","","44","False","False",""
"1","0","Krovikan Mist","ddm","Near Mint","English","","","","8","False","False",""
"1","0","Arcanis the Omnipotent","ddn","Near Mint","English","foil","","","42","False","False",""
"1","0","Grazing Gladehart","ddp","Near Mint","English","","","","14","False","False",""
"1","0","Rocky Tar Pit","ddp","Near Mint","English","","","","69","False","False",""
"2","0","Nephalia Smuggler","ddq","Near Mint","English","","","","27","False","False",""
"1","0","Crop Rotation","ddr","Near Mint","English","","","","7","False","False",""
"1","0","Dwynen's Elite","ddu","Near Mint","English","","","","3","False","False",""
"1","0","Oran-Rief, the Vastwood","ddu","Near Mint","English","","","","28","False","False",""
"1","0","Seat of the Synod","ddu","Near Mint","English","","","","69","False","False",""
"2","0","Ride's End","dft","Near Mint","English","","","","25","False","False",""
"4","0","Scrounging Skyray","dft","Near Mint","English","","","","60","False","False",""
"1","0","Gastal Thrillroller","dft","Near Mint","English","","","","129","False","False",""
"2","0","Marauding Mako","dft","Near Mint","English","","","","138","False","False",""
"2","0","Broadside Barrage","dft","Near Mint","English","","","","192","False","False",""
"2","0","Captain Howler, Sea Scourge","dft","Near Mint","English","","","","194","False","False",""
"3","0","Fearless Swashbuckler","dft","Near Mint","English","","","","204","False","False",""
"1","0","Dismal Backwater","dft","Near Mint","English","","","","254","False","False",""
"1","0","Thornwood Falls","dft","Near Mint","English","","","","266","False","False",""
"5","0","Plains","dft","Near Mint","English","","","","277","False","False",""
"4","0","Island","dft","Near Mint","English","","","","280","False","False",""
"5","0","Island","dft","Near Mint","English","","","","280","False","False",""
"5","0","Swamp","dft","Near Mint","English","","","","283","False","False",""
"5","0","Mountain","dft","Near Mint","English","","","","286","False","False",""
"6","0","Forest","dft","Near Mint","English","","","","289","False","False",""
"1","0","Hulldrifter","dft","Near Mint","English","","","","300","False","False",""
"1","0","Midnight Mangler","dft","Near Mint","English","","","","301","False","False",""
"2","0","Regal Imperiosaur","dft","Near Mint","English","","","","389","False","False",""
"2","0","Marauding Mako","dft","Near Mint","English","","","","419","False","False",""
"2","0","The Aetherspark","dft","Near Mint","English","foil","","","496","False","True",""
"1","0","Give // Take","dgm","Near Mint","English","","","","129","False","False",""
"1","0","Wakestone Gargoyle","dis","Near Mint","English","","","","21","False","False",""
"1","0","Cytoplast Root-Kin","dis","Near Mint","English","","","","81","False","False",""
"1","0","Young Wolf","dka","Near Mint","English","","","","134","False","False",""
"1","0","Activated Sleeper","dmc","Near Mint","English","","","","24","False","False",""
"1","0","Frontier Bivouac","dmc","Near Mint","English","","","","212","False","False",""
"1","0","Grasslands","dmc","Near Mint","English","","","","214","False","False",""
"1","0","Mountain Valley","dmc","Near Mint","English","","","","219","False","False",""
"1","0","Nomad Outpost","dmc","Near Mint","English","","","","222","False","False",""
"1","0","Opulent Palace","dmc","Near Mint","English","","","","223","False","False",""
"1","0","Sandsteppe Citadel","dmc","Near Mint","English","","","","229","False","False",""
"3","0","Yawgmoth, Thran Physician","dmr","Near Mint","English","","","","110","False","True",""
"2","0","Urza's Incubator","dmr","Near Mint","English","","","","392","False","True",""
"2","0","Tolarian Terror","dmu","Near Mint","English","","","","72","False","False",""
"2","0","Battle-Rage Blessing","dmu","Near Mint","English","","","","80","False","False",""
"1","0","Braids, Arisen Nightmare","dmu","Near Mint","English","","","","84","False","True",""
"1","0","Pilfer","dmu","Near Mint","English","","","","102","False","False",""
"2","0","Shadow Prophecy","dmu","Near Mint","English","","","","105","False","False",""
"1","0","Smash to Dust","dmu","Near Mint","English","","","","144","False","False",""
"1","0","Twinferno","dmu","Near Mint","English","","","","149","False","False",""
"2","0","Bite Down","dmu","Near Mint","English","","","","155","False","False",""
"2","0","Broken Wings","dmu","Near Mint","English","","","","157","False","False",""
"1","0","Tear Asunder","dmu","Near Mint","English","","","","183","False","False",""
"1","0","Balmor, Battlemage Captain","dmu","Near Mint","English","","","","196","False","False",""
"1","0","Relic of Legends","dmu","Near Mint","English","","","","236","False","False",""
"1","0","Sunlit Marsh","dmu","Near Mint","English","","","","257","False","False",""
"1","0","Adamant Will","dom","Near Mint","English","","","","2","False","False",""
"1","0","On Serra's Wings","dom","Near Mint","English","","","","28","False","False",""
"1","0","Time of Ice","dom","Near Mint","English","","","","70","False","False",""
"1","0","Grow from the Ashes","dom","Near Mint","English","","","","164","False","False",""
"1","0","Song of Freyalise","dom","Near Mint","English","","","","179","False","False",""
"1","0","Vigor","dpa","Near Mint","English","","","","88","False","True",""
"1","0","Vigor","dpa","Near Mint","English","","","","88","False","False",""
"1","0","Hashaton, Scarab's Fist","drc","Near Mint","English","foil","","","1","False","False",""
"1","0","Pia Nalaar, Chief Mechanic","drc","Near Mint","English","foil","","","2","False","False",""
"1","0","Saheeli, Radiant Creator","drc","Near Mint","English","","","","3","False","False",""
"1","0","Temmet, Naktamun's Will","drc","Near Mint","English","","","","4","False","False",""
"1","0","On Wings of Gold","drc","Near Mint","English","","","","5","False","False",""
"1","0","Priest of the Crossing","drc","Near Mint","English","","","","6","False","False",""
"1","0","Renewed Solidarity","drc","Near Mint","English","","","","7","False","False",""
"1","0","Wizened Mentor","drc","Near Mint","English","","","","8","False","False",""
"1","0","Prophet of the Scarab","drc","Near Mint","English","","","","9","False","False",""
"1","0","Rhet-Tomb Mystic","drc","Near Mint","English","","","","10","False","False",""
"1","0","Lost Monarch of Ifnir","drc","Near Mint","English","","","","11","False","False",""
"1","0","Territorial Aetherkite","drc","Near Mint","English","","","","12","False","False",""
"1","0","Nissa, Worldsoul Speaker","drc","Near Mint","English","","","","13","False","False",""
"1","0","Peema Trailblazer","drc","Near Mint","English","","","","14","False","False",""
"1","0","Rampaging Aetherhood","drc","Near Mint","English","","","","15","False","False",""
"1","0","Adaptive Omnitool","drc","Near Mint","English","","","","16","False","False",""
"1","0","Aetherflux Conduit","drc","Near Mint","English","","","","17","False","False",""
"1","0","Aetheric Amplifier","drc","Near Mint","English","","","","18","False","False",""
"1","0","Stridehangar Automaton","drc","Near Mint","English","","","","19","False","False",""
"1","0","Accursed Duneyard","drc","Near Mint","English","","","","20","False","False",""
"1","0","Renewed Solidarity","drc","Near Mint","English","","","","23","False","True",""
"1","0","Swords to Plowshares","drc","Near Mint","English","","","","37","False","False",""
"1","0","Commence the Endgame","drc","Near Mint","English","","","","38","False","False",""
"1","0","Reality Shift","drc","Near Mint","English","","","","39","False","False",""
"1","0","Corpse Augur","drc","Near Mint","English","","","","40","False","False",""
"1","0","Cryptbreaker","drc","Near Mint","English","","","","41","False","False",""
"1","0","Grave Titan","drc","Near Mint","English","","","","42","False","False",""
"1","0","Gravecrawler","drc","Near Mint","English","","","","43","False","False",""
"1","0","Midnight Reaper","drc","Near Mint","English","","","","44","False","False",""
"1","0","Murderous Rider // Swift End","drc","Near Mint","English","","","","45","False","False",""
"1","0","Zombie Master","drc","Near Mint","English","","","","46","False","False",""
"1","0","Chain Reaction","drc","Near Mint","English","","","","47","False","False",""
"1","0","Chaos Warp","drc","Near Mint","English","","","","48","False","False",""
"1","0","Druid of Purification","drc","Near Mint","English","","","","49","False","False",""
"1","0","Corpse Knight","drc","Near Mint","English","","","","50","False","False",""
"1","0","Arcane Signet","drc","Near Mint","English","","","","51","False","False",""
"1","0","Arcane Signet","drc","Near Mint","English","","","","52","False","False",""
"1","0","Chromatic Lantern","drc","Near Mint","English","","","","53","False","False",""
"1","0","Duplicant","drc","Near Mint","English","","","","54","False","False",""
"1","0","Lightning Greaves","drc","Near Mint","English","","","","55","False","False",""
"1","0","Sol Ring","drc","Near Mint","English","","","","56","False","False",""
"1","0","Sol Ring","drc","Near Mint","English","","","","57","False","False",""
"1","0","Academy Ruins","drc","Near Mint","English","","","","58","False","False",""
"1","0","Command Tower","drc","Near Mint","English","","","","59","False","False",""
"1","0","Command Tower","drc","Near Mint","English","","","","60","False","False",""
"1","0","Path of Ancestry","drc","Near Mint","English","","","","61","False","False",""
"1","0","Angel of Sanctions","drc","Near Mint","English","","","","62","False","False",""
"1","0","Binding Mummy","drc","Near Mint","English","","","","63","False","False",""
"1","0","Cast Out","drc","Near Mint","English","","","","64","False","False",""
"1","0","Dusk // Dawn","drc","Near Mint","English","","","","65","False","False",""
"1","0","God-Eternal Oketra","drc","Near Mint","English","","","","66","False","False",""
"1","0","Timeless Dragon","drc","Near Mint","English","","","","67","False","False",""
"1","0","Aethersquall Ancient","drc","Near Mint","English","","","","68","False","False",""
"1","0","Aethertide Whale","drc","Near Mint","English","","","","69","False","False",""
"1","0","Arcane Denial","drc","Near Mint","English","","","","70","False","False",""
"1","0","Bespoke Battlewagon","drc","Near Mint","English","","","","71","False","False",""
"1","0","Champion of Wits","drc","Near Mint","English","","","","72","False","False",""
"1","0","Confiscation Coup","drc","Near Mint","English","","","","73","False","False",""
"1","0","Disallow","drc","Near Mint","English","","","","74","False","False",""
"1","0","Era of Innovation","drc","Near Mint","English","","","","75","False","False",""
"1","0","Eternal Skylord","drc","Near Mint","English","","","","76","False","False",""
"1","0","Forgotten Creation","drc","Near Mint","English","","","","77","False","False",""
"1","0","Glimmer of Genius","drc","Near Mint","English","","","","78","False","False",""
"1","0","Midnight Clock","drc","Near Mint","English","","","","79","False","False",""
"1","0","One with the Machine","drc","Near Mint","English","","","","80","False","False",""
"1","0","Pull from Tomorrow","drc","Near Mint","English","","","","81","False","False",""
"1","0","Sai, Master Thopterist","drc","Near Mint","English","","","","82","False","False",""
"1","0","Thopter Spy Network","drc","Near Mint","English","","","","83","False","False",""
"1","0","Vizier of Many Faces","drc","Near Mint","English","","","","84","False","False",""
"1","0","Whirler Rogue","drc","Near Mint","English","","","","85","False","False",""
"1","0","Archfiend of Ifnir","drc","Near Mint","English","","","","86","False","False",""
"1","0","Cemetery Reaper","drc","Near Mint","English","","","","87","False","False",""
"1","0","Crowded Crypt","drc","Near Mint","English","","","","88","False","False",""
"1","0","Damn","drc","Near Mint","English","","","","89","False","False",""
"1","0","Dread Summons","drc","Near Mint","English","","","","90","False","False",""
"1","0","Dreadhorde Invasion","drc","Near Mint","English","","","","91","False","False",""
"1","0","Fleshbag Marauder","drc","Near Mint","English","","","","92","False","False",""
"1","0","Gempalm Polluter","drc","Near Mint","English","","","","93","False","False",""
"1","0","Liliana, Death's Majesty","drc","Near Mint","English","","","","94","False","False",""
"1","0","Lord of the Accursed","drc","Near Mint","English","","","","95","False","False",""
"1","0","Never // Return","drc","Near Mint","English","","","","96","False","False",""
"1","0","Plague Belcher","drc","Near Mint","English","","","","97","False","False",""
"1","0","Rot Hulk","drc","Near Mint","English","","","","98","False","False",""
"1","0","Twisted Abomination","drc","Near Mint","English","","","","99","False","False",""
"1","0","Undead Augur","drc","Near Mint","English","","","","100","False","False",""
"1","0","Blasphemous Act","drc","Near Mint","English","","","","101","False","False",""
"1","0","Combustible Gearhulk","drc","Near Mint","English","","","","102","False","False",""
"1","0","Lightning Runner","drc","Near Mint","English","","","","103","False","False",""
"1","0","Loyal Apprentice","drc","Near Mint","English","","","","104","False","False",""
"1","0","Pia and Kiran Nalaar","drc","Near Mint","English","","","","105","False","False",""
"1","0","Reckless Fireweaver","drc","Near Mint","English","","","","106","False","False",""
"1","0","Aetherwind Basker","drc","Near Mint","English","","","","107","False","False",""
"1","0","Architect of the Untamed","drc","Near Mint","English","","","","108","False","False",""
"1","0","Attune with Aether","drc","Near Mint","English","","","","109","False","False",""
"1","0","Bootleggers' Stash","drc","Near Mint","English","","","","110","False","False",""
"1","0","Elder Gargaroth","drc","Near Mint","English","","","","111","False","False",""
"1","0","Explosive Vegetation","drc","Near Mint","English","","","","112","False","False",""
"1","0","Peema Aether-Seer","drc","Near Mint","English","","","","113","False","False",""
"1","0","Servant of the Conduit","drc","Near Mint","English","","","","114","False","False",""
"1","0","Despark","drc","Near Mint","English","","","","115","False","False",""
"1","0","Gleaming Overseer","drc","Near Mint","English","","","","116","False","False",""
"1","0","Lazotep Chancellor","drc","Near Mint","English","","","","117","False","False",""
"1","0","Rogue Refiner","drc","Near Mint","English","","","","118","False","False",""
"1","0","Saheeli, Sublime Artificer","drc","Near Mint","English","","","","119","False","False",""
"1","0","The Scarab God","drc","Near Mint","English","","","","120","False","False",""
"1","0","Wayward Servant","drc","Near Mint","English","","","","121","False","False",""
"1","0","Whirler Virtuoso","drc","Near Mint","English","","","","122","False","False",""
"1","0","Aetherworks Marvel","drc","Near Mint","English","","","","123","False","False",""
"1","0","Bontu's Monument","drc","Near Mint","English","","","","124","False","False",""
"1","0","Commander's Sphere","drc","Near Mint","English","","","","125","False","False",""
"1","0","Commander's Sphere","drc","Near Mint","English","","","","125","False","False",""
"1","0","Conjurer's Closet","drc","Near Mint","English","","","","126","False","False",""
"1","0","Cultivator's Caravan","drc","Near Mint","English","","","","127","False","False",""
"1","0","Decoction Module","drc","Near Mint","English","","","","128","False","False",""
"1","0","Dimir Signet","drc","Near Mint","English","","","","129","False","False",""
"1","0","Gate to the Afterlife","drc","Near Mint","English","","","","130","False","False",""
"1","0","God-Pharaoh's Gift","drc","Near Mint","English","","","","131","False","False",""
"1","0","Maskwood Nexus","drc","Near Mint","English","","","","132","False","False",""
"1","0","Maskwood Nexus","drc","Near Mint","English","","","","132","False","False",""
"1","0","Ornithopter of Paradise","drc","Near Mint","English","","","","133","False","False",""
"1","0","Orzhov Signet","drc","Near Mint","English","","","","134","False","False",""
"1","0","Panharmonicon","drc","Near Mint","English","","","","135","False","False",""
"1","0","Retrofitter Foundry","drc","Near Mint","English","","","","136","False","False",""
"1","0","Solar Transformer","drc","Near Mint","English","","","","137","False","False",""
"1","0","Solemn Simulacrum","drc","Near Mint","English","","","","138","False","False",""
"1","0","Soul-Guide Lantern","drc","Near Mint","English","","","","139","False","False",""
"1","0","Talisman of Curiosity","drc","Near Mint","English","","","","140","False","False",""
"1","0","Talisman of Dominance","drc","Near Mint","English","","","","141","False","False",""
"1","0","Talisman of Hierarchy","drc","Near Mint","English","","","","142","False","False",""
"1","0","Triplicate Titan","drc","Near Mint","English","","","","143","False","False",""
"1","0","Adarkar Wastes","drc","Near Mint","English","","","","144","False","True",""
"1","0","Adarkar Wastes","drc","Near Mint","English","","","","144","False","False",""
"1","0","Aether Hub","drc","Near Mint","English","","","","145","False","False",""
"1","0","Arcane Sanctum","drc","Near Mint","English","","","","146","False","False",""
"1","0","Ash Barrens","drc","Near Mint","English","","","","147","False","False",""
"1","0","Caves of Koilos","drc","Near Mint","English","","","","148","False","False",""
"1","0","Desert of the Glorified","drc","Near Mint","English","","","","149","False","False",""
"1","0","Desert of the Mindful","drc","Near Mint","English","","","","150","False","False",""
"1","0","Desert of the True","drc","Near Mint","English","","","","151","False","False",""
"1","0","Drowned Catacomb","drc","Near Mint","English","","","","152","False","False",""
"1","0","Evolving Wilds","drc","Near Mint","English","","","","153","False","False",""
"1","0","Evolving Wilds","drc","Near Mint","English","","","","154","False","False",""
"1","0","Exotic Orchard","drc","Near Mint","English","","","","155","False","False",""
"1","0","Exotic Orchard","drc","Near Mint","English","","","","155","False","False",""
"1","0","Fetid Pools","drc","Near Mint","English","","","","156","False","False",""
"1","0","Frontier Bivouac","drc","Near Mint","English","","","","157","False","False",""
"1","0","Frostboil Snarl","drc","Near Mint","English","","","","158","False","False",""
"1","0","Glacial Fortress","drc","Near Mint","English","","","","159","False","False",""
"1","0","Hinterland Harbor","drc","Near Mint","English","","","","160","False","False",""
"1","0","Irrigated Farmland","drc","Near Mint","English","","","","161","False","False",""
"1","0","Isolated Chapel","drc","Near Mint","English","","","","162","False","False",""
"1","0","Karplusan Forest","drc","Near Mint","English","","","","163","False","False",""
"1","0","Orzhov Basilica","drc","Near Mint","English","","","","164","False","False",""
"1","0","Overflowing Basin","drc","Near Mint","English","","","","165","False","False",""
"1","0","Path of Ancestry","drc","Near Mint","English","","","","166","False","False",""
"1","0","Prairie Stream","drc","Near Mint","English","","","","167","False","False",""
"1","0","Rootbound Crag","drc","Near Mint","English","","","","168","False","False",""
"1","0","Sheltered Thicket","drc","Near Mint","English","","","","169","False","False",""
"1","0","Shivan Reef","drc","Near Mint","English","","","","170","False","False",""
"1","0","Slagwoods Bridge","drc","Near Mint","English","","","","171","False","False",""
"1","0","Spire of Industry","drc","Near Mint","English","","","","172","False","False",""
"1","0","Sulfur Falls","drc","Near Mint","English","","","","173","False","False",""
"1","0","Sunken Hollow","drc","Near Mint","English","","","","174","False","False",""
"1","0","Tanglepool Bridge","drc","Near Mint","English","","","","175","False","False",""
"1","0","Temple of Deceit","drc","Near Mint","English","","","","176","False","False",""
"1","0","Temple of Epiphany","drc","Near Mint","English","","","","177","False","False",""
"1","0","Temple of Silence","drc","Near Mint","English","","","","178","False","False",""
"1","0","Terramorphic Expanse","drc","Near Mint","English","","","","179","False","False",""
"1","0","Treasure Vault","drc","Near Mint","English","","","","180","False","False",""
"1","0","Underground River","drc","Near Mint","English","","","","181","False","False",""
"1","0","Unholy Grotto","drc","Near Mint","English","","","","182","False","False",""
"1","0","Vineglimmer Snarl","drc","Near Mint","English","","","","183","False","False",""
"1","0","Yavimaya Coast","drc","Near Mint","English","","","","184","False","False",""
"1","0","Valgavoth, Harrower of Souls","dsc","Near Mint","English","","","","6","False","True",""
"1","0","Professor Onyx","dsc","Near Mint","English","","","","153","False","True",""
"1","0","Mulch","dsc","Near Mint","English","","","","189","False","False",""
"1","0","Arixmethes, Slumbering Isle","dsc","Near Mint","English","","","","211","False","False",""
"1","0","Smoldering Marsh","dsc","Near Mint","English","","","","299","False","False",""
"2","0","Split Up","dsk","Near Mint","English","","","","32","False","False",""
"1","0","Enduring Curiosity","dsk","Near Mint","English","","","","51","False","True",""
"1","0","Come Back Wrong","dsk","Near Mint","English","","","","86","False","False",""
"1","0","Untimely Malfunction","dsk","Near Mint","English","","","","161","False","False",""
"1","0","Gloomlake Verge","dsk","Near Mint","English","","","","260","False","True",""
"1","0","Kaito, Bane of Nightmares","dsk","Near Mint","English","","","","328","False","True",""
"1","0","Blazemire Verge","dsk","Near Mint","English","","","","329","False","True",""
"1","0","Floodfarm Verge","dsk","Near Mint","English","","","","330","False","True",""
"2","0","Screaming Nemesis","dsk","Near Mint","English","","","","348","False","True",""
"1","0","Enduring Curiosity","dsk","Near Mint","English","","","","371","False","True",""
"2","0","Enduring Innocence","dsk","Near Mint","English","foil","","","386","False","True",""
"2","0","Enduring Curiosity","dsk","Near Mint","English","foil","","","388","False","True",""
"2","0","Overlord of the Balemurk","dsk","Near Mint","English","foil","","","391","False","True",""
"2","0","Enduring Courage","dsk","Near Mint","English","foil","","","392","False","True",""
"1","0","Enduring Vitality","dsk","Near Mint","English","foil","","","394","False","True",""
"1","0","Enduring Vitality","dsk","Near Mint","English","foil","","","394","False","True",""
"1","0","Shieldhide Dragon","dtk","Near Mint","English","","","","37","False","False",""
"1","0","Relief Captain","e01","Near Mint","English","","","","19","False","False",""
"1","0","Ashling, the Limitless","ecc","Near Mint","English","","","","1","False","False",""
"1","0","Auntie Ool, Cursewretch","ecc","Near Mint","English","","","","2","False","False",""
"1","0","Mass of Mysteries","ecc","Near Mint","English","","","","3","False","False",""
"1","0","The Reaper, King No More","ecc","Near Mint","English","","","","4","False","False",""
"1","0","Belonging","ecc","Near Mint","English","","","","5","False","False",""
"1","0","Subterfuge","ecc","Near Mint","English","","","","6","False","False",""
"1","0","Aberrant Return","ecc","Near Mint","English","","","","7","False","False",""
"1","0","Eventide's Shadow","ecc","Near Mint","English","","","","8","False","False",""
"1","0","Grave Venerations","ecc","Near Mint","English","","","","9","False","False",""
"1","0","Lamentation","ecc","Near Mint","English","","","","10","False","False",""
"1","0","Oft-Nabbed Goat","ecc","Near Mint","English","","","","11","False","False",""
"1","0","Sinister Gnarlbark","ecc","Near Mint","English","","","","12","False","False",""
"1","0","Impulsivity","ecc","Near Mint","English","","","","13","False","False",""
"1","0","Village Pillagers","ecc","Near Mint","English","","","","14","False","False",""
"1","0","Elemental Spectacle","ecc","Near Mint","English","","","","15","False","False",""
"1","0","Ferrafor, Young Yew","ecc","Near Mint","English","","","","16","False","False",""
"1","0","Jubilation","ecc","Near Mint","English","","","","17","False","False",""
"1","0","Puca's Covenant","ecc","Near Mint","English","","","","18","False","False",""
"1","0","Springleaf Parade","ecc","Near Mint","English","","","","19","False","False",""
"1","0","Dread Tiller","ecc","Near Mint","English","","","","20","False","False",""
"1","0","Wickersmith's Tools","ecc","Near Mint","English","","","","21","False","False",""
"1","0","Abundant Countryside","ecc","Near Mint","English","","","","22","False","False",""
"1","0","Rain-Slicked Copse","ecc","Near Mint","English","","","","23","False","False",""
"1","0","Sodden Verdure","ecc","Near Mint","English","","","","24","False","False",""
"1","0","Belonging","ecc","Near Mint","English","","","","25","False","False",""
"1","0","Springleaf Parade","ecc","Near Mint","English","","","","39","False","False",""
"1","0","Distant Melody","ecc","Near Mint","English","","","","45","False","False",""
"1","0","Blowfly Infestation","ecc","Near Mint","English","","","","46","False","False",""
"1","0","Hoarder's Greed","ecc","Near Mint","English","","","","47","False","False",""
"1","0","Necroskitter","ecc","Near Mint","English","","","","48","False","False",""
"1","0","Tree of Perdition","ecc","Near Mint","English","","","","49","False","False",""
"1","0","Fury","ecc","Near Mint","English","","","","50","False","False",""
"1","0","Endurance","ecc","Near Mint","English","","","","51","False","False",""
"1","0","Ignoble Hierarch","ecc","Near Mint","English","","","","52","False","False",""
"1","0","Faeburrow Elder","ecc","Near Mint","English","","","","53","False","False",""
"1","0","Fire Covenant","ecc","Near Mint","English","","","","54","False","False",""
"2","0","Arcane Signet","ecc","Near Mint","English","","","","55","False","False",""
"2","0","Sol Ring","ecc","Near Mint","English","","","","57","False","False",""
"2","0","Command Tower","ecc","Near Mint","English","","","","59","False","False",""
"1","0","Festering Thicket","ecc","Near Mint","English","","","","61","False","False",""
"1","0","Secluded Courtyard","ecc","Near Mint","English","","","","62","False","False",""
"1","0","Vernal Fen","ecc","Near Mint","English","","","","63","False","False",""
"1","0","Hoofprints of the Stag","ecc","Near Mint","English","","","","64","False","False",""
"1","0","Path to Exile","ecc","Near Mint","English","","","","65","False","False",""
"1","0","Shatter the Sky","ecc","Near Mint","English","","","","66","False","False",""
"1","0","Mulldrifter","ecc","Near Mint","English","","","","67","False","False",""
"1","0","Reality Shift","ecc","Near Mint","English","","","","68","False","False",""
"1","0","Slithermuse","ecc","Near Mint","English","","","","69","False","False",""
"1","0","Archfiend of Ifnir","ecc","Near Mint","English","","","","70","False","False",""
"1","0","Black Sun's Zenith","ecc","Near Mint","English","","","","71","False","False",""
"1","0","Carnifex Demon","ecc","Near Mint","English","","","","72","False","False",""
"1","0","Dusk Urchins","ecc","Near Mint","English","","","","73","False","False",""
"1","0","Grave Titan","ecc","Near Mint","English","","","","74","False","False",""
"1","0","Haunting Voyage","ecc","Near Mint","English","","","","75","False","False",""
"1","0","Incremental Blight","ecc","Near Mint","English","","","","76","False","False",""
"1","0","Infernal Grasp","ecc","Near Mint","English","","","","77","False","False",""
"1","0","Liliana, Death Wielder","ecc","Near Mint","English","","","","78","False","False",""
"1","0","Massacre Girl, Known Killer","ecc","Near Mint","English","","","","79","False","False",""
"1","0","Midnight Banshee","ecc","Near Mint","English","","","","80","False","False",""
"1","0","Night's Whisper","ecc","Near Mint","English","","","","81","False","False",""
"1","0","Painful Truths","ecc","Near Mint","English","","","","82","False","False",""
"1","0","Persist","ecc","Near Mint","English","","","","83","False","False",""
"1","0","Puppeteer Clique","ecc","Near Mint","English","","","","84","False","False",""
"1","0","Shriekmaw","ecc","Near Mint","English","","","","85","False","False",""
"1","0","Skinrender","ecc","Near Mint","English","","","","86","False","False",""
"1","0","Soul Snuffers","ecc","Near Mint","English","","","","87","False","False",""
"1","0","Vraska, Betrayal's Sting","ecc","Near Mint","English","","","","88","False","False",""
"1","0","Blasphemous Act","ecc","Near Mint","English","","","","89","False","False",""
"1","0","Cathartic Pyre","ecc","Near Mint","English","","","","90","False","False",""
"1","0","Cathartic Reunion","ecc","Near Mint","English","","","","91","False","False",""
"1","0","Chain Reaction","ecc","Near Mint","English","","","","92","False","False",""
"1","0","Descendants' Fury","ecc","Near Mint","English","","","","93","False","False",""
"1","0","Incandescent Soulstoke","ecc","Near Mint","English","","","","94","False","False",""
"1","0","Ingot Chewer","ecc","Near Mint","English","","","","95","False","False",""
"1","0","Smokebraider","ecc","Near Mint","English","","","","96","False","False",""
"1","0","Abundant Growth","ecc","Near Mint","English","","","","97","False","False",""
"1","0","Avenger of Zendikar","ecc","Near Mint","English","","","","98","False","False",""
"1","0","Bane of Progress","ecc","Near Mint","English","","","","99","False","False",""
"1","0","Cavalier of Thorns","ecc","Near Mint","English","","","","100","False","False",""
"1","0","Channeler Initiate","ecc","Near Mint","English","","","","101","False","False",""
"1","0","Cream of the Crop","ecc","Near Mint","English","","","","102","False","False",""
"1","0","Cultivate","ecc","Near Mint","English","","","","103","False","False",""
"1","0","Devoted Druid","ecc","Near Mint","English","","","","104","False","False",""
"1","0","Evolution Sage","ecc","Near Mint","English","","","","105","False","False",""
"1","0","Fertile Ground","ecc","Near Mint","English","","","","106","False","False",""
"1","0","Flourishing Defenses","ecc","Near Mint","English","","","","107","False","False",""
"1","0","Foundation Breaker","ecc","Near Mint","English","","","","108","False","False",""
"1","0","Garruk's Uprising","ecc","Near Mint","English","","","","109","False","False",""
"1","0","Garruk's Uprising","ecc","Near Mint","English","","","","109","False","False",""
"1","0","Greenwarden of Murasa","ecc","Near Mint","English","","","","110","False","False",""
"1","0","Harmonize","ecc","Near Mint","English","","","","111","False","False",""
"1","0","Kindred Summons","ecc","Near Mint","English","","","","112","False","False",""
"1","0","Kodama's Reach","ecc","Near Mint","English","","","","113","False","False",""
"1","0","Realmwalker","ecc","Near Mint","English","","","","114","False","False",""
"1","0","Return of the Wildspeaker","ecc","Near Mint","English","","","","115","False","False",""
"1","0","Selvala, Heart of the Wilds","ecc","Near Mint","English","","","","116","False","False",""
"1","0","Titan of Industry","ecc","Near Mint","English","","","","117","False","False",""
"1","0","Wickerbough Elder","ecc","Near Mint","English","","","","118","False","False",""
"1","0","Assassin's Trophy","ecc","Near Mint","English","","","","119","False","False",""
"1","0","Binding the Old Gods","ecc","Near Mint","English","","","","120","False","False",""
"1","0","Everlasting Torment","ecc","Near Mint","English","","","","121","False","False",""
"1","0","Glissa Sunslayer","ecc","Near Mint","English","","","","122","False","False",""
"1","0","Hapatra, Vizier of Poisons","ecc","Near Mint","English","","","","123","False","False",""
"1","0","Horde of Notions","ecc","Near Mint","English","","","","124","False","False",""
"1","0","Jegantha, the Wellspring","ecc","Near Mint","English","","","","125","False","False",""
"1","0","Kulrath Knight","ecc","Near Mint","English","","","","126","False","False",""
"1","0","Maelstrom Wanderer","ecc","Near Mint","English","","","","127","False","False",""
"1","0","Muldrotha, the Gravetide","ecc","Near Mint","English","","","","128","False","False",""
"1","0","Omnath, Locus of Rage","ecc","Near Mint","English","","","","129","False","False",""
"1","0","Omnath, Locus of the Roil","ecc","Near Mint","English","","","","130","False","False",""
"1","0","Putrefy","ecc","Near Mint","English","","","","131","False","False",""
"1","0","Risen Reef","ecc","Near Mint","English","","","","132","False","False",""
"1","0","The Scorpion God","ecc","Near Mint","English","","","","133","False","False",""
"1","0","Terminate","ecc","Near Mint","English","","","","134","False","False",""
"1","0","Vernal Sovereign","ecc","Near Mint","English","","","","135","False","False",""
"1","0","Yarok, the Desecrated","ecc","Near Mint","English","","","","136","False","False",""
"1","0","Chimil, the Inner Sun","ecc","Near Mint","English","","","","137","False","False",""
"1","0","Chromatic Lantern","ecc","Near Mint","English","","","","138","False","False",""
"1","0","Commander's Sphere","ecc","Near Mint","English","","","","139","False","False",""
"1","0","Contagion Clasp","ecc","Near Mint","English","","","","140","False","False",""
"1","0","Fellwar Stone","ecc","Near Mint","English","","","","141","False","False",""
"1","0","Grim Poppet","ecc","Near Mint","English","","","","142","False","False",""
"1","0","Timeless Lotus","ecc","Near Mint","English","","","","143","False","False",""
"1","0","Ancient Ziggurat","ecc","Near Mint","English","","","","144","False","False",""
"1","0","Canyon Slough","ecc","Near Mint","English","","","","145","False","False",""
"1","0","Cinder Glade","ecc","Near Mint","English","","","","146","False","False",""
"1","0","Dragonskull Summit","ecc","Near Mint","English","","","","147","False","False",""
"2","0","Exotic Orchard","ecc","Near Mint","English","","","","148","False","False",""
"1","0","Flamekin Village","ecc","Near Mint","English","","","","149","False","False",""
"1","0","Frontier Bivouac","ecc","Near Mint","English","","","","150","False","False",""
"1","0","Golgari Rot Farm","ecc","Near Mint","English","","","","151","False","False",""
"1","0","Gruul Turf","ecc","Near Mint","English","","","","152","False","False",""
"1","0","Ifnir Deadlands","ecc","Near Mint","English","","","","153","False","False",""
"1","0","Jungle Shrine","ecc","Near Mint","English","","","","154","False","False",""
"1","0","Nesting Grounds","ecc","Near Mint","English","","","","155","False","False",""
"1","0","Opal Palace","ecc","Near Mint","English","","","","156","False","False",""
"1","0","Opulent Palace","ecc","Near Mint","English","","","","157","False","False",""
"2","0","Path of Ancestry","ecc","Near Mint","English","","","","158","False","False",""
"1","0","Primal Beyond","ecc","Near Mint","English","","","","159","False","False",""
"1","0","Raging Ravine","ecc","Near Mint","English","","","","160","False","False",""
"1","0","Rakdos Carnarium","ecc","Near Mint","English","","","","161","False","False",""
"1","0","Riveteers Overlook","ecc","Near Mint","English","","","","162","False","False",""
"1","0","Rootbound Crag","ecc","Near Mint","English","","","","163","False","False",""
"1","0","Sandsteppe Citadel","ecc","Near Mint","English","","","","164","False","False",""
"2","0","Savage Lands","ecc","Near Mint","English","","","","165","False","False",""
"1","0","Seaside Citadel","ecc","Near Mint","English","","","","166","False","False",""
"1","0","Sheltered Thicket","ecc","Near Mint","English","","","","167","False","False",""
"1","0","Smoldering Marsh","ecc","Near Mint","English","","","","168","False","False",""
"1","0","Terramorphic Expanse","ecc","Near Mint","English","","","","169","False","False",""
"1","0","Thriving Bluff","ecc","Near Mint","English","","","","170","False","False",""
"1","0","Thriving Bluff","ecc","Near Mint","English","","","","170","False","False",""
"1","0","Thriving Grove","ecc","Near Mint","English","","","","171","False","False",""
"1","0","Thriving Heath","ecc","Near Mint","English","","","","172","False","False",""
"1","0","Thriving Isle","ecc","Near Mint","English","","","","173","False","False",""
"1","0","Thriving Isle","ecc","Near Mint","English","","","","173","False","False",""
"1","0","Thriving Moor","ecc","Near Mint","English","","","","174","False","False",""
"1","0","Unclaimed Territory","ecc","Near Mint","English","","","","175","False","False",""
"1","0","Woodland Cemetery","ecc","Near Mint","English","","","","176","False","False",""
"3","0","Changeling Wayfinder","ecl","Near Mint","English","","","","1","False","False",""
"1","0","Rooftop Percher","ecl","Near Mint","English","","","","2","False","False",""
"1","0","Appeal to Eirdu","ecl","Near Mint","English","","","","5","False","False",""
"1","0","Bark of Doran","ecl","Near Mint","English","","","","6","False","False",""
"1","0","Clachan Festival","ecl","Near Mint","English","","","","10","False","False",""
"1","0","Crib Swap","ecl","Near Mint","English","","","","11","False","False",""
"1","0","Crib Swap","ecl","Near Mint","English","","","","11","False","False",""
"2","0","Encumbered Reejerey","ecl","Near Mint","English","","","","14","False","False",""
"1","0","Evershrike's Gift","ecl","Near Mint","English","","","","15","False","False",""
"2","0","Gallant Fowlknight","ecl","Near Mint","English","","","","17","False","False",""
"2","0","Goldmeadow Nomad","ecl","Near Mint","English","","","","18","False","False",""
"3","0","Keep Out","ecl","Near Mint","English","","","","19","False","False",""
"1","0","Kinbinding","ecl","Near Mint","English","","","","20","False","False",""
"1","0","Kinsbaile Aspirant","ecl","Near Mint","English","","","","21","False","False",""
"1","0","Kithkeeper","ecl","Near Mint","English","","","","23","False","False",""
"3","0","Liminal Hold","ecl","Near Mint","English","","","","24","False","False",""
"2","0","Moonlit Lamenter","ecl","Near Mint","English","","","","26","False","False",""
"1","0","Personify","ecl","Near Mint","English","","","","28","False","False",""
"1","0","Protective Response","ecl","Near Mint","English","","","","29","False","False",""
"2","0","Reluctant Dounguard","ecl","Near Mint","English","","","","31","False","False",""
"2","0","Riverguard's Reflexes","ecl","Near Mint","English","","","","33","False","False",""
"2","0","Shore Lurker","ecl","Near Mint","English","","","","34","False","False",""
"4","0","Spiral into Solitude","ecl","Near Mint","English","","","","36","False","False",""
"3","0","Sun-Dappled Celebrant","ecl","Near Mint","English","","","","37","False","False",""
"1","0","Thoughtweft Imbuer","ecl","Near Mint","English","","","","38","False","False",""
"3","0","Timid Shieldbearer","ecl","Near Mint","English","","","","39","False","False",""
"1","0","Tributary Vaulter","ecl","Near Mint","English","","","","40","False","False",""
"2","0","Wanderbrine Preacher","ecl","Near Mint","English","","","","41","False","False",""
"1","0","Wanderbrine Trapper","ecl","Near Mint","English","","","","42","False","False",""
"3","0","Aquitect's Defenses","ecl","Near Mint","English","","","","44","False","False",""
"2","0","Blossombind","ecl","Near Mint","English","","","","45","False","False",""
"1","0","Champions of the Shoal","ecl","Near Mint","English","","","","46","False","False",""
"2","0","Glamermite","ecl","Near Mint","English","","","","50","False","False",""
"1","0","Glen Elendra Guardian","ecl","Near Mint","English","","","","51","False","False",""
"1","0","Glen Elendra's Answer","ecl","Near Mint","English","","","","52","False","False",""
"4","0","Gravelgill Scoundrel","ecl","Near Mint","English","","","","53","False","False",""
"1","0","Illusion Spinners","ecl","Near Mint","English","","","","55","False","False",""
"3","0","Kulrath Mystic","ecl","Near Mint","English","","","","56","False","False",""
"1","0","Loch Mare","ecl","Near Mint","English","","","","57","False","False",""
"1","0","Lofty Dreams","ecl","Near Mint","English","","","","58","False","False",""
"2","0","Omni-Changeling","ecl","Near Mint","English","","","","62","False","False",""
"2","0","Rime Chill","ecl","Near Mint","English","","","","64","False","False",""
"2","0","Rimekin Recluse","ecl","Near Mint","English","","","","66","False","False",""
"1","0","Silvergill Mentor","ecl","Near Mint","English","","","","69","False","False",""
"2","0","Silvergill Peddler","ecl","Near Mint","English","","","","70","False","False",""
"2","0","Spell Snare","ecl","Near Mint","English","","","","71","False","False",""
"2","0","Spell Snare","ecl","Near Mint","English","","","","71","False","False",""
"1","0","Stratosoarer","ecl","Near Mint","English","","","","72","False","False",""
"1","0","Summit Sentinel","ecl","Near Mint","English","","","","73","False","False",""
"1","0","Tanufel Rimespeaker","ecl","Near Mint","English","","","","77","False","False",""
"1","0","Temporal Cleansing","ecl","Near Mint","English","","","","78","False","False",""
"1","0","Unexpected Assistance","ecl","Near Mint","English","","","","80","False","False",""
"3","0","Wanderwine Distracter","ecl","Near Mint","English","","","","82","False","False",""
"2","0","Wild Unraveling","ecl","Near Mint","English","","","","84","False","False",""
"1","0","Auntie's Sentence","ecl","Near Mint","English","","","","85","False","False",""
"2","0","Barbed Bloodletter","ecl","Near Mint","English","","","","86","False","False",""
"2","0","Bile-Vial Boggart","ecl","Near Mint","English","","","","87","False","False",""
"3","0","Blight Rot","ecl","Near Mint","English","","","","89","False","False",""
"2","0","Blighted Blackthorn","ecl","Near Mint","English","","","","90","False","False",""
"1","0","Boggart Mischief","ecl","Near Mint","English","","","","92","False","False",""
"2","0","Boggart Prankster","ecl","Near Mint","English","","","","93","False","False",""
"2","0","Bogslither's Embrace","ecl","Near Mint","English","","","","94","False","False",""
"1","0","Creakwood Safewright","ecl","Near Mint","English","","","","96","False","False",""
"1","0","Darkness Descends","ecl","Near Mint","English","","","","97","False","False",""
"4","0","Dawnhand Eulogist","ecl","Near Mint","English","","","","99","False","False",""
"2","0","Dose of Dawnglow","ecl","Near Mint","English","","","","100","False","False",""
"3","0","Dream Seizer","ecl","Near Mint","English","","","","101","False","False",""
"1","0","Gnarlbark Elm","ecl","Near Mint","English","","","","103","False","False",""
"1","0","Grub, Storied Matriarch // Grub, Notorious Auntie","ecl","Near Mint","French","","","","105","False","False",""
"2","0","Heirloom Auntie","ecl","Near Mint","English","","","","107","False","False",""
"1","0","Iron-Shield Elf","ecl","Near Mint","English","","","","108","False","False",""
"2","0","Moonglove Extractor","ecl","Near Mint","English","","","","109","False","False",""
"3","0","Mudbutton Cursetosser","ecl","Near Mint","English","","","","112","False","False",""
"1","0","Nameless Inversion","ecl","Near Mint","English","","","","113","False","False",""
"1","0","Nightmare Sower","ecl","Near Mint","English","","","","114","False","False",""
"2","0","Perfect Intimidation","ecl","Near Mint","English","","","","115","False","False",""
"1","0","Requiting Hex","ecl","Near Mint","English","","","","116","False","False",""
"1","0","Retched Wretch","ecl","Near Mint","English","","","","117","False","False",""
"3","0","Scarblade Scout","ecl","Near Mint","English","","","","118","False","False",""
"3","0","Scarblade's Malice","ecl","Near Mint","English","","","","119","False","False",""
"1","0","Shimmercreep","ecl","Near Mint","English","","","","120","False","False",""
"1","0","Shimmercreep","ecl","Near Mint","English","","","","120","False","False",""
"3","0","Unbury","ecl","Near Mint","English","","","","123","False","False",""
"1","0","Ashling, Rekindled // Ashling, Rimebound","ecl","Near Mint","English","","","","124","False","False",""
"2","0","Boldwyr Aggressor","ecl","Near Mint","English","","","","125","False","False",""
"3","0","Boneclub Berserker","ecl","Near Mint","English","","","","126","False","False",""
"2","0","Boulder Dash","ecl","Near Mint","English","","","","127","False","False",""
"1","0","Brambleback Brute","ecl","Near Mint","English","","","","128","False","False",""
"2","0","Burning Curiosity","ecl","Near Mint","English","","","","129","False","False",""
"1","0","Burning Curiosity","ecl","Near Mint","English","","","","129","False","False",""
"3","0","Cinder Strike","ecl","Near Mint","English","","","","131","False","False",""
"1","0","Elder Auntie","ecl","Near Mint","English","","","","133","False","False",""
"1","0","Enraged Flamecaster","ecl","Near Mint","English","","","","135","False","False",""
"2","0","Feed the Flames","ecl","Near Mint","English","","","","137","False","False",""
"2","0","Flame-Chain Mauler","ecl","Near Mint","English","","","","138","False","False",""
"1","0","Flamebraider","ecl","Near Mint","English","","","","139","False","False",""
"1","0","Flamekin Gildweaver","ecl","Near Mint","English","","","","140","False","False",""
"1","0","Giantfall","ecl","Near Mint","English","","","","141","False","False",""
"1","0","Goatnap","ecl","Near Mint","English","","","","142","False","False",""
"2","0","Goliath Daydreamer","ecl","Near Mint","English","","","","143","False","False",""
"3","0","Gristle Glutton","ecl","Near Mint","English","","","","144","False","False",""
"1","0","Hexing Squelcher","ecl","Near Mint","English","","","","145","False","False",""
"1","0","Kindle the Inner Flame","ecl","Near Mint","English","","","","147","False","False",""
"3","0","Kulrath Zealot","ecl","Near Mint","English","","","","148","False","False",""
"1","0","Lasting Tarfire","ecl","Near Mint","English","","","","149","False","False",""
"2","0","Reckless Ransacking","ecl","Near Mint","English","","","","152","False","False",""
"2","0","Sear","ecl","Near Mint","English","","","","154","False","False",""
"1","0","Sizzling Changeling","ecl","Near Mint","English","","","","155","False","False",""
"1","0","Soulbright Seeker","ecl","Near Mint","English","","","","157","False","False",""
"2","0","Sourbread Auntie","ecl","Near Mint","English","","","","158","False","False",""
"1","0","Squawkroaster","ecl","Near Mint","English","","","","160","False","False",""
"1","0","Tweeze","ecl","Near Mint","English","","","","162","False","False",""
"2","0","Warren Torchmaster","ecl","Near Mint","English","","","","163","False","False",""
"1","0","Assert Perfection","ecl","Near Mint","English","","","","164","False","False",""
"1","0","Bloom Tender","ecl","Near Mint","English","","","","166","False","False",""
"1","0","Bristlebane Battler","ecl","Near Mint","English","","","","168","False","False",""
"2","0","Bristlebane Outrider","ecl","Near Mint","English","","","","169","False","False",""
"1","0","Chomping Changeling","ecl","Near Mint","English","","","","172","False","False",""
"1","0","Chomping Changeling","ecl","Near Mint","English","","","","172","False","False",""
"1","0","Chomping Changeling","ecl","Near Mint","English","","","","172","False","False",""
"4","0","Crossroads Watcher","ecl","Near Mint","English","","","","173","False","False",""
"4","0","Dawn's Light Archer","ecl","Near Mint","English","","","","174","False","False",""
"4","0","Gilt-Leaf's Embrace","ecl","Near Mint","English","","","","177","False","False",""
"2","0","Great Forest Druid","ecl","Near Mint","English","","","","178","False","False",""
"3","0","Luminollusk","ecl","Near Mint","English","","","","179","False","False",""
"1","0","Midnight Tilling","ecl","Near Mint","English","","","","182","False","False",""
"2","0","Mistmeadow Council","ecl","Near Mint","English","","","","183","False","False",""
"1","0","Morcant's Eyes","ecl","Near Mint","English","","","","185","False","False",""
"3","0","Prismabasher","ecl","Near Mint","English","","","","188","False","False",""
"4","0","Safewright Cavalry","ecl","Near Mint","English","","","","191","False","False",""
"1","0","Selfless Safewright","ecl","Near Mint","English","","","","193","False","False",""
"1","0","Shimmerwilds Growth","ecl","Near Mint","English","","","","194","False","False",""
"1","0","Shimmerwilds Growth","ecl","Near Mint","English","","","","194","False","False",""
"1","0","Spry and Mighty","ecl","Near Mint","English","","","","195","False","False",""
"2","0","Surly Farrier","ecl","Near Mint","English","","","","196","False","False",""
"2","0","Tend the Sprigs","ecl","Near Mint","English","","","","197","False","False",""
"1","0","Thoughtweft Charge","ecl","Near Mint","English","","","","198","False","False",""
"1","0","Trystan, Callous Cultivator // Trystan, Penitent Culler","ecl","Near Mint","French","","","","199","False","False",""
"1","0","Unforgiving Aim","ecl","Near Mint","English","","","","200","False","False",""
"1","0","Vinebred Brawler","ecl","Near Mint","English","","","","201","False","False",""
"2","0","Virulent Emissary","ecl","Near Mint","English","","","","202","False","False",""
"4","0","Wildvine Pummeler","ecl","Near Mint","English","","","","203","False","False",""
"2","0","Boggart Cursecrafter","ecl","Near Mint","English","","","","206","False","False",""
"2","0","Chitinous Graspling","ecl","Near Mint","English","","","","211","False","False",""
"1","0","Deepchannel Duelist","ecl","Near Mint","English","","","","213","False","False",""
"1","0","Eclipsed Flamekin","ecl","Near Mint","English","","","","219","False","False",""
"1","0","Eclipsed Flamekin","ecl","Near Mint","English","","","","219","False","False",""
"1","0","Eclipsed Kithkin","ecl","Near Mint","English","","","","220","False","False",""
"1","0","Feisty Spikeling","ecl","Near Mint","English","","","","223","False","False",""
"3","0","Flaring Cinder","ecl","Near Mint","English","","","","225","False","False",""
"1","0","Gangly Stompling","ecl","Near Mint","English","","","","226","False","False",""
"1","0","Glister Bairn","ecl","Near Mint","English","","","","227","False","False",""
"1","0","High Perfect Morcant","ecl","Near Mint","English","","","","229","False","False",""
"2","0","Hovel Hurler","ecl","Near Mint","English","","","","230","False","False",""
"2","0","Merrow Skyswimmer","ecl","Near Mint","English","","","","234","False","False",""
"2","0","Mischievous Sneakling","ecl","Near Mint","English","","","","235","False","False",""
"2","0","Noggle Robber","ecl","Near Mint","English","","","","237","False","False",""
"3","0","Prideful Feastling","ecl","Near Mint","English","","","","238","False","False",""
"2","0","Stoic Grove-Guide","ecl","Near Mint","English","","","","243","False","False",""
"1","0","Sygg's Command","ecl","Near Mint","English","","","","244","False","False",""
"1","0","Thoughtweft Lieutenant","ecl","Near Mint","English","","","","246","False","False",""
"3","0","Wary Farmer","ecl","Near Mint","English","","","","251","False","False",""
"2","0","Dawn-Blessed Pennant","ecl","Near Mint","English","","","","254","False","False",""
"1","0","Firdoch Core","ecl","Near Mint","English","","","","255","False","False",""
"3","0","Firdoch Core","ecl","Near Mint","English","","","","255","False","False",""
"1","0","Firdoch Core","ecl","Near Mint","English","","","","255","False","False",""
"2","0","Foraging Wickermaw","ecl","Near Mint","English","","","","256","False","False",""
"1","0","Puca's Eye","ecl","Near Mint","English","","","","259","False","False",""
"1","0","Springleaf Drum","ecl","Near Mint","English","","","","260","False","False",""
"4","0","Stalactite Dagger","ecl","Near Mint","English","","","","261","False","False",""
"1","0","Evolving Wilds","ecl","Near Mint","English","","","","264","False","False",""
"1","0","Evolving Wilds","ecl","Near Mint","English","","","","264","False","False",""
"4","0","Plains","ecl","Near Mint","English","","","","269","False","False",""
"4","0","Island","ecl","Near Mint","English","","","","270","False","False",""
"7","0","Swamp","ecl","Near Mint","English","","","","271","False","False",""
"3","0","Mountain","ecl","Near Mint","English","","","","272","False","False",""
"5","0","Forest","ecl","Near Mint","English","","","","273","False","False",""
"4","0","Swamp","ecl","Near Mint","English","","","","276","False","False",""
"4","0","Forest","ecl","Near Mint","English","","","","278","False","False",""
"2","0","Plains","ecl","Near Mint","English","","","","279","False","False",""
"2","0","Island","ecl","Near Mint","English","","","","280","False","False",""
"10","0","Swamp","ecl","Near Mint","English","","","","281","False","False",""
"6","0","Mountain","ecl","Near Mint","English","","","","282","False","False",""
"14","0","Forest","ecl","Near Mint","English","","","","283","False","False",""
"2","0","Forest","ecl","Near Mint","English","","","","283","False","False",""
"1","0","Glen Elendra's Answer","ecl","Near Mint","English","","","","306","False","False",""
"1","0","Sapling Nursery","ecl","Near Mint","English","","","","328","False","False",""
"1","0","Sapling Nursery","ecl","Near Mint","English","","","","328","False","False",""
"1","0","Chronicle of Victory","ecl","Near Mint","English","","","","346","False","False",""
"2","0","Hallowed Fountain // Hallowed Fountain","ecl","Near Mint","English","","","","347","False","True",""
"2","0","Steam Vents // Steam Vents","ecl","Near Mint","English","","","","348","False","True",""
"3","0","Blood Crypt // Blood Crypt","ecl","Near Mint","English","","","","349","False","True",""
"1","0","Blood Crypt // Blood Crypt","ecl","Near Mint","English","","","","349","False","False",""
"2","0","Overgrown Tomb // Overgrown Tomb","ecl","Near Mint","English","","","","350","False","True",""
"1","0","Overgrown Tomb // Overgrown Tomb","ecl","Near Mint","English","","","","350","False","True",""
"2","0","Temple Garden // Temple Garden","ecl","Near Mint","English","","","","351","False","True",""
"1","0","Temple Garden // Temple Garden","ecl","Near Mint","English","","","","351","False","True",""
"1","0","Rimefire Torque","ecl","Near Mint","English","","","","358","False","False",""
"1","0","Mornsong Aria","ecl","Near Mint","English","","","","361","False","False",""
"1","0","Mornsong Aria","ecl","Near Mint","English","","","","361","False","False",""
"1","0","End-Blaze Epiphany","ecl","Near Mint","English","","","","364","False","False",""
"1","0","Dream Harvest","ecl","Near Mint","English","","","","371","False","False",""
"1","0","Sanar, Innovative First-Year","ecl","Near Mint","English","","","","378","False","False",""
"1","0","Shadow Urchin","ecl","Near Mint","English","","","","379","False","False",""
"1","0","Glen Elendra Guardian","ecl","Near Mint","English","foil","","","383","False","False",""
"2","0","Personify","ecl","Near Mint","English","","","","402","False","False",""
"1","0","Murderous Rider // Swift End","eld","Near Mint","English","","","","97","False","False",""
"1","0","Mad Ratter","eld","Near Mint","English","","","","130","False","False",""
"1","0","Merchant of the Vale // Haggle","eld","Near Mint","French","","","","131","False","False",""
"1","0","Thorn Mammoth","eld","Near Mint","English","","","","323","False","False",""
"1","0","Return of the Wildspeaker","eld","Near Mint","English","","","","373","False","False",""
"1","0","War Priest of Thune","ema","Near Mint","English","","","","35","False","False",""
"1","0","Animate Dead","ema","Near Mint","English","","","","78","False","True",""
"1","0","Sengir Autocrat","ema","Near Mint","English","","","","105","False","False",""
"1","0","Argothian Enchantress","ema","Near Mint","English","","","","158","False","True",""
"1","0","Sylvan Library","ema","Near Mint","English","","","","187","False","True",""
"1","0","Ashnod's Altar","ema","Near Mint","English","","","","218","False","True",""
"1","0","Ashnod's Altar","ema","Near Mint","English","","","","218","False","True",""
"1","0","Hearthhull, the Worldseed","eoc","Near Mint","English","","","","1","False","False",""
"1","0","Inspirit, Flagship Vessel","eoc","Near Mint","English","","","","2","False","False",""
"1","0","Kilo, Apogee Mind","eoc","Near Mint","English","","","","3","False","False",""
"1","0","Szarel, Genesis Shepherd","eoc","Near Mint","English","","","","4","False","False",""
"1","0","Patrolling Peacemaker","eoc","Near Mint","English","","","","5","False","False",""
"1","0","Insight Engine","eoc","Near Mint","English","","","","6","False","False",""
"1","0","Uthros Research Craft","eoc","Near Mint","English","","","","7","False","False",""
"1","0","Eumidian Wastewaker","eoc","Near Mint","English","","","","8","False","False",""
"1","0","Depthshaker Titan","eoc","Near Mint","English","","","","9","False","False",""
"1","0","Evendo Brushrazer","eoc","Near Mint","English","","","","10","False","False",""
"1","0","Long-Range Sensor","eoc","Near Mint","English","","","","11","False","False",""
"1","0","Planetary Annihilation","eoc","Near Mint","English","","","","12","False","False",""
"1","0","Baloth Prime","eoc","Near Mint","English","","","","13","False","False",""
"1","0","Exploration Broodship","eoc","Near Mint","English","","","","14","False","False",""
"1","0","Horizon Explorer","eoc","Near Mint","English","","","","15","False","False",""
"1","0","Horizon Explorer","eoc","Near Mint","English","","","","15","False","False",""
"1","0","Scouring Swarm","eoc","Near Mint","English","","","","16","False","False",""
"1","0","Moxite Refinery","eoc","Near Mint","English","","","","17","False","False",""
"1","0","Solar Array","eoc","Near Mint","English","","","","18","False","False",""
"1","0","Surge Conductor","eoc","Near Mint","English","","","","19","False","False",""
"1","0","Eumidian Hatchery","eoc","Near Mint","English","","","","20","False","False",""
"1","0","Festering Thicket","eoc","Near Mint","English","","","","21","False","False",""
"1","0","Glittering Massif","eoc","Near Mint","English","","","","22","False","False",""
"1","0","Radiant Summit","eoc","Near Mint","English","","","","23","False","False",""
"1","0","Vernal Fen","eoc","Near Mint","English","","","","24","False","False",""
"1","0","Swords to Plowshares","eoc","Near Mint","English","","","","45","False","False",""
"1","0","Swan Song","eoc","Near Mint","English","","","","46","False","False",""
"1","0","Tezzeret's Gambit","eoc","Near Mint","English","","","","47","False","False",""
"1","0","Thirst for Knowledge","eoc","Near Mint","English","","","","48","False","False",""
"1","0","Chaos Warp","eoc","Near Mint","English","","","","49","False","False",""
"1","0","Farseek","eoc","Near Mint","English","","","","50","False","False",""
"1","0","Springbloom Druid","eoc","Near Mint","English","","","","51","False","False",""
"1","0","Binding the Old Gods","eoc","Near Mint","English","","","","52","False","False",""
"1","0","Arcane Signet","eoc","Near Mint","English","","","","53","False","False",""
"1","0","Arcane Signet","eoc","Near Mint","English","","","","53","False","False",""
"1","0","Cloud Key","eoc","Near Mint","English","","","","54","False","False",""
"1","0","Gavel of the Righteous","eoc","Near Mint","English","","","","55","False","False",""
"1","0","Pentad Prism","eoc","Near Mint","English","","","","56","False","False",""
"1","0","Sol Ring","eoc","Near Mint","English","","","","57","False","False",""
"1","0","Sol Ring","eoc","Near Mint","English","","","","57","False","False",""
"1","0","Battlefield Forge","eoc","Near Mint","English","","","","58","False","False",""
"1","0","Command Tower","eoc","Near Mint","English","","","","59","False","False",""
"1","0","Command Tower","eoc","Near Mint","English","","","","59","False","False",""
"1","0","Fabled Passage","eoc","Near Mint","English","","","","60","False","False",""
"1","0","Mountain Valley","eoc","Near Mint","English","","","","61","False","False",""
"1","0","Terramorphic Expanse","eoc","Near Mint","English","","","","62","False","False",""
"1","0","Angel of the Ruins","eoc","Near Mint","English","","","","63","False","False",""
"1","0","Dispatch","eoc","Near Mint","English","","","","64","False","False",""
"1","0","Fumigate","eoc","Near Mint","English","","","","65","False","False",""
"1","0","Organic Extinction","eoc","Near Mint","English","","","","66","False","False",""
"1","0","Resourceful Defense","eoc","Near Mint","English","","","","67","False","False",""
"1","0","Chrome Host Seedshark","eoc","Near Mint","English","","","","68","False","False",""
"1","0","Cyberdrive Awakener","eoc","Near Mint","English","","","","69","False","False",""
"1","0","Deepglow Skate","eoc","Near Mint","English","","","","70","False","False",""
"1","0","Emry, Lurker of the Loch","eoc","Near Mint","English","","","","71","False","False",""
"1","0","Etherium Sculptor","eoc","Near Mint","English","","","","72","False","False",""
"1","0","Experimental Augury","eoc","Near Mint","English","","","","73","False","False",""
"1","0","Kappa Cannoneer","eoc","Near Mint","English","","","","74","False","False",""
"1","0","Phyrexian Metamorph","eoc","Near Mint","English","","","","75","False","False",""
"1","0","Pull from Tomorrow","eoc","Near Mint","English","","","","76","False","False",""
"1","0","Ripples of Potential","eoc","Near Mint","English","","","","77","False","False",""
"1","0","Tekuthal, Inquiry Dominus","eoc","Near Mint","English","","","","78","False","False",""
"1","0","Thought Monitor","eoc","Near Mint","English","","","","79","False","False",""
"1","0","Thrummingbird","eoc","Near Mint","English","","","","80","False","False",""
"1","0","Universal Surveillance","eoc","Near Mint","English","","","","81","False","False",""
"1","0","Braids, Arisen Nightmare","eoc","Near Mint","English","","","","82","False","False",""
"1","0","God-Eternal Bontu","eoc","Near Mint","English","","","","83","False","False",""
"1","0","Infernal Grasp","eoc","Near Mint","English","","","","84","False","False",""
"1","0","Night's Whisper","eoc","Near Mint","English","","","","85","False","False",""
"1","0","Blasphemous Act","eoc","Near Mint","English","","","","86","False","False",""
"1","0","Chain Reaction","eoc","Near Mint","English","","","","87","False","False",""
"1","0","Hammer of Purphoros","eoc","Near Mint","English","","","","88","False","False",""
"1","0","Moraug, Fury of Akoum","eoc","Near Mint","English","","","","89","False","False",""
"1","0","Sprouting Goblin","eoc","Near Mint","English","","","","90","False","False",""
"1","0","Aftermath Analyst","eoc","Near Mint","English","","","","91","False","False",""
"1","0","Augur of Autumn","eoc","Near Mint","English","","","","92","False","False",""
"1","0","Beast Within","eoc","Near Mint","English","","","","93","False","False",""
"1","0","Beast Within","eoc","Near Mint","English","","","","93","False","False",""
"1","0","Centaur Vinecrasher","eoc","Near Mint","English","","","","94","False","False",""
"1","0","Cultivate","eoc","Near Mint","English","","","","95","False","False",""
"1","0","Formless Genesis","eoc","Near Mint","English","","","","96","False","False",""
"1","0","Groundskeeper","eoc","Near Mint","English","","","","97","False","False",""
"1","0","Harrow","eoc","Near Mint","English","","","","98","False","False",""
"1","0","Loamcrafter Faun","eoc","Near Mint","English","","","","99","False","False",""
"1","0","Multani, Yavimaya's Avatar","eoc","Near Mint","English","","","","100","False","False",""
"1","0","Nature's Lore","eoc","Near Mint","English","","","","101","False","False",""
"1","0","Oracle of Mul Daya","eoc","Near Mint","English","","","","102","False","False",""
"1","0","Pest Infestation","eoc","Near Mint","English","","","","103","False","False",""
"1","0","Rampaging Baloths","eoc","Near Mint","English","","","","104","False","False",""
"1","0","Roiling Regrowth","eoc","Near Mint","English","","","","105","False","False",""
"1","0","Satyr Wayfinder","eoc","Near Mint","English","","","","106","False","False",""
"1","0","Skyshroud Claim","eoc","Near Mint","English","","","","107","False","False",""
"1","0","Splendid Reclamation","eoc","Near Mint","English","","","","108","False","False",""
"1","0","Tear Asunder","eoc","Near Mint","English","","","","109","False","False",""
"1","0","Tireless Tracker","eoc","Near Mint","English","","","","110","False","False",""
"1","0","Titania, Protector of Argoth","eoc","Near Mint","English","","","","111","False","False",""
"1","0","World Breaker","eoc","Near Mint","English","","","","112","False","False",""
"1","0","Alibou, Ancient Witness","eoc","Near Mint","English","","","","113","False","False",""
"1","0","Enthusiastic Mechanaut","eoc","Near Mint","English","","","","114","False","False",""
"1","0","Escape to the Wilds","eoc","Near Mint","English","","","","115","False","False",""
"1","0","Gaze of Granite","eoc","Near Mint","English","","","","116","False","False",""
"1","0","The Gitrog Monster","eoc","Near Mint","English","","","","117","False","False",""
"1","0","Jhoira, Weatherlight Captain","eoc","Near Mint","English","","","","118","False","False",""
"1","0","Juri, Master of the Revue","eoc","Near Mint","English","","","","119","False","False",""
"1","0","Korvold, Fae-Cursed King","eoc","Near Mint","English","","","","120","False","False",""
"1","0","Mayhem Devil","eoc","Near Mint","English","","","","121","False","False",""
"1","0","Mazirek, Kraul Death Priest","eoc","Near Mint","English","","","","122","False","False",""
"1","0","Omnath, Locus of Rage","eoc","Near Mint","English","","","","123","False","False",""
"1","0","Putrefy","eoc","Near Mint","English","","","","124","False","False",""
"1","0","Rakdos Charm","eoc","Near Mint","English","","","","125","False","False",""
"1","0","Soul of Windgrace","eoc","Near Mint","English","","","","126","False","False",""
"1","0","Uurg, Spawn of Turg","eoc","Near Mint","English","","","","127","False","False",""
"1","0","Wake the Past","eoc","Near Mint","English","","","","128","False","False",""
"1","0","Windgrace's Judgment","eoc","Near Mint","English","","","","129","False","False",""
"1","0","Worldsoul's Rage","eoc","Near Mint","English","","","","130","False","False",""
"1","0","Astral Cornucopia","eoc","Near Mint","English","","","","131","False","False",""
"1","0","Coretapper","eoc","Near Mint","English","","","","132","False","False",""
"1","0","Crystalline Crawler","eoc","Near Mint","English","","","","133","False","False",""
"1","0","Darksteel Reactor","eoc","Near Mint","English","","","","134","False","False",""
"1","0","Empowered Autogenerator","eoc","Near Mint","English","","","","135","False","False",""
"1","0","Etched Oracle","eoc","Near Mint","English","","","","136","False","False",""
"1","0","Everflowing Chalice","eoc","Near Mint","English","","","","137","False","False",""
"1","0","Golem Foundry","eoc","Near Mint","English","","","","138","False","False",""
"1","0","Hangarback Walker","eoc","Near Mint","English","","","","139","False","False",""
"1","0","Lux Artillery","eoc","Near Mint","English","","","","140","False","False",""
"1","0","Lux Cannon","eoc","Near Mint","English","","","","141","False","False",""
"1","0","Mindless Automaton","eoc","Near Mint","English","","","","142","False","False",""
"1","0","Soul-Guide Lantern","eoc","Near Mint","English","","","","143","False","False",""
"1","0","Steel Overseer","eoc","Near Mint","English","","","","144","False","False",""
"1","0","Threefold Thunderhulk","eoc","Near Mint","English","","","","145","False","False",""
"1","0","Titan Forge","eoc","Near Mint","English","","","","146","False","False",""
"1","0","Adarkar Wastes","eoc","Near Mint","English","","","","147","False","False",""
"1","0","Ancient Den","eoc","Near Mint","English","","","","148","False","False",""
"1","0","Bojuka Bog","eoc","Near Mint","English","","","","149","False","False",""
"1","0","Buried Ruin","eoc","Near Mint","English","","","","150","False","False",""
"1","0","Cabaretti Courtyard","eoc","Near Mint","English","","","","151","False","False",""
"1","0","Canyon Slough","eoc","Near Mint","English","","","","152","False","False",""
"1","0","Cascade Bluffs","eoc","Near Mint","English","","","","153","False","False",""
"1","0","Cinder Glade","eoc","Near Mint","English","","","","154","False","False",""
"1","0","Clifftop Retreat","eoc","Near Mint","English","","","","155","False","False",""
"1","0","Dakmor Salvage","eoc","Near Mint","English","","","","156","False","False",""
"1","0","Escape Tunnel","eoc","Near Mint","English","","","","157","False","False",""
"1","0","Evolving Wilds","eoc","Near Mint","English","","","","158","False","False",""
"1","0","Evolving Wilds","eoc","Near Mint","English","","","","158","False","False",""
"1","0","Exotic Orchard","eoc","Near Mint","English","","","","159","False","False",""
"1","0","Glacial Fortress","eoc","Near Mint","English","","","","160","False","False",""
"1","0","Great Furnace","eoc","Near Mint","English","","","","161","False","False",""
"1","0","Irrigated Farmland","eoc","Near Mint","English","","","","162","False","False",""
"1","0","Karn's Bastion","eoc","Near Mint","English","","","","163","False","False",""
"1","0","Karplusan Forest","eoc","Near Mint","English","","","","164","False","False",""
"1","0","Llanowar Wastes","eoc","Near Mint","English","","","","165","False","False",""
"1","0","Lonely Sandbar","eoc","Near Mint","English","","","","166","False","False",""
"1","0","Maestros Theater","eoc","Near Mint","English","","","","167","False","False",""
"1","0","The Mycosynth Gardens","eoc","Near Mint","English","","","","168","False","False",""
"1","0","Myriad Landscape","eoc","Near Mint","English","","","","169","False","False",""
"1","0","Mystic Monastery","eoc","Near Mint","English","","","","170","False","False",""
"1","0","Razortide Bridge","eoc","Near Mint","English","","","","171","False","False",""
"1","0","Riveteers Overlook","eoc","Near Mint","English","","","","172","False","False",""
"1","0","Rocky Tar Pit","eoc","Near Mint","English","","","","173","False","False",""
"1","0","Rugged Prairie","eoc","Near Mint","English","","","","174","False","False",""
"1","0","Rustvale Bridge","eoc","Near Mint","English","","","","175","False","False",""
"1","0","Seat of the Synod","eoc","Near Mint","English","","","","176","False","False",""
"1","0","Secluded Steppe","eoc","Near Mint","English","","","","177","False","False",""
"1","0","Sheltered Thicket","eoc","Near Mint","English","","","","178","False","False",""
"1","0","Shivan Reef","eoc","Near Mint","English","","","","179","False","False",""
"1","0","Silverbluff Bridge","eoc","Near Mint","English","","","","180","False","False",""
"1","0","Skycloud Expanse","eoc","Near Mint","English","","","","181","False","False",""
"1","0","Smoldering Marsh","eoc","Near Mint","English","","","","182","False","False",""
"1","0","Spire of Industry","eoc","Near Mint","English","","","","183","False","False",""
"1","0","Sulfur Falls","eoc","Near Mint","English","","","","184","False","False",""
"1","0","Sulfurous Springs","eoc","Near Mint","English","","","","185","False","False",""
"1","0","Temple of Enlightenment","eoc","Near Mint","English","","","","186","False","False",""
"1","0","Temple of Epiphany","eoc","Near Mint","English","","","","187","False","False",""
"1","0","Temple of Triumph","eoc","Near Mint","English","","","","188","False","False",""
"1","0","Twilight Mire","eoc","Near Mint","English","","","","189","False","False",""
"1","0","Viridescent Bog","eoc","Near Mint","English","","","","190","False","False",""
"1","0","Wastes","eoc","Near Mint","English","","","","191","False","False",""
"1","0","Haliya, Guided by Light","eoe","Near Mint","English","","","","19","False","False",""
"4","0","Starfield Shepherd","eoe","Near Mint","English","","","","37","False","False",""
"2","0","Sothera, the Supervoid","eoe","Near Mint","English","","","","115","False","True",""
"1","0","Eumidian Terrabotanist","eoe","Near Mint","English","","","","180","False","False",""
"1","0","Hemosymbic Mite","eoe","Near Mint","English","","","","190","False","False",""
"5","0","Forest","eoe","Near Mint","English","","","","266","False","False",""
"1","0","Forest","eoe","Near Mint","English","","","","266","False","False",""
"3","0","Plains","eoe","Near Mint","English","","","","267","False","False",""
"3","0","Island","eoe","Near Mint","English","","","","269","False","False",""
"5","0","Swamp","eoe","Near Mint","English","","","","272","False","False",""
"3","0","Mountain","eoe","Near Mint","English","","","","273","False","False",""
"3","0","Mountain","eoe","Near Mint","English","","","","274","False","False",""
"8","0","Forest","eoe","Near Mint","English","","","","276","False","False",""
"1","0","Famished Worldsire","eoe","Near Mint","English","","","","341","False","False",""
"1","0","The Eternity Elevator","eoe","Near Mint","English","","","","354","False","False",""
"4","0","Forest","eoe","Near Mint","English","foil","","","371","False","False",""
"1","0","Sothera, the Supervoid","eoe","Near Mint","English","foil","","","382","False","True",""
"1","0","Ancient Tomb","eos","Near Mint","English","","","","1","False","True",""
"1","0","Scavenger Grounds","eos","Near Mint","English","","","","37","False","False",""
"1","0","Contested War Zone","eos","Near Mint","English","foil","","","98","False","False",""
"1","0","Inventors' Fair","eos","Near Mint","English","foil","","","111","False","True",""
"1","0","Batwing Brume","eve","Near Mint","English","","","","81","False","False",""
"1","0","Giant Growth","evg","Near Mint","English","","","","21","False","False",""
"1","0","Onslaught","exo","Near Mint","English","","","","92","False","False",""
"1","0","Coat of Arms","exo","Near Mint","English","","","","131","False","True",""
"1","0","Bloodstained Mire","exp","Near Mint","English","foil","","","18","False","True",""
"1","0","Lightning Greaves","f09","Near Mint","English","foil","","","8","False","True",""
"1","0","Savage Lands","f11","Near Mint","English","foil","","","12","False","False",""
"1","0","Evolving Wilds","f12","Near Mint","English","foil","","","10","False","False",""
"1","0","Evolving Wilds","f12","Near Mint","English","foil","","","10","False","False",""
"1","0","Sram, Senior Edificer","fca","Near Mint","English","","","","3","False","False",""
"1","0","Varragoth, Bloodsky Sire","fca","Near Mint","English","","","","37","False","False",""
"1","0","Fynn, the Fangbearer","fca","Near Mint","English","","","","46","False","False",""
"1","0","Arcane Signet","fdc","Near Mint","English","foil","","","1","False","False",""
"1","0","Armasaur Guide","fdn","Near Mint","English","","","","3","False","False",""
"2","0","Armasaur Guide","fdn","Near Mint","English","","","","3","False","False",""
"1","0","Armasaur Guide","fdn","Near Mint","English","","","","3","False","False",""
"2","0","Cat Collector","fdn","Near Mint","English","","","","4","False","False",""
"1","0","Cat Collector","fdn","Near Mint","English","","","","4","False","False",""
"1","0","Cat Collector","fdn","Near Mint","English","","","","4","False","False",""
"1","0","Celestial Armor","fdn","Near Mint","English","","","","5","False","False",""
"1","0","Claws Out","fdn","Near Mint","English","","","","6","False","False",""
"1","0","Crystal Barricade","fdn","Near Mint","English","","","","7","False","False",""
"1","0","Dauntless Veteran","fdn","Near Mint","English","","","","8","False","False",""
"1","0","Divine Resilience","fdn","Near Mint","English","","","","10","False","False",""
"1","0","Divine Resilience","fdn","Near Mint","English","","","","10","False","False",""
"3","0","Felidar Savior","fdn","Near Mint","English","","","","12","False","False",""
"1","0","Felidar Savior","fdn","Near Mint","English","","","","12","False","False",""
"2","0","Fleeting Flight","fdn","Near Mint","English","","","","13","False","False",""
"2","0","Fleeting Flight","fdn","Near Mint","English","","","","13","False","False",""
"1","0","Guarded Heir","fdn","Near Mint","English","","","","14","False","False",""
"2","0","Hare Apparent","fdn","Near Mint","English","","","","15","False","False",""
"1","0","Hare Apparent","fdn","Near Mint","English","","","","15","False","False",""
"2","0","Helpful Hunter","fdn","Near Mint","English","","","","16","False","False",""
"1","0","Helpful Hunter","fdn","Near Mint","English","","","","16","False","False",""
"3","0","Inspiring Paladin","fdn","Near Mint","English","","","","18","False","False",""
"1","0","Inspiring Paladin","fdn","Near Mint","English","","","","18","False","False",""
"1","0","Joust Through","fdn","Near Mint","English","","","","19","False","False",""
"1","0","Luminous Rebuke","fdn","Near Mint","English","","","","20","False","False",""
"1","0","Luminous Rebuke","fdn","Near Mint","English","","","","20","False","False",""
"2","0","Luminous Rebuke","fdn","Near Mint","English","","","","20","False","False",""
"2","0","Prideful Parent","fdn","Near Mint","English","","","","21","False","False",""
"1","0","Prideful Parent","fdn","Near Mint","English","","","","21","False","False",""
"1","0","Raise the Past","fdn","Near Mint","English","","","","22","False","False",""
"2","0","Squad Rallier","fdn","Near Mint","English","","","","24","False","False",""
"1","0","Squad Rallier","fdn","Near Mint","English","","","","24","False","False",""
"1","0","Sun-Blessed Healer","fdn","Near Mint","English","","","","25","False","False",""
"1","0","Sun-Blessed Healer","fdn","Near Mint","English","","","","25","False","False",""
"1","0","Twinblade Blessing","fdn","Near Mint","English","","","","26","False","False",""
"1","0","Twinblade Blessing","fdn","Near Mint","English","","","","26","False","False",""
"1","0","Vanguard Seraph","fdn","Near Mint","English","","","","28","False","False",""
"1","0","Vanguard Seraph","fdn","Near Mint","English","","","","28","False","False",""
"1","0","Vanguard Seraph","fdn","Near Mint","English","","","","28","False","False",""
"1","0","Arcane Epiphany","fdn","Near Mint","English","","","","29","False","False",""
"1","0","Arcane Epiphany","fdn","Near Mint","English","","","","29","False","False",""
"1","0","Archmage of Runes","fdn","Near Mint","English","","","","30","False","False",""
"1","0","Bigfin Bouncer","fdn","Near Mint","English","","","","31","False","False",""
"1","0","Bigfin Bouncer","fdn","Near Mint","English","","","","31","False","False",""
"2","0","Bigfin Bouncer","fdn","Near Mint","English","","","","31","False","False",""
"2","0","Cephalid Inkmage","fdn","Near Mint","English","","","","32","False","False",""
"1","0","Cephalid Inkmage","fdn","Near Mint","English","foil","","","32","False","False",""
"2","0","Clinquant Skymage","fdn","Near Mint","English","","","","33","False","False",""
"1","0","Clinquant Skymage","fdn","Near Mint","English","","","","33","False","False",""
"1","0","Elementalist Adept","fdn","Near Mint","English","","","","36","False","False",""
"2","0","Elementalist Adept","fdn","Near Mint","English","","","","36","False","False",""
"1","0","Elementalist Adept","fdn","Near Mint","English","","","","36","False","False",""
"3","0","Erudite Wizard","fdn","Near Mint","English","","","","37","False","False",""
"1","0","Erudite Wizard","fdn","Near Mint","English","","","","37","False","False",""
"1","0","Faebloom Trick","fdn","Near Mint","English","","","","38","False","False",""
"1","0","Faebloom Trick","fdn","Near Mint","English","","","","38","False","False",""
"2","0","Grappling Kraken","fdn","Near Mint","English","","","","39","False","False",""
"1","0","High Fae Trickster","fdn","Near Mint","English","","","","40","False","False",""
"1","0","Inspiration from Beyond","fdn","Near Mint","English","","","","43","False","False",""
"1","0","Inspiration from Beyond","fdn","Near Mint","English","","","","43","False","False",""
"1","0","Lunar Insight","fdn","Near Mint","English","","","","46","False","False",""
"1","0","Mischievous Mystic","fdn","Near Mint","English","","","","47","False","False",""
"1","0","Mischievous Mystic","fdn","Near Mint","English","","","","47","False","False",""
"2","0","Refute","fdn","Near Mint","English","","","","48","False","False",""
"1","0","Refute","fdn","Near Mint","English","","","","48","False","False",""
"1","0","Skyship Buccaneer","fdn","Near Mint","English","","","","50","False","False",""
"1","0","Sphinx of Forgotten Lore","fdn","Near Mint","English","","","","51","False","False",""
"2","0","Strix Lookout","fdn","Near Mint","English","","","","52","False","False",""
"1","0","Strix Lookout","fdn","Near Mint","English","","","","52","False","False",""
"2","0","Uncharted Voyage","fdn","Near Mint","English","","","","53","False","False",""
"1","0","Uncharted Voyage","fdn","Near Mint","English","","","","53","False","False",""
"1","0","Abyssal Harvester","fdn","Near Mint","English","","","","54","False","False",""
"1","0","Arbiter of Woe","fdn","Near Mint","English","","","","55","False","False",""
"1","0","Arbiter of Woe","fdn","Near Mint","English","","","","55","False","False",""
"2","0","Billowing Shriekmass","fdn","Near Mint","English","","","","56","False","False",""
"3","0","Crypt Feaster","fdn","Near Mint","English","","","","59","False","False",""
"2","0","Crypt Feaster","fdn","Near Mint","English","","","","59","False","False",""
"2","0","Gutless Plunderer","fdn","Near Mint","English","","","","60","False","False",""
"1","0","Gutless Plunderer","fdn","Near Mint","English","","","","60","False","False",""
"1","0","Gutless Plunderer","fdn","Near Mint","English","","","","60","False","False",""
"1","0","High-Society Hunter","fdn","Near Mint","English","","","","61","False","False",""
"2","0","Hungry Ghoul","fdn","Near Mint","English","","","","62","False","False",""
"2","0","Hungry Ghoul","fdn","Near Mint","English","","","","62","False","False",""
"3","0","Infernal Vessel","fdn","Near Mint","English","","","","63","False","False",""
"3","0","Infestation Sage","fdn","Near Mint","English","","","","64","False","False",""
"2","0","Infestation Sage","fdn","Near Mint","English","","","","64","False","False",""
"1","0","Midnight Snack","fdn","Near Mint","English","","","","65","False","False",""
"1","0","Revenge of the Rats","fdn","Near Mint","English","","","","67","False","False",""
"1","0","Revenge of the Rats","fdn","Near Mint","English","","","","67","False","False",""
"1","0","Sanguine Syphoner","fdn","Near Mint","English","","","","68","False","False",""
"1","0","Sanguine Syphoner","fdn","Near Mint","English","","","","68","False","False",""
"1","0","Sanguine Syphoner","fdn","Near Mint","English","","","","68","False","False",""
"1","0","Seeker's Folly","fdn","Near Mint","English","","","","69","False","False",""
"1","0","Seeker's Folly","fdn","Near Mint","English","","","","69","False","False",""
"1","0","Seeker's Folly","fdn","Near Mint","English","","","","69","False","False",""
"3","0","Soul-Shackled Zombie","fdn","Near Mint","English","","","","70","False","False",""
"1","0","Soul-Shackled Zombie","fdn","Near Mint","English","","","","70","False","False",""
"2","0","Stab","fdn","Near Mint","English","","","","71","False","False",""
"2","0","Stab","fdn","Near Mint","English","","","","71","False","False",""
"1","0","Tragic Banshee","fdn","Near Mint","English","","","","73","False","False",""
"1","0","Vampire Soulcaller","fdn","Near Mint","English","","","","75","False","False",""
"4","0","Vengeful Bloodwitch","fdn","Near Mint","English","","","","76","False","False",""
"1","0","Zul Ashur, Lich Lord","fdn","Near Mint","English","","","","77","False","False",""
"1","0","Battlesong Berserker","fdn","Near Mint","English","","","","78","False","False",""
"1","0","Boltwave","fdn","Near Mint","English","","","","79","False","False",""
"1","0","Boltwave","fdn","Near Mint","English","","","","79","False","False",""
"1","0","Bulk Up","fdn","Near Mint","English","","","","80","False","False",""
"2","0","Courageous Goblin","fdn","Near Mint","English","","","","82","False","False",""
"2","0","Courageous Goblin","fdn","Near Mint","English","","","","82","False","False",""
"1","0","Crackling Cyclops","fdn","Near Mint","English","foil","","","83","False","False",""
"1","0","Crackling Cyclops","fdn","Near Mint","English","","","","83","False","False",""
"2","0","Crackling Cyclops","fdn","Near Mint","English","","","","83","False","False",""
"2","0","Crackling Cyclops","fdn","Near Mint","English","","","","83","False","False",""
"1","0","Dragon Trainer","fdn","Near Mint","English","","","","84","False","False",""
"2","0","Fiery Annihilation","fdn","Near Mint","English","","","","86","False","False",""
"1","0","Goblin Boarders","fdn","Near Mint","English","","","","87","False","False",""
"3","0","Goblin Boarders","fdn","Near Mint","English","","","","87","False","False",""
"1","0","Goblin Negotiation","fdn","Near Mint","English","","","","88","False","False",""
"1","0","Goblin Negotiation","fdn","Near Mint","English","","","","88","False","False",""
"1","0","Gorehorn Raider","fdn","Near Mint","English","","","","89","False","False",""
"3","0","Gorehorn Raider","fdn","Near Mint","English","","","","89","False","False",""
"2","0","Incinerating Blast","fdn","Near Mint","English","","","","90","False","False",""
"1","0","Incinerating Blast","fdn","Near Mint","English","","","","90","False","False",""
"2","0","Incinerating Blast","fdn","Near Mint","English","","","","90","False","False",""
"1","0","Searslicer Goblin","fdn","Near Mint","English","","","","93","False","False",""
"1","0","Searslicer Goblin","fdn","Near Mint","English","","","","93","False","False",""
"1","0","Slumbering Cerberus","fdn","Near Mint","English","","","","94","False","False",""
"1","0","Slumbering Cerberus","fdn","Near Mint","English","","","","94","False","False",""
"2","0","Sower of Chaos","fdn","Near Mint","English","","","","95","False","False",""
"1","0","Sower of Chaos","fdn","Near Mint","English","","","","95","False","False",""
"1","0","Strongbox Raider","fdn","Near Mint","English","","","","96","False","False",""
"1","0","Strongbox Raider","fdn","Near Mint","English","","","","96","False","False",""
"1","0","Strongbox Raider","fdn","Near Mint","English","","","","96","False","False",""
"2","0","Ambush Wolf","fdn","Near Mint","English","","","","98","False","False",""
"2","0","Ambush Wolf","fdn","Near Mint","English","","","","98","False","False",""
"1","0","Apothecary Stomper","fdn","Near Mint","English","","","","99","False","False",""
"2","0","Apothecary Stomper","fdn","Near Mint","English","","","","99","False","False",""
"1","0","Apothecary Stomper","fdn","Near Mint","English","","","","99","False","False",""
"4","0","Beast-Kin Ranger","fdn","Near Mint","English","","","","100","False","False",""
"2","0","Cackling Prowler","fdn","Near Mint","English","","","","101","False","False",""
"2","0","Cackling Prowler","fdn","Near Mint","English","","","","101","False","False",""
"1","0","Eager Trufflesnout","fdn","Near Mint","English","","","","102","False","False",""
"3","0","Elfsworn Giant","fdn","Near Mint","English","","","","103","False","False",""
"1","0","Elvish Regrower","fdn","Near Mint","English","","","","104","False","False",""
"1","0","Elvish Regrower","fdn","Near Mint","English","","","","104","False","False",""
"1","0","Felling Blow","fdn","Near Mint","English","","","","105","False","False",""
"1","0","Loot, Exuberant Explorer","fdn","Near Mint","English","","","","106","False","False",""
"1","0","Needletooth Pack","fdn","Near Mint","English","","","","108","False","False",""
"1","0","Preposterous Proportions","fdn","Near Mint","English","","","","109","False","False",""
"1","0","Quakestrider Ceratops","fdn","Near Mint","English","","","","110","False","False",""
"1","0","Quakestrider Ceratops","fdn","Near Mint","English","","","","110","False","False",""
"2","0","Treetop Snarespinner","fdn","Near Mint","English","","","","114","False","False",""
"1","0","Treetop Snarespinner","fdn","Near Mint","English","","","","114","False","False",""
"1","0","Anthem of Champions","fdn","Near Mint","English","","","","116","False","False",""
"2","0","Dreadwing Scavenger","fdn","Near Mint","English","","","","118","False","False",""
"1","0","Dreadwing Scavenger","fdn","Near Mint","English","","","","118","False","False",""
"1","0","Dreadwing Scavenger","fdn","Near Mint","English","","","","118","False","False",""
"1","0","Fiendish Panda","fdn","Near Mint","English","","","","120","False","False",""
"1","0","Kykar, Zephyr Awakener","fdn","Near Mint","English","","","","122","False","False",""
"1","0","Perforating Artist","fdn","Near Mint","English","","","","124","False","False",""
"1","0","Perforating Artist","fdn","Near Mint","English","","","","124","False","False",""
"1","0","Wardens of the Cycle","fdn","Near Mint","English","","","","125","False","False",""
"1","0","Wardens of the Cycle","fdn","Near Mint","English","","","","125","False","False",""
"1","0","Banner of Kinship","fdn","Near Mint","English","","","","127","False","False",""
"2","0","Fishing Pole","fdn","Near Mint","English","","","","128","False","False",""
"2","0","Quick-Draw Katana","fdn","Near Mint","English","","","","130","False","False",""
"1","0","Quick-Draw Katana","fdn","Near Mint","English","","","","130","False","False",""
"1","0","Quick-Draw Katana","fdn","Near Mint","English","","","","130","False","False",""
"1","0","Ravenous Amulet","fdn","Near Mint","English","","","","131","False","False",""
"2","0","Ravenous Amulet","fdn","Near Mint","English","","","","131","False","False",""
"1","0","Soulstone Sanctuary","fdn","Near Mint","English","","","","133","False","False",""
"1","0","Ajani's Pridemate","fdn","Near Mint","English","","","","135","False","False",""
"2","0","Ajani's Pridemate","fdn","Near Mint","English","","","","135","False","False",""
"1","0","Angel of Finality","fdn","Near Mint","English","","","","136","False","False",""
"1","0","Banishing Light","fdn","Near Mint","English","","","","138","False","False",""
"3","0","Banishing Light","fdn","Near Mint","English","","","","138","False","False",""
"2","0","Cathar Commando","fdn","Near Mint","English","","","","139","False","False",""
"1","0","Cathar Commando","fdn","Near Mint","English","","","","139","False","False",""
"1","0","Giada, Font of Hope","fdn","Near Mint","English","","","","141","False","False",""
"2","0","Giada, Font of Hope","fdn","Near Mint","English","","","","141","False","False",""
"1","0","Healer's Hawk","fdn","Near Mint","English","","","","142","False","False",""
"2","0","Make Your Move","fdn","Near Mint","English","","","","143","False","False",""
"1","0","Make Your Move","fdn","Near Mint","English","","","","143","False","False",""
"1","0","Mischievous Pup","fdn","Near Mint","English","","","","144","False","False",""
"1","0","Resolute Reinforcements","fdn","Near Mint","English","","","","145","False","False",""
"1","0","Resolute Reinforcements","fdn","Near Mint","English","","","","145","False","False",""
"1","0","Resolute Reinforcements","fdn","Near Mint","English","","","","145","False","False",""
"2","0","Savannah Lions","fdn","Near Mint","English","","","","146","False","False",""
"1","0","Serra Angel","fdn","Near Mint","English","foil","","","147","False","False",""
"2","0","Stroke of Midnight","fdn","Near Mint","English","","","","148","False","False",""
"1","0","Stroke of Midnight","fdn","Near Mint","English","","","","148","False","False",""
"4","0","Youthful Valkyrie","fdn","Near Mint","English","","","","149","False","False",""
"1","0","Aegis Turtle","fdn","Near Mint","English","","","","150","False","False",""
"2","0","Aegis Turtle","fdn","Near Mint","English","","","","150","False","False",""
"1","0","Aegis Turtle","fdn","Near Mint","English","","","","150","False","False",""
"1","0","Aetherize","fdn","Near Mint","English","","","","151","False","False",""
"1","0","Brineborn Cutthroat","fdn","Near Mint","English","","","","152","False","False",""
"1","0","Brineborn Cutthroat","fdn","Near Mint","English","","","","152","False","False",""
"1","0","Essence Scatter","fdn","Near Mint","English","","","","153","False","False",""
"1","0","Fleeting Distraction","fdn","Near Mint","English","","","","155","False","False",""
"1","0","Fleeting Distraction","fdn","Near Mint","English","","","","155","False","False",""
"1","0","Imprisoned in the Moon","fdn","Near Mint","English","","","","156","False","False",""
"1","0","Imprisoned in the Moon","fdn","Near Mint","English","","","","156","False","False",""
"2","0","Lightshell Duo","fdn","Near Mint","English","","","","157","False","False",""
"1","0","Lightshell Duo","fdn","Near Mint","English","","","","157","False","False",""
"1","0","Micromancer","fdn","Near Mint","English","","","","158","False","False",""
"1","0","Micromancer","fdn","Near Mint","English","","","","158","False","False",""
"1","0","Micromancer","fdn","Near Mint","English","","","","158","False","False",""
"1","0","Mocking Sprite","fdn","Near Mint","English","","","","159","False","False",""
"1","0","An Offer You Can't Refuse","fdn","Near Mint","English","foil","","","160","False","False",""
"1","0","An Offer You Can't Refuse","fdn","Near Mint","English","","","","160","False","False",""
"1","0","An Offer You Can't Refuse","fdn","Near Mint","English","","","","160","False","False",""
"2","0","Run Away Together","fdn","Near Mint","English","","","","162","False","False",""
"1","0","Run Away Together","fdn","Near Mint","English","","","","162","False","False",""
"1","0","Self-Reflection","fdn","Near Mint","English","","","","163","False","False",""
"1","0","Self-Reflection","fdn","Near Mint","English","","","","163","False","False",""
"1","0","Spectral Sailor","fdn","Near Mint","English","","","","164","False","False",""
"1","0","Think Twice","fdn","Near Mint","English","","","","165","False","False",""
"1","0","Think Twice","fdn","Near Mint","English","","","","165","False","False",""
"1","0","Time Stop","fdn","Near Mint","English","","","","166","False","False",""
"2","0","Tolarian Terror","fdn","Near Mint","English","","","","167","False","False",""
"1","0","Tolarian Terror","fdn","Near Mint","English","","","","167","False","False",""
"1","0","Tolarian Terror","fdn","Near Mint","English","","","","167","False","False",""
"1","0","Witness Protection","fdn","Near Mint","English","","","","168","False","False",""
"1","0","Witness Protection","fdn","Near Mint","English","","","","168","False","False",""
"1","0","Bake into a Pie","fdn","Near Mint","English","","","","169","False","False",""
"1","0","Bake into a Pie","fdn","Near Mint","English","","","","169","False","False",""
"1","0","Burglar Rat","fdn","Near Mint","English","","","","170","False","False",""
"2","0","Eaten Alive","fdn","Near Mint","English","","","","172","False","False",""
"2","0","Eaten Alive","fdn","Near Mint","English","","","","172","False","False",""
"1","0","Exsanguinate","fdn","Near Mint","English","","","","173","False","False",""
"1","0","Exsanguinate","fdn","Near Mint","English","","","","173","False","False",""
"1","0","Fake Your Own Death","fdn","Near Mint","English","","","","174","False","False",""
"1","0","Hero's Downfall","fdn","Near Mint","English","","","","175","False","False",""
"1","0","Hero's Downfall","fdn","Near Mint","English","","","","175","False","False",""
"1","0","Macabre Waltz","fdn","Near Mint","English","","","","177","False","False",""
"1","0","Macabre Waltz","fdn","Near Mint","English","","","","177","False","False",""
"1","0","Marauding Blight-Priest","fdn","Near Mint","English","","","","178","False","False",""
"1","0","Marauding Blight-Priest","fdn","Near Mint","English","","","","178","False","False",""
"1","0","Phyrexian Arena","fdn","Near Mint","English","","","","180","False","False",""
"1","0","Phyrexian Arena","fdn","Near Mint","English","","","","180","False","False",""
"2","0","Pilfer","fdn","Near Mint","English","","","","181","False","False",""
"1","0","Reassembling Skeleton","fdn","Near Mint","English","","","","182","False","False",""
"1","0","Stromkirk Bloodthief","fdn","Near Mint","English","","","","185","False","False",""
"1","0","Stromkirk Bloodthief","fdn","Near Mint","English","","","","185","False","False",""
"1","0","Vampire Nighthawk","fdn","Near Mint","English","","","","186","False","False",""
"1","0","Zombify","fdn","Near Mint","English","","","","187","False","False",""
"1","0","Zombify","fdn","Near Mint","English","","","","187","False","False",""
"2","0","Axgard Cavalry","fdn","Near Mint","English","","","","189","False","False",""
"1","0","Axgard Cavalry","fdn","Near Mint","English","","","","189","False","False",""
"1","0","Brazen Scourge","fdn","Near Mint","English","","","","191","False","False",""
"1","0","Brazen Scourge","fdn","Near Mint","English","","","","191","False","False",""
"6","0","Burst Lightning","fdn","Near Mint","English","","","","192","False","False",""
"1","0","Burst Lightning","fdn","Near Mint","English","","","","192","False","False",""
"1","0","Burst Lightning","fdn","Near Mint","English","","","","192","False","False",""
"3","0","Fanatical Firebrand","fdn","Near Mint","English","","","","195","False","False",""
"1","0","Fanatical Firebrand","fdn","Near Mint","English","","","","195","False","False",""
"1","0","Fanatical Firebrand","fdn","Near Mint","English","","","","195","False","False",""
"1","0","Firebrand Archer","fdn","Near Mint","English","","","","196","False","False",""
"1","0","Firebrand Archer","fdn","Near Mint","English","","","","196","False","False",""
"1","0","Firespitter Whelp","fdn","Near Mint","English","","","","197","False","False",""
"2","0","Goblin Surprise","fdn","Near Mint","English","","","","200","False","False",""
"1","0","Goblin Surprise","fdn","Near Mint","English","","","","200","False","False",""
"1","0","Heartfire Immolator","fdn","Near Mint","English","","","","201","False","False",""
"1","0","Heartfire Immolator","fdn","Near Mint","English","","","","201","False","False",""
"1","0","Heartfire Immolator","fdn","Near Mint","English","","","","201","False","False",""
"1","0","Hidetsugu's Second Rite","fdn","Near Mint","English","","","","202","False","False",""
"1","0","Hidetsugu's Second Rite","fdn","Near Mint","English","","","","202","False","False",""
"2","0","Involuntary Employment","fdn","Near Mint","English","","","","203","False","False",""
"2","0","Involuntary Employment","fdn","Near Mint","English","","","","203","False","False",""
"1","0","Involuntary Employment","fdn","Near Mint","English","","","","203","False","False",""
"1","0","Seismic Rupture","fdn","Near Mint","English","","","","205","False","False",""
"1","0","Seismic Rupture","fdn","Near Mint","English","","","","205","False","False",""
"1","0","Shivan Dragon","fdn","Near Mint","English","","","","206","False","False",""
"2","0","Spitfire Lagac","fdn","Near Mint","English","","","","208","False","False",""
"2","0","Sure Strike","fdn","Near Mint","English","","","","209","False","False",""
"2","0","Thrill of Possibility","fdn","Near Mint","English","","","","210","False","False",""
"1","0","Thrill of Possibility","fdn","Near Mint","English","","","","210","False","False",""
"1","0","Thrill of Possibility","fdn","Near Mint","English","","","","210","False","False",""
"1","0","Affectionate Indrik","fdn","Near Mint","English","","","","211","False","False",""
"1","0","Affectionate Indrik","fdn","Near Mint","English","","","","211","False","False",""
"1","0","Bite Down","fdn","Near Mint","English","","","","212","False","False",""
"1","0","Bite Down","fdn","Near Mint","English","","","","212","False","False",""
"1","0","Blanchwood Armor","fdn","Near Mint","English","","","","213","False","False",""
"2","0","Broken Wings","fdn","Near Mint","English","","","","214","False","False",""
"1","0","Broken Wings","fdn","Near Mint","English","","","","214","False","False",""
"2","0","Bushwhack","fdn","Near Mint","English","","","","215","False","False",""
"1","0","Bushwhack","fdn","Near Mint","English","","","","215","False","False",""
"1","0","Doubling Season","fdn","Near Mint","English","","","","216","False","False",""
"1","0","Dwynen, Gilt-Leaf Daen","fdn","Near Mint","English","","","","217","False","False",""
"3","0","Dwynen's Elite","fdn","Near Mint","English","","","","218","False","False",""
"1","0","Dwynen's Elite","fdn","Near Mint","English","","","","218","False","False",""
"1","0","Dwynen's Elite","fdn","Near Mint","English","","","","218","False","False",""
"1","0","Elvish Archdruid","fdn","Near Mint","English","","","","219","False","False",""
"1","0","Genesis Wave","fdn","Near Mint","English","","","","221","False","False",""
"1","0","Ghalta, Primal Hunger","fdn","Near Mint","English","","","","222","False","False",""
"1","0","Giant Growth","fdn","Near Mint","English","","","","223","False","False",""
"3","0","Gnarlid Colony","fdn","Near Mint","English","","","","224","False","False",""
"2","0","Grow from the Ashes","fdn","Near Mint","English","","","","225","False","False",""
"1","0","Inspiring Call","fdn","Near Mint","English","","","","226","False","False",""
"8","0","Llanowar Elves","fdn","Near Mint","English","","","","227","False","False",""
"1","0","Llanowar Elves","fdn","Near Mint","English","","","","227","False","False",""
"1","0","Llanowar Elves","fdn","Near Mint","English","","","","227","False","False",""
"1","0","Mild-Mannered Librarian","fdn","Near Mint","English","","","","228","False","False",""
"1","0","Nessian Hornbeetle","fdn","Near Mint","English","","","","229","False","False",""
"1","0","Nessian Hornbeetle","fdn","Near Mint","English","","","","229","False","False",""
"1","0","Overrun","fdn","Near Mint","English","","","","230","False","False",""
"1","0","Overrun","fdn","Near Mint","English","","","","230","False","False",""
"1","0","Overrun","fdn","Near Mint","English","","","","230","False","False",""
"1","0","Reclamation Sage","fdn","Near Mint","English","","","","231","False","False",""
"2","0","Snakeskin Veil","fdn","Near Mint","English","","","","233","False","False",""
"1","0","Wary Thespian","fdn","Near Mint","English","","","","235","False","False",""
"1","0","Wary Thespian","fdn","Near Mint","English","","","","235","False","False",""
"1","0","Wildwood Scourge","fdn","Near Mint","English","","","","236","False","False",""
"1","0","Wildwood Scourge","fdn","Near Mint","English","","","","236","False","False",""
"1","0","Consuming Aberration","fdn","Near Mint","English","","","","238","False","False",""
"1","0","Empyrean Eagle","fdn","Near Mint","English","","","","239","False","False",""
"1","0","Empyrean Eagle","fdn","Near Mint","English","","","","239","False","False",""
"1","0","Good-Fortune Unicorn","fdn","Near Mint","English","","","","240","False","False",""
"1","0","Good-Fortune Unicorn","fdn","Near Mint","English","","","","240","False","False",""
"1","0","Heroic Reinforcements","fdn","Near Mint","English","","","","241","False","False",""
"1","0","Heroic Reinforcements","fdn","Near Mint","English","","","","241","False","False",""
"1","0","Heroic Reinforcements","fdn","Near Mint","English","","","","241","False","False",""
"1","0","Lathril, Blade of the Elves","fdn","Near Mint","English","","","","242","False","False",""
"1","0","Ruby, Daring Tracker","fdn","Near Mint","English","","","","245","False","False",""
"1","0","Ruby, Daring Tracker","fdn","Near Mint","English","","","","245","False","False",""
"1","0","Tatyova, Benthic Druid","fdn","Near Mint","English","","","","247","False","False",""
"1","0","Tatyova, Benthic Druid","fdn","Near Mint","English","","","","247","False","False",""
"1","0","Thousand-Year Storm","fdn","Near Mint","English","","","","248","False","False",""
"1","0","Burnished Hart","fdn","Near Mint","English","","","","250","False","False",""
"1","0","Burnished Hart","fdn","Near Mint","English","","","","250","False","False",""
"1","0","Campus Guide","fdn","Near Mint","English","","","","251","False","False",""
"1","0","Gleaming Barrier","fdn","Near Mint","English","","","","252","False","False",""
"1","0","Gleaming Barrier","fdn","Near Mint","English","","","","252","False","False",""
"1","0","Goldvein Pick","fdn","Near Mint","English","","","","253","False","False",""
"2","0","Goldvein Pick","fdn","Near Mint","English","","","","253","False","False",""
"1","0","Goldvein Pick","fdn","Near Mint","English","","","","253","False","False",""
"1","0","Heraldic Banner","fdn","Near Mint","English","","","","254","False","False",""
"2","0","Heraldic Banner","fdn","Near Mint","English","","","","254","False","False",""
"1","0","Juggernaut","fdn","Near Mint","English","","","","255","False","False",""
"1","0","Meteor Golem","fdn","Near Mint","English","","","","256","False","False",""
"1","0","Meteor Golem","fdn","Near Mint","English","","","","256","False","False",""
"1","0","Bloodfell Caves","fdn","Near Mint","English","","","","259","False","False",""
"2","0","Bloodfell Caves","fdn","Near Mint","English","","","","259","False","False",""
"1","0","Blossoming Sands","fdn","Near Mint","English","","","","260","False","False",""
"1","0","Blossoming Sands","fdn","Near Mint","English","","","","260","False","False",""
"2","0","Dismal Backwater","fdn","Near Mint","English","","","","261","False","False",""
"2","0","Dismal Backwater","fdn","Near Mint","English","","","","261","False","False",""
"2","0","Evolving Wilds","fdn","Near Mint","English","","","","262","False","False",""
"1","0","Evolving Wilds","fdn","Near Mint","English","","","","262","False","False",""
"2","0","Jungle Hollow","fdn","Near Mint","English","","","","263","False","False",""
"1","0","Jungle Hollow","fdn","Near Mint","English","","","","263","False","False",""
"1","0","Jungle Hollow","fdn","Near Mint","English","","","","263","False","False",""
"1","0","Rogue's Passage","fdn","Near Mint","English","","","","264","False","False",""
"2","0","Rugged Highlands","fdn","Near Mint","English","","","","265","False","False",""
"2","0","Rugged Highlands","fdn","Near Mint","English","","","","265","False","False",""
"2","0","Scoured Barrens","fdn","Near Mint","English","","","","266","False","False",""
"3","0","Secluded Courtyard","fdn","Near Mint","English","","","","267","False","False",""
"1","0","Secluded Courtyard","fdn","Near Mint","English","","","","267","False","False",""
"1","0","Secluded Courtyard","fdn","Near Mint","English","","","","267","False","False",""
"2","0","Swiftwater Cliffs","fdn","Near Mint","English","","","","268","False","False",""
"1","0","Swiftwater Cliffs","fdn","Near Mint","English","","","","268","False","False",""
"2","0","Thornwood Falls","fdn","Near Mint","English","","","","269","False","False",""
"2","0","Thornwood Falls","fdn","Near Mint","English","","","","269","False","False",""
"2","0","Tranquil Cove","fdn","Near Mint","English","","","","270","False","False",""
"2","0","Tranquil Cove","fdn","Near Mint","English","","","","270","False","False",""
"1","0","Wind-Scarred Crag","fdn","Near Mint","English","foil","","","271","False","False",""
"1","0","Wind-Scarred Crag","fdn","Near Mint","English","","","","271","False","False",""
"2","0","Wind-Scarred Crag","fdn","Near Mint","English","","","","271","False","False",""
"1","0","Swamp","fdn","Near Mint","English","","","","286","False","False",""
"1","0","Archmage of Runes","fdn","Near Mint","English","","","","304","False","False",""
"1","0","Refute","fdn","Near Mint","English","","","","313","False","False",""
"1","0","Refute","fdn","Near Mint","English","","","","313","False","False",""
"1","0","Think Twice","fdn","Near Mint","English","","","","315","False","False",""
"1","0","Nine-Lives Familiar","fdn","Near Mint","English","","","","321","False","False",""
"1","0","Tinybones, Bauble Burglar","fdn","Near Mint","English","","","","324","False","True",""
"1","0","Vengeful Bloodwitch","fdn","Near Mint","English","","","","325","False","False",""
"1","0","Vengeful Bloodwitch","fdn","Near Mint","English","","","","325","False","False",""
"1","0","Abrade","fdn","Near Mint","English","","","","327","False","False",""
"1","0","Reclamation Sage","fdn","Near Mint","English","","","","340","False","False",""
"1","0","Banner of Kinship","fdn","Near Mint","English","","","","352","False","False",""
"1","0","Swiftfoot Boots","fdn","Near Mint","English","","","","355","False","False",""
"1","0","Valkyrie's Call","fdn","Near Mint","English","foil","","","371","False","False",""
"1","0","Ashroot Animist","fdn","Near Mint","English","foil","","","406","False","False",""
"1","0","Bloodthirsty Conqueror","fdn","Near Mint","English","foil","","","426","False","True",""
"1","0","Electroduplicate","fdn","Near Mint","English","","","","465","False","False",""
"1","0","Electroduplicate","fdn","Near Mint","English","","","","465","False","False",""
"1","0","Niv-Mizzet, Visionary","fdn","Near Mint","English","","","","482","False","False",""
"1","0","Banner of Kinship","fdn","Near Mint","English","","","","484","False","False",""
"1","0","Inspiring Overseer","fdn","Near Mint","English","","","","496","False","False",""
"1","0","Into the Roil","fdn","Near Mint","English","","","","509","False","False",""
"4","0","Opt","fdn","Near Mint","English","","","","512","False","False",""
"1","0","Moment of Craving","fdn","Near Mint","English","","","","524","False","False",""
"1","0","Suspicious Shambler","fdn","Near Mint","English","","","","527","False","False",""
"1","0","Undying Malice","fdn","Near Mint","English","","","","528","False","False",""
"2","0","Dragon Fodder","fdn","Near Mint","English","","","","535","False","False",""
"1","0","Volley Veteran","fdn","Near Mint","English","","","","550","False","False",""
"1","0","Thornweald Archer","fdn","Near Mint","English","","","","559","False","False",""
"1","0","Angelic Destiny","fdn","Near Mint","English","","","","565","False","False",""
"1","0","Archway Angel","fdn","Near Mint","English","","","","566","False","False",""
"1","0","Ballyrush Banneret","fdn","Near Mint","English","","","","567","False","False",""
"1","0","Crusader of Odric","fdn","Near Mint","English","","","","569","False","False",""
"1","0","Dawnwing Marshal","fdn","Near Mint","English","","","","570","False","False",""
"1","0","Devout Decree","fdn","Near Mint","English","","","","571","False","False",""
"1","0","Disenchant","fdn","Near Mint","English","","","","572","False","False",""
"1","0","Felidar Cub","fdn","Near Mint","English","","","","573","False","False",""
"1","0","Felidar Retreat","fdn","Near Mint","English","","","","574","False","False",""
"1","0","Knight of Grace","fdn","Near Mint","English","","","","576","False","False",""
"1","0","Mentor of the Meek","fdn","Near Mint","English","","","","578","False","False",""
"1","0","Regal Caracal","fdn","Near Mint","English","","","","579","False","False",""
"1","0","Release the Dogs","fdn","Near Mint","English","","","","580","False","False",""
"1","0","Stasis Snare","fdn","Near Mint","English","","","","581","False","False",""
"1","0","Syr Alin, the Lion's Claw","fdn","Near Mint","English","","","","582","False","False",""
"1","0","Valorous Stance","fdn","Near Mint","English","","","","583","False","False",""
"1","0","Zetalpa, Primal Dawn","fdn","Near Mint","English","","","","584","False","False",""
"1","0","Chart a Course","fdn","Near Mint","English","","","","586","False","False",""
"1","0","Dictate of Kruphix","fdn","Near Mint","English","","","","587","False","False",""
"1","0","Finale of Revelation","fdn","Near Mint","English","","","","589","False","False",""
"1","0","Flashfreeze","fdn","Near Mint","English","","","","590","False","False",""
"1","0","Fog Bank","fdn","Near Mint","English","","","","591","False","False",""
"1","0","Gateway Sneak","fdn","Near Mint","English","","","","592","False","False",""
"1","0","Harbinger of the Tides","fdn","Near Mint","English","","","","593","False","False",""
"1","0","River's Rebuke","fdn","Near Mint","English","","","","595","False","False",""
"1","0","Shipwreck Dowser","fdn","Near Mint","English","","","","596","False","False",""
"1","0","Tempest Djinn","fdn","Near Mint","English","","","","598","False","False",""
"1","0","Voracious Greatshark","fdn","Near Mint","English","","","","600","False","False",""
"1","0","Deathmark","fdn","Near Mint","English","","","","601","False","False",""
"1","0","Demonic Pact","fdn","Near Mint","English","","","","602","False","False",""
"1","0","Desecration Demon","fdn","Near Mint","English","","","","603","False","False",""
"1","0","Dread Summons","fdn","Near Mint","English","","","","604","False","False",""
"1","0","Knight of Malice","fdn","Near Mint","English","","","","608","False","False",""
"1","0","Midnight Reaper","fdn","Near Mint","English","","","","609","False","False",""
"1","0","Myojin of Night's Reach","fdn","Near Mint","English","","","","610","False","False",""
"1","0","Sanguine Indulgence","fdn","Near Mint","English","","","","613","False","False",""
"1","0","Wishclaw Talisman","fdn","Near Mint","English","","","","617","False","False",""
"1","0","Ball Lightning","fdn","Near Mint","English","","","","618","False","False",""
"1","0","Bolt Bend","fdn","Near Mint","English","","","","619","False","False",""
"1","0","Crash Through","fdn","Near Mint","English","","","","620","False","False",""
"1","0","Dragonmaster Outcast","fdn","Near Mint","English","","","","622","False","False",""
"1","0","Ghitu Lavarunner","fdn","Near Mint","English","","","","623","False","False",""
"1","0","Giant Cindermaw","fdn","Near Mint","English","","","","624","False","False",""
"1","0","Harmless Offering","fdn","Near Mint","English","","","","625","False","False",""
"1","0","Hoarding Dragon","fdn","Near Mint","English","","","","626","False","False",""
"1","0","Lathliss, Dragon Queen","fdn","Near Mint","English","","","","627","False","False",""
"1","0","Obliterating Bolt","fdn","Near Mint","English","","","","629","False","False",""
"1","0","Ravenous Giant","fdn","Near Mint","English","","","","630","False","False",""
"1","0","Stromkirk Noble","fdn","Near Mint","English","","","","632","False","False",""
"1","0","Taurean Mauler","fdn","Near Mint","English","","","","633","False","False",""
"1","0","Viashino Pyromancer","fdn","Near Mint","English","","","","634","False","False",""
"2","0","Circuitous Route","fdn","Near Mint","English","","","","635","False","False",""
"1","0","Fierce Empath","fdn","Near Mint","English","","","","636","False","False",""
"1","0","Fynn, the Fangbearer","fdn","Near Mint","English","","","","637","False","False",""
"1","0","Gnarlback Rhino","fdn","Near Mint","English","","","","638","False","False",""
"1","0","Heroes' Bane","fdn","Near Mint","English","","","","639","False","False",""
"1","0","Mold Adder","fdn","Near Mint","English","","","","640","False","False",""
"1","0","Ordeal of Nylea","fdn","Near Mint","English","","","","641","False","False",""
"1","0","Predator Ooze","fdn","Near Mint","English","","","","642","False","False",""
"1","0","Primal Might","fdn","Near Mint","English","","","","643","False","False",""
"1","0","Rampaging Baloths","fdn","Near Mint","English","","","","645","False","False",""
"1","0","Springbloom Druid","fdn","Near Mint","English","","","","646","False","False",""
"1","0","Surrak, the Hunt Caller","fdn","Near Mint","English","","","","647","False","False",""
"1","0","Venom Connoisseur","fdn","Near Mint","English","","","","648","False","False",""
"1","0","Vizier of the Menagerie","fdn","Near Mint","English","","","","649","False","False",""
"1","0","Wildborn Preserver","fdn","Near Mint","English","","","","650","False","False",""
"1","0","Aurelia, the Warleader","fdn","Near Mint","English","","","","651","False","False",""
"1","0","Cloudblazer","fdn","Near Mint","English","","","","653","False","False",""
"1","0","Deadly Brew","fdn","Near Mint","English","","","","654","False","False",""
"1","0","Drogskol Reaver","fdn","Near Mint","English","","","","655","False","False",""
"1","0","Dryad Militant","fdn","Near Mint","English","","","","656","False","False",""
"1","0","Enigma Drake","fdn","Near Mint","English","","","","657","False","False",""
"1","0","Garna, Bloodfist of Keld","fdn","Near Mint","English","","","","658","False","False",""
"1","0","Halana and Alena, Partners","fdn","Near Mint","English","","","","659","False","False",""
"1","0","Immersturm Predator","fdn","Near Mint","English","","","","660","False","False",""
"1","0","Mortify","fdn","Near Mint","English","","","","662","False","False",""
"1","0","Ovika, Enigma Goliath","fdn","Near Mint","English","","","","663","False","False",""
"1","0","Prime Speaker Zegana","fdn","Near Mint","English","","","","664","False","False",""
"1","0","Savage Ventmaw","fdn","Near Mint","English","","","","665","False","False",""
"1","0","Teach by Example","fdn","Near Mint","English","","","","666","False","False",""
"1","0","Trygon Predator","fdn","Near Mint","English","","","","667","False","False",""
"1","0","Wilt-Leaf Liege","fdn","Near Mint","English","","","","668","False","False",""
"1","0","Cultivator's Caravan","fdn","Near Mint","English","","","","670","False","False",""
"1","0","Darksteel Colossus","fdn","Near Mint","English","","","","671","False","False",""
"1","0","Feldon's Cane","fdn","Near Mint","English","","","","673","False","False",""
"1","0","Fireshrieker","fdn","Near Mint","English","","","","674","False","False",""
"1","0","Gate Colossus","fdn","Near Mint","English","","","","675","False","False",""
"1","0","Mazemind Tome","fdn","Near Mint","English","","","","676","False","False",""
"1","0","Pyromancer's Goggles","fdn","Near Mint","English","","","","677","False","False",""
"1","0","Ramos, Dragon Engine","fdn","Near Mint","English","","","","678","False","False",""
"1","0","Sorcerous Spyglass","fdn","Near Mint","English","","","","679","False","False",""
"1","0","Soul-Guide Lantern","fdn","Near Mint","English","","","","680","False","False",""
"1","0","Steel Hellkite","fdn","Near Mint","English","","","","681","False","False",""
"1","0","Three Tree Mascot","fdn","Near Mint","English","","","","682","False","False",""
"1","0","Azorius Guildgate","fdn","Near Mint","English","","","","683","False","False",""
"1","0","Boros Guildgate","fdn","Near Mint","English","","","","684","False","False",""
"1","0","Crawling Barrens","fdn","Near Mint","English","","","","685","False","False",""
"1","0","Cryptic Caves","fdn","Near Mint","English","","","","686","False","False",""
"1","0","Demolition Field","fdn","Near Mint","English","","","","687","False","False",""
"1","0","Dimir Guildgate","fdn","Near Mint","English","","","","688","False","False",""
"1","0","Golgari Guildgate","fdn","Near Mint","English","","","","689","False","False",""
"1","0","Gruul Guildgate","fdn","Near Mint","English","","","","690","False","False",""
"1","0","Izzet Guildgate","fdn","Near Mint","English","","","","691","False","False",""
"1","0","Orzhov Guildgate","fdn","Near Mint","English","","","","692","False","False",""
"1","0","Rakdos Guildgate","fdn","Near Mint","English","","","","693","False","False",""
"1","0","Selesnya Guildgate","fdn","Near Mint","English","","","","694","False","False",""
"1","0","Simic Guildgate","fdn","Near Mint","English","","","","695","False","False",""
"1","0","Temple of Abandon","fdn","Near Mint","English","","","","696","False","False",""
"1","0","Temple of Enlightenment","fdn","Near Mint","English","","","","698","False","False",""
"1","0","Temple of Epiphany","fdn","Near Mint","English","","","","699","False","False",""
"1","0","Temple of Malice","fdn","Near Mint","English","","","","701","False","False",""
"1","0","Temple of Mystery","fdn","Near Mint","English","","","","702","False","False",""
"1","0","Temple of Triumph","fdn","Near Mint","English","","","","705","False","False",""
"1","0","Angel of Vitality","fdn","Near Mint","English","foil","","","706","False","False",""
"1","0","Lyra Dawnbringer","fdn","Near Mint","English","","","","707","False","False",""
"1","0","Make a Stand","fdn","Near Mint","English","foil","","","708","False","False",""
"1","0","Confiscate","fdn","Near Mint","English","foil","","","709","False","False",""
"1","0","Negate","fdn","Near Mint","English","foil","","","710","False","False",""
"1","0","Rite of Replication","fdn","Near Mint","English","foil","","","711","False","False",""
"1","0","Feed the Swarm","fdn","Near Mint","English","foil","","","712","False","False",""
"1","0","Massacre Wurm","fdn","Near Mint","English","foil","","","714","False","False",""
"1","0","Gratuitous Violence","fdn","Near Mint","English","foil","","","715","False","False",""
"1","0","Guttersnipe","fdn","Near Mint","English","foil","","","716","False","False",""
"1","0","Impact Tremors","fdn","Near Mint","English","foil","","","717","False","False",""
"1","0","Gigantosaurus","fdn","Near Mint","English","foil","","","718","False","False",""
"2","0","Imperious Perfect","fdn","Near Mint","English","foil","","","719","False","False",""
"1","0","Pelakka Wurm","fdn","Near Mint","English","foil","","","720","False","False",""
"1","0","Boros Charm","fdn","Near Mint","English","foil","","","721","False","False",""
"1","0","Unflinching Courage","fdn","Near Mint","English","foil","","","722","False","False",""
"1","0","Adaptive Automaton","fdn","Near Mint","English","foil","","","723","False","False",""
"1","0","Expedition Map","fdn","Near Mint","English","foil","","","724","False","False",""
"1","0","Gilded Lotus","fdn","Near Mint","English","foil","","","725","False","False",""
"1","0","Hedron Archive","fdn","Near Mint","English","foil","","","726","False","False",""
"1","0","Maze's End","fdn","Near Mint","English","foil","","","727","False","False",""
"3","0","Hinterland Sanctifier","fdn","Near Mint","English","","","","730","False","False",""
"2","0","Dazzling Angel","fdn","Near Mint","English","","","","732","False","False",""
"2","0","Dazzling Angel","fdn","Near Mint","English","","","","732","False","False",""
"1","0","Exemplar of Light","fdn","Near Mint","English","","","","733","False","False",""
"1","0","Exemplar of Light","fdn","Near Mint","English","","","","733","False","False",""
"1","0","Healer's Hawk","fdn","Near Mint","English","","","","734","False","False",""
"1","0","Healer's Hawk","fdn","Near Mint","English","","","","734","False","False",""
"3","0","Inspiring Overseer","fdn","Near Mint","English","","","","736","False","False",""
"1","0","Lyra Dawnbringer","fdn","Near Mint","English","","","","738","False","False",""
"1","0","Arcanis the Omnipotent","fdn","Near Mint","English","","","","741","False","False",""
"2","0","Icewind Elemental","fdn","Near Mint","English","","","","742","False","False",""
"2","0","Icewind Elemental","fdn","Near Mint","English","","","","742","False","False",""
"1","0","Mocking Sprite","fdn","Near Mint","English","","","","744","False","False",""
"3","0","Mocking Sprite","fdn","Near Mint","English","","","","744","False","False",""
"1","0","Rune-Sealed Wall","fdn","Near Mint","English","","","","745","False","False",""
"1","0","Rune-Sealed Wall","fdn","Near Mint","English","","","","745","False","False",""
"2","0","Spectral Sailor","fdn","Near Mint","English","","","","746","False","False",""
"1","0","Sphinx of the Final Word","fdn","Near Mint","English","","","","747","False","False",""
"1","0","Strix Lookout","fdn","Near Mint","English","","","","748","False","False",""
"1","0","Strix Lookout","fdn","Near Mint","English","","","","748","False","False",""
"1","0","Unsummon","fdn","Near Mint","English","","","","750","False","False",""
"1","0","Gatekeeper of Malakir","fdn","Near Mint","English","","","","752","False","False",""
"1","0","Kalastria Highborn","fdn","Near Mint","English","","","","753","False","False",""
"2","0","Vampire Soulcaller","fdn","Near Mint","English","","","","758","False","False",""
"1","0","Elvish Farmer","fem","Near Mint","English","","","","66","False","False",""
"1","0","Cloud, Ex-SOLDIER","fic","Near Mint","English","","","","2","False","False",""
"1","0","Tidus, Yuna's Guardian","fic","Near Mint","English","","","","5","False","False",""
"1","0","Tifa, Martial Artist","fic","Near Mint","English","","","","6","False","False",""
"1","0","Yuna, Grand Summoner","fic","Near Mint","English","foil","","","8","False","False",""
"1","0","Auron, Venerated Guardian","fic","Near Mint","English","","","","10","False","False",""
"1","0","Chocobo Knights","fic","Near Mint","English","","","","12","False","False",""
"1","0","Cid, Freeflier Pilot","fic","Near Mint","English","","","","13","False","False",""
"1","0","Cloud's Limit Break","fic","Near Mint","English","","","","14","False","False",""
"1","0","Elena, Turk Recruit","fic","Near Mint","English","","","","18","False","False",""
"1","0","Gatta and Luzzu","fic","Near Mint","English","","","","19","False","False",""
"1","0","Heidegger, Shinra Executive","fic","Near Mint","English","","","","21","False","False",""
"1","0","Helitrooper","fic","Near Mint","English","","","","22","False","False",""
"1","0","Lord Jyscal Guado","fic","Near Mint","English","","","","23","False","False",""
"1","0","Protection Magic","fic","Near Mint","English","","","","24","False","False",""
"1","0","SOLDIER Military Program","fic","Near Mint","English","","","","25","False","False",""
"1","0","Summon: Ixion","fic","Near Mint","English","","","","27","False","False",""
"1","0","Summon: Yojimbo","fic","Near Mint","English","","","","28","False","False",""
"1","0","Summoner's Sending","fic","Near Mint","English","","","","29","False","False",""
"1","0","Ultimate Magic: Holy","fic","Near Mint","English","","","","32","False","False",""
"1","0","Blitzball Stadium","fic","Near Mint","English","","","","34","False","False",""
"1","0","Lulu, Stern Guardian","fic","Near Mint","English","","","","38","False","False",""
"1","0","O'aka, Traveling Merchant","fic","Near Mint","English","","","","39","False","False",""
"1","0","Rikku, Resourceful Guardian","fic","Near Mint","English","","","","41","False","False",""
"1","0","Summon: Valefor","fic","Near Mint","English","","","","42","False","False",""
"1","0","Avalanche of Sector 7","fic","Near Mint","English","","","","53","False","False",""
"1","0","Cait Sith, Fortune Teller","fic","Near Mint","English","","","","54","False","False",""
"1","0","Summon: Kujata","fic","Near Mint","English","","","","61","False","False",""
"1","0","Ultimate Magic: Meteor","fic","Near Mint","English","","","","62","False","False",""
"1","0","Vincent, Vengeful Atoner","fic","Near Mint","English","","","","64","False","False",""
"1","0","Yuffie, Materia Hunter","fic","Near Mint","English","","","","65","False","False",""
"1","0","Bugenhagen, Wise Elder","fic","Near Mint","English","","","","66","False","False",""
"1","0","Lifestream's Blessing","fic","Near Mint","English","","","","67","False","False",""
"1","0","Maester Seymour","fic","Near Mint","English","","","","68","False","False",""
"1","0","Professor Hojo","fic","Near Mint","English","","","","69","False","False",""
"1","0","Sphere Grid","fic","Near Mint","English","","","","70","False","False",""
"1","0","Summon: Magus Sisters","fic","Near Mint","English","","","","71","False","False",""
"1","0","Summoning Materia","fic","Near Mint","English","","","","72","False","False",""
"1","0","Tromell, Seymour's Butler","fic","Near Mint","English","","","","73","False","False",""
"1","0","Yuna's Decision","fic","Near Mint","English","","","","74","False","False",""
"1","0","Yuna's Whistle","fic","Near Mint","English","","","","75","False","False",""
"1","0","Aerith, Last Ancient","fic","Near Mint","English","","","","76","False","False",""
"1","0","Barret, Avalanche Leader","fic","Near Mint","English","","","","79","False","False",""
"1","0","Kimahri, Valiant Guardian","fic","Near Mint","English","","","","85","False","False",""
"1","0","Red XIII, Proud Warrior","fic","Near Mint","English","","","","91","False","False",""
"1","0","Sephiroth, Fallen Hero","fic","Near Mint","English","","","","92","False","False",""
"1","0","Shelinda, Yevon Acolyte","fic","Near Mint","English","","","","94","False","False",""
"1","0","Sin, Unending Cataclysm","fic","Near Mint","English","","","","95","False","False",""
"1","0","Wakka, Devoted Guardian","fic","Near Mint","English","","","","97","False","False",""
"1","0","Conformer Shuriken","fic","Near Mint","English","","","","98","False","False",""
"1","0","Wrecking Ball Arm","fic","Near Mint","English","","","","100","False","False",""
"1","0","Helitrooper","fic","Near Mint","English","","","","106","False","False",""
"1","0","Espers to Magicite","fic","Near Mint","English","","","","114","False","False",""
"1","0","Tataru Taru","fic","Near Mint","English","","","","138","False","False",""
"1","0","Wakka, Devoted Guardian","fic","Near Mint","English","","","","190","False","False",""
"1","0","Austere Command","fic","Near Mint","English","","","","231","False","False",""
"1","0","Bastion Protector","fic","Near Mint","English","","","","233","False","False",""
"1","0","Bronze Guardian","fic","Near Mint","English","","","","234","False","False",""
"1","0","Clever Concealment","fic","Near Mint","English","","","","236","False","False",""
"1","0","Collective Effort","fic","Near Mint","English","","","","237","False","False",""
"1","0","Damning Verdict","fic","Near Mint","English","","","","239","False","False",""
"1","0","Destroy Evil","fic","Near Mint","English","","","","240","False","False",""
"1","0","Dispatch","fic","Near Mint","English","","","","241","False","False",""
"1","0","Farewell","fic","Near Mint","English","","","","242","False","False",""
"1","0","Farewell","fic","Near Mint","English","","","","242","False","False",""
"1","0","Grateful Apparition","fic","Near Mint","English","","","","244","False","False",""
"1","0","Luminous Broodmoth","fic","Near Mint","English","","","","246","False","False",""
"1","0","Path to Exile","fic","Near Mint","English","","","","248","False","False",""
"1","0","Promise of Loyalty","fic","Near Mint","English","","","","249","False","False",""
"1","0","Puresteel Paladin","fic","Near Mint","English","","","","250","False","False",""
"1","0","Resourceful Defense","fic","Near Mint","English","","","","251","False","False",""
"1","0","Scholar of New Horizons","fic","Near Mint","English","","","","252","False","False",""
"1","0","Secret Rendezvous","fic","Near Mint","English","","","","253","False","False",""
"1","0","Sunscorch Regent","fic","Near Mint","English","","","","255","False","False",""
"1","0","Together Forever","fic","Near Mint","English","","","","257","False","False",""
"1","0","Unfinished Business","fic","Near Mint","English","","","","259","False","False",""
"1","0","Vanquish the Horde","fic","Near Mint","English","","","","260","False","False",""
"1","0","Chasm Skulker","fic","Near Mint","English","","","","262","False","False",""
"1","0","Inexorable Tide","fic","Near Mint","English","","","","265","False","False",""
"1","0","An Offer You Can't Refuse","fic","Near Mint","English","","","","267","False","False",""
"1","0","Pull from Tomorrow","fic","Near Mint","English","","","","269","False","False",""
"1","0","Chaos Warp","fic","Near Mint","English","","","","291","False","False",""
"1","0","Furious Rise","fic","Near Mint","English","","","","294","False","False",""
"1","0","Hellkite Tyrant","fic","Near Mint","English","","","","295","False","False",""
"1","0","Professional Face-Breaker","fic","Near Mint","English","","","","296","False","False",""
"1","0","Vandalblast","fic","Near Mint","English","","","","298","False","False",""
"1","0","Bane of Progress","fic","Near Mint","English","","","","299","False","False",""
"1","0","Cultivate","fic","Near Mint","English","","","","300","False","False",""
"1","0","Duskshell Crawler","fic","Near Mint","English","","","","301","False","False",""
"1","0","Farseek","fic","Near Mint","English","","","","302","False","False",""
"1","0","Fight Rigging","fic","Near Mint","English","","","","303","False","False",""
"1","0","Forgotten Ancient","fic","Near Mint","English","","","","304","False","False",""
"1","0","Generous Patron","fic","Near Mint","English","","","","305","False","False",""
"1","0","Gyre Sage","fic","Near Mint","English","","","","306","False","False",""
"1","0","Hardened Scales","fic","Near Mint","English","","","","307","False","False",""
"1","0","Harmonize","fic","Near Mint","English","","","","308","False","False",""
"1","0","Incubation Druid","fic","Near Mint","English","","","","309","False","False",""
"1","0","Inspiring Call","fic","Near Mint","English","","","","310","False","False",""
"1","0","Nature's Lore","fic","Near Mint","English","","","","311","False","False",""
"1","0","Path of Discovery","fic","Near Mint","English","","","","312","False","False",""
"1","0","Path of Discovery","fic","Near Mint","English","","","","312","False","False",""
"1","0","Rampant Growth","fic","Near Mint","English","","","","313","False","False",""
"1","0","Rampant Rejuvenator","fic","Near Mint","English","","","","314","False","False",""
"1","0","Three Visits","fic","Near Mint","English","","","","315","False","False",""
"1","0","Three Visits","fic","Near Mint","English","","","","315","False","False",""
"1","0","Tireless Tracker","fic","Near Mint","English","","","","316","False","False",""
"1","0","Altered Ego","fic","Near Mint","English","","","","317","False","False",""
"1","0","Behemoth Sledge","fic","Near Mint","English","","","","320","False","False",""
"1","0","Bred for the Hunt","fic","Near Mint","English","","","","321","False","False",""
"1","0","Decimate","fic","Near Mint","English","","","","323","False","False",""
"1","0","Endless Detour","fic","Near Mint","English","","","","324","False","False",""
"1","0","Fathom Mage","fic","Near Mint","English","","","","325","False","False",""
"1","0","Arcane Signet","fic","Near Mint","English","","","","333","False","False",""
"1","0","Arcane Signet","fic","Near Mint","English","","","","334","False","False",""
"1","0","Armory Automaton","fic","Near Mint","English","","","","336","False","False",""
"1","0","Champion's Helm","fic","Near Mint","English","","","","337","False","False",""
"1","0","Colossus Hammer","fic","Near Mint","English","","","","338","False","False",""
"1","0","Conqueror's Flail","fic","Near Mint","English","","","","340","False","False",""
"1","0","Darksteel Plate","fic","Near Mint","English","","","","342","False","False",""
"1","0","Everflowing Chalice","fic","Near Mint","English","","","","343","False","False",""
"1","0","Explorer's Scope","fic","Near Mint","English","","","","344","False","False",""
"1","0","Hero's Blade","fic","Near Mint","English","","","","345","False","False",""
"1","0","Hero's Heirloom","fic","Near Mint","English","","","","346","False","False",""
"1","0","Inspiring Statuary","fic","Near Mint","English","","","","347","False","False",""
"1","0","Lightning Greaves","fic","Near Mint","English","","","","349","False","False",""
"1","0","Mask of Memory","fic","Near Mint","English","","","","350","False","False",""
"1","0","Skullclamp","fic","Near Mint","English","","","","355","False","False",""
"1","0","Sol Ring","fic","Near Mint","English","","","","356","False","False",""
"1","0","Sol Ring","fic","Near Mint","English","","","","357","False","False",""
"1","0","Sol Ring","fic","Near Mint","English","","","","358","False","False",""
"1","0","Sword of the Animist","fic","Near Mint","English","","","","362","False","False",""
"1","0","Sword of the Animist","fic","Near Mint","English","","","","362","False","False",""
"1","0","Trailblazer's Boots","fic","Near Mint","English","","","","370","False","False",""
"1","0","Walking Ballista","fic","Near Mint","English","","","","371","False","False",""
"1","0","Ash Barrens","fic","Near Mint","English","","","","374","False","False",""
"1","0","Ash Barrens","fic","Near Mint","English","","","","374","False","False",""
"1","0","Battlefield Forge","fic","Near Mint","English","","","","375","False","False",""
"1","0","Bonders' Enclave","fic","Near Mint","English","","","","376","False","False",""
"1","0","Brushland","fic","Near Mint","English","","","","377","False","False",""
"1","0","Brushland","fic","Near Mint","English","","","","377","False","False",""
"1","0","Canopy Vista","fic","Near Mint","English","","","","378","False","False",""
"1","0","Canopy Vista","fic","Near Mint","English","","","","378","False","False",""
"1","0","Cinder Glade","fic","Near Mint","English","","","","380","False","False",""
"1","0","Clifftop Retreat","fic","Near Mint","English","","","","381","False","False",""
"1","0","Dragonskull Summit","fic","Near Mint","English","","","","387","False","False",""
"1","0","Evolving Wilds","fic","Near Mint","English","","","","389","False","False",""
"1","0","Evolving Wilds","fic","Near Mint","English","","","","389","False","False",""
"1","0","Evolving Wilds","fic","Near Mint","English","","","","389","False","False",""
"1","0","Exotic Orchard","fic","Near Mint","English","","","","390","False","False",""
"1","0","Exotic Orchard","fic","Near Mint","English","","","","390","False","False",""
"1","0","Fire-Lit Thicket","fic","Near Mint","English","","","","392","False","False",""
"1","0","Flooded Grove","fic","Near Mint","English","","","","393","False","False",""
"1","0","Forge of Heroes","fic","Near Mint","English","","","","395","False","False",""
"1","0","Fortified Village","fic","Near Mint","English","","","","396","False","False",""
"1","0","Fortified Village","fic","Near Mint","English","","","","396","False","False",""
"1","0","Furycalm Snarl","fic","Near Mint","English","","","","397","False","False",""
"1","0","Game Trail","fic","Near Mint","English","","","","398","False","False",""
"1","0","Glacial Fortress","fic","Near Mint","English","","","","400","False","False",""
"1","0","Graven Cairns","fic","Near Mint","English","","","","401","False","False",""
"1","0","Hinterland Harbor","fic","Near Mint","English","","","","403","False","False",""
"1","0","Idyllic Beachfront","fic","Near Mint","English","","","","404","False","False",""
"1","0","Jungle Shrine","fic","Near Mint","English","","","","406","False","False",""
"1","0","Mossfire Valley","fic","Near Mint","English","","","","407","False","False",""
"1","0","Nesting Grounds","fic","Near Mint","English","","","","408","False","False",""
"1","0","Overflowing Basin","fic","Near Mint","English","","","","410","False","False",""
"1","0","Path of Ancestry","fic","Near Mint","English","","","","411","False","False",""
"1","0","Path of Ancestry","fic","Near Mint","English","","","","411","False","False",""
"1","0","Port Town","fic","Near Mint","English","","","","412","False","False",""
"1","0","Prairie Stream","fic","Near Mint","English","","","","413","False","False",""
"1","0","Radiant Grove","fic","Near Mint","English","","","","414","False","False",""
"1","0","Radiant Grove","fic","Near Mint","English","","","","414","False","False",""
"1","0","Rogue's Passage","fic","Near Mint","English","","","","415","False","False",""
"1","0","Rootbound Crag","fic","Near Mint","English","","","","416","False","False",""
"1","0","Rugged Prairie","fic","Near Mint","English","","","","417","False","False",""
"1","0","Sacred Peaks","fic","Near Mint","English","","","","418","False","False",""
"1","0","Scavenger Grounds","fic","Near Mint","English","","","","419","False","False",""
"1","0","Seaside Citadel","fic","Near Mint","English","","","","420","False","False",""
"1","0","Shadowblood Ridge","fic","Near Mint","English","","","","421","False","False",""
"1","0","Skycloud Expanse","fic","Near Mint","English","","","","423","False","False",""
"1","0","Slayers' Stronghold","fic","Near Mint","English","","","","424","False","False",""
"1","0","Smoldering Marsh","fic","Near Mint","English","","","","425","False","False",""
"1","0","Spire of Industry","fic","Near Mint","English","","","","426","False","False",""
"1","0","Sulfurous Springs","fic","Near Mint","English","","","","427","False","False",""
"1","0","Sungrass Prairie","fic","Near Mint","English","","","","428","False","False",""
"1","0","Sungrass Prairie","fic","Near Mint","English","","","","428","False","False",""
"1","0","Sunpetal Grove","fic","Near Mint","English","","","","432","False","False",""
"1","0","Sunpetal Grove","fic","Near Mint","English","","","","432","False","False",""
"1","0","Sunscorched Divide","fic","Near Mint","English","","","","433","False","False",""
"1","0","Tangled Islet","fic","Near Mint","English","","","","434","False","False",""
"1","0","Temple of Enlightenment","fic","Near Mint","English","","","","435","False","False",""
"1","0","Temple of Mystery","fic","Near Mint","English","","","","436","False","False",""
"1","0","Temple of Plenty","fic","Near Mint","English","","","","437","False","False",""
"1","0","Temple of the False God","fic","Near Mint","English","","","","438","False","False",""
"1","0","Vineglimmer Snarl","fic","Near Mint","English","","","","440","False","False",""
"1","0","Wooded Ridgeline","fic","Near Mint","English","","","","441","False","False",""
"1","0","Garland, Royal Kidnapper","fic","Near Mint","English","","","","442","False","False",""
"1","0","The Destined Warrior","fic","Near Mint","English","","","","443","False","False",""
"1","0","The Destined White Mage","fic","Near Mint","English","","","","444","False","False",""
"1","0","Chaos Shrine's Black Crystal","fic","Near Mint","English","","","","445","False","False",""
"1","0","The Destined Thief","fic","Near Mint","English","","","","446","False","False",""
"1","0","The Destined Black Mage","fic","Near Mint","English","","","","447","False","False",""
"1","0","Edea, Possessed Sorceress","fic","Near Mint","English","","","","448","False","False",""
"1","0","Fated Clash","fic","Near Mint","English","","","","449","False","False",""
"1","0","Rinoa, Angel Wing","fic","Near Mint","English","","","","450","False","False",""
"1","0","Seifer, Balamb Rival","fic","Near Mint","English","","","","451","False","False",""
"1","0","Duelist's Flame","fic","Near Mint","English","","","","452","False","False",""
"1","0","Squall, Gunblade Duelist","fic","Near Mint","English","","","","453","False","False",""
"1","0","Brilliant Wings","fic","Near Mint","English","","","","454","False","False",""
"1","0","Judgment of Alexander","fic","Near Mint","English","","","","455","False","False",""
"1","0","Mega Flare","fic","Near Mint","English","","","","456","False","False",""
"1","0","Amarant Coral","fic","Near Mint","English","","","","457","False","False",""
"1","0","Vivi's Persistence","fic","Near Mint","English","","","","458","False","False",""
"1","0","Search for Dagger","fic","Near Mint","English","","","","459","False","False",""
"1","0","Noctis, Heir Apparent","fic","Near Mint","English","","","","460","False","False",""
"1","0","Fishing Gear","fic","Near Mint","English","","","","461","False","False",""
"1","0","Chocobo Camp","fic","Near Mint","English","","","","462","False","False",""
"1","0","Flash Photography","fic","Near Mint","English","","","","463","False","False",""
"1","0","Campsite Cuisine","fic","Near Mint","English","","","","464","False","False",""
"1","0","Warrior's Resolve","fic","Near Mint","English","","","","465","False","False",""
"1","0","Command Tower","fic","Near Mint","English","","","","485","False","False",""
"1","0","Command Tower","fic","Near Mint","English","","","","486","False","False",""
"1","0","Aerith Rescue Mission","fin","Near Mint","English","","","","5","False","False",""
"2","0","Ashe, Princess of Dalmasca","fin","Near Mint","English","","","","7","False","False",""
"1","0","Battle Menu","fin","Near Mint","English","","","","9","False","False",""
"2","0","Crystal Fragments // Summon: Alexander","fin","Near Mint","English","","","","13","False","False",""
"1","0","Dwarven Castle Guard","fin","Near Mint","English","","","","18","False","False",""
"1","0","Fate of the Sun-Cryst","fin","Near Mint","English","","","","19","False","False",""
"1","0","G'raha Tia","fin","Near Mint","English","","","","21","False","False",""
"1","0","Magitek Armor","fin","Near Mint","English","","","","24","False","False",""
"1","0","Magitek Infantry","fin","Near Mint","English","","","","25","False","False",""
"3","0","Paladin's Arms","fin","Near Mint","English","","","","28","False","False",""
"1","0","Phoenix Down","fin","Near Mint","English","","","","29","False","False",""
"1","0","Restoration Magic","fin","Near Mint","English","","","","30","False","False",""
"1","0","Sidequest: Catch a Fish // Cooking Campsite","fin","Near Mint","English","","","","31","False","False",""
"1","0","Slash of Light","fin","Near Mint","English","","","","32","False","False",""
"1","0","Snow Villiers","fin","Near Mint","English","","","","33","False","False",""
"2","0","Summon: Choco/Mog","fin","Near Mint","English","","","","35","False","False",""
"2","0","White Mage's Staff","fin","Near Mint","English","","","","42","False","False",""
"1","0","Zack Fair","fin","Near Mint","English","","","","45","False","False",""
"3","0","Combat Tutorial","fin","Near Mint","English","","","","48","False","False",""
"2","0","Dragoon's Wyvern","fin","Near Mint","English","","","","49","False","False",""
"1","0","Dreams of Laguna","fin","Near Mint","English","","","","50","False","False",""
"2","0","Eject","fin","Near Mint","English","","","","52","False","False",""
"2","0","Ice Flan","fin","Near Mint","English","","","","55","False","False",""
"1","0","Ice Magic","fin","Near Mint","English","","","","56","False","False",""
"1","0","Il Mheg Pixie","fin","Near Mint","English","","","","57","False","False",""
"2","0","Qiqirn Merchant","fin","Near Mint","English","","","","65","False","False",""
"1","0","Relm's Sketching","fin","Near Mint","English","","","","67","False","False",""
"1","0","Retrieve the Esper","fin","Near Mint","English","","","","68","False","False",""
"1","0","Rook Turret","fin","Near Mint","English","","","","69","False","False",""
"1","0","Sage's Nouliths","fin","Near Mint","English","","","","70","False","False",""
"2","0","Sahagin","fin","Near Mint","English","","","","71","False","False",""
"2","0","Syncopate","fin","Near Mint","English","","","","80","False","False",""
"1","0","Thief's Knife","fin","Near Mint","English","","","","81","False","False",""
"1","0","Y'shtola Rhul","fin","Near Mint","English","","","","86","False","False",""
"1","0","Ahriman","fin","Near Mint","English","","","","87","False","False",""
"4","0","Black Mage's Rod","fin","Near Mint","English","","","","90","False","False",""
"1","0","Cornered by Black Mages","fin","Near Mint","English","","","","93","False","False",""
"3","0","Cornered by Black Mages","fin","Near Mint","English","","","","93","False","False",""
"1","0","Demon Wall","fin","Near Mint","English","","","","97","False","False",""
"1","0","Fang, Fearless l'Cie","fin","Near Mint","English","","","","99","False","False",""
"1","0","Gaius van Baelsar","fin","Near Mint","English","","","","102","False","False",""
"1","0","Hecteyes","fin","Near Mint","English","","","","103","False","False",""
"1","0","Malboro","fin","Near Mint","English","","","","106","False","False",""
"1","0","Namazu Trader","fin","Near Mint","English","","","","107","False","False",""
"1","0","Overkill","fin","Near Mint","English","","","","109","False","False",""
"1","0","Poison the Waters","fin","Near Mint","English","","","","111","False","False",""
"1","0","Qutrub Forayer","fin","Near Mint","English","","","","112","False","False",""
"1","0","Resentful Revelation","fin","Near Mint","English","","","","114","False","False",""
"1","0","Sephiroth's Intervention","fin","Near Mint","English","","","","116","False","False",""
"1","0","Tonberry","fin","Near Mint","English","","","","122","False","False",""
"3","0","Undercity Dire Rat","fin","Near Mint","English","","","","123","False","False",""
"2","0","Vayne's Treachery","fin","Near Mint","English","","","","124","False","False",""
"2","0","Vincent's Limit Break","fin","Near Mint","English","","","","126","False","False",""
"1","0","Barret Wallace","fin","Near Mint","English","","","","129","False","False",""
"1","0","Coral Sword","fin","Near Mint","English","","","","134","False","False",""
"1","0","Fire Magic","fin","Near Mint","English","","","","136","False","False",""
"2","0","Freya Crescent","fin","Near Mint","English","","","","138","False","False",""
"1","0","Hill Gigas","fin","Near Mint","English","","","","141","False","False",""
"2","0","Item Shopkeep","fin","Near Mint","English","","","","142","False","False",""
"1","0","Light of Judgment","fin","Near Mint","English","","","","144","False","False",""
"1","0","Mysidian Elder","fin","Near Mint","English","","","","145","False","False",""
"1","0","Opera Love Song","fin","Near Mint","English","","","","147","False","False",""
"1","0","Random Encounter","fin","Near Mint","English","","","","150","False","False",""
"1","0","Raubahn, Bull of Ala Mhigo","fin","Near Mint","English","","","","151","False","False",""
"1","0","Red Mage's Rapier","fin","Near Mint","English","","","","152","False","False",""
"2","0","Sabotender","fin","Near Mint","English","","","","153","False","False",""
"1","0","Sandworm","fin","Near Mint","English","","","","155","False","False",""
"1","0","Self-Destruct","fin","Near Mint","English","","","","157","False","False",""
"1","0","Summon: G.F. Cerberus","fin","Near Mint","English","","","","162","False","False",""
"1","0","Summon: G.F. Ifrit","fin","Near Mint","English","","","","163","False","False",""
"1","0","Suplex","fin","Near Mint","English","","","","164","False","False",""
"2","0","Thunder Magic","fin","Near Mint","English","","","","165","False","False",""
"1","0","Warrior's Sword","fin","Near Mint","English","","","","169","False","False",""
"1","0","Airship Crash","fin","Near Mint","English","","","","171","False","False",""
"2","0","Balamb T-Rexaur","fin","Near Mint","English","","","","173","False","False",""
"1","0","Bard's Bow","fin","Near Mint","English","","","","174","False","False",""
"1","0","Bartz and Boko","fin","Near Mint","English","","","","175","False","False",""
"2","0","Blitzball Shot","fin","Near Mint","English","","","","176","False","False",""
"1","0","Chocobo Kick","fin","Near Mint","English","","","","178","False","False",""
"1","0","Clash of the Eikons","fin","Near Mint","English","","","","180","False","False",""
"2","0","Commune with Beavers","fin","Near Mint","English","","","","182","False","False",""
"1","0","Gigantoad","fin","Near Mint","English","","","","187","False","False",""
"1","0","Goobbue Gardener","fin","Near Mint","English","","","","188","False","False",""
"1","0","Prishe's Wanderings","fin","Near Mint","English","","","","193","False","False",""
"2","0","Reach the Horizon","fin","Near Mint","English","","","","195","False","False",""
"1","0","Sazh Katzroy","fin","Near Mint","English","","","","199","False","False",""
"2","0","Summon: Fat Chocobo","fin","Near Mint","English","","","","202","False","False",""
"1","0","Summon: Fenrir","fin","Near Mint","English","","","","203","False","False",""
"2","0","Tifa's Limit Break","fin","Near Mint","English","","","","207","False","False",""
"1","0","Town Greeter","fin","Near Mint","English","","","","209","False","False",""
"1","0","The Emperor of Palamecia // The Lord Master of Hell","fin","Near Mint","English","","","","219","False","False",""
"1","0","Giott, King of the Dwarves","fin","Near Mint","English","","","","223","False","False",""
"1","0","Jenova, Ancient Calamity","fin","Near Mint","English","","","","228","False","False",""
"1","0","Joshua, Phoenix's Dominant // Phoenix, Warden of Fire","fin","Near Mint","English","","","","229","False","False",""
"1","0","Judge Magister Gabranth","fin","Near Mint","English","","","","230","False","False",""
"1","0","Yuna, Hope of Spira","fin","Near Mint","English","","","","250","False","False",""
"1","0","Zidane, Tantalus Thief","fin","Near Mint","English","","","","251","False","False",""
"1","0","Blitzball","fin","Near Mint","English","","","","254","False","False",""
"1","0","Instant Ramen","fin","Near Mint","English","","","","259","False","False",""
"2","0","Iron Giant","fin","Near Mint","English","","","","260","False","False",""
"1","0","Magic Pot","fin","Near Mint","English","","","","263","False","False",""
"1","0","The Regalia","fin","Near Mint","English","","","","267","False","False",""
"1","0","World Map","fin","Near Mint","English","","","","270","False","False",""
"2","0","Adventurer's Inn","fin","Near Mint","English","","","","271","False","False",""
"1","0","Balamb Garden, SeeD Academy // Balamb Garden, Airborne","fin","Near Mint","English","","","","272","False","False",""
"1","0","Crossroads Village","fin","Near Mint","English","","","","276","False","False",""
"1","0","Gohn, Town of Ruin","fin","Near Mint","English","","","","278","False","False",""
"2","0","Insomnia, Crown City","fin","Near Mint","English","","","","282","False","False",""
"1","0","Rabanastre, Royal City","fin","Near Mint","English","","","","287","False","False",""
"3","0","Plains","fin","Near Mint","English","","","","294","False","False",""
"1","0","Plains","fin","Near Mint","English","","","","295","False","False",""
"3","0","Plains","fin","Near Mint","English","","","","296","False","False",""
"1","0","Island","fin","Near Mint","English","","","","297","False","False",""
"3","0","Island","fin","Near Mint","English","","","","298","False","False",""
"1","0","Swamp","fin","Near Mint","English","","","","301","False","False",""
"3","0","Mountain","fin","Near Mint","English","","","","303","False","False",""
"3","0","Forest","fin","Near Mint","English","","","","306","False","False",""
"2","0","Forest","fin","Near Mint","English","","","","306","False","False",""
"1","0","Forest","fin","Near Mint","English","","","","306","False","False",""
"3","0","Forest","fin","Near Mint","English","","","","307","False","False",""
"1","0","Forest","fin","Near Mint","English","","","","307","False","False",""
"2","0","Forest","fin","Near Mint","English","","","","308","False","False",""
"3","0","Forest","fin","Near Mint","English","","","","308","False","False",""
"2","0","Forest","fin","Near Mint","English","","","","308","False","False",""
"1","0","The Fire Crystal","fin","Near Mint","English","","","","337","False","True",""
"1","0","Tellah, Great Sage","fin","Near Mint","English","","","","349","False","False",""
"1","0","Summon: Bahamut","fin","Near Mint","English","","","","356","False","True",""
"1","0","Zack Fair","fin","Near Mint","English","","","","435","False","False",""
"1","0","Forest","fin","Near Mint","English","foil","","","576","False","False",""
"1","0","Circle of Power","fin","Near Mint","English","foil","","","583","False","False",""
"1","0","Soulfire Grand Master","frf","Near Mint","English","","","","27","False","False",""
"1","0","Monastery Siege","frf","Near Mint","English","","","","43","False","False",""
"1","0","Merciless Executioner","frf","Near Mint","English","","","","76","False","False",""
"1","0","Flamewake Phoenix","frf","Near Mint","English","","","","100","False","False",""
"1","0","Spirit en-Dal","fut","Near Mint","English","","","","17","False","False",""
"1","0","Mistmeadow Skulk","fut","Near Mint","English","","","","27","False","False",""
"1","0","Haze of Rage","fut","Near Mint","English","","","","100","False","True",""
"1","0","Grinning Ignus","fut","Near Mint","English","","","","116","False","True",""
"2","0","Argothian Enchantress","g03","Near Mint","English","foil","","","2","False","True",""
"1","0","Dark Confidant","g11","Near Mint","English","foil","","","6","False","True",""
"1","0","Electrickery","gk1","Near Mint","English","","","","29","False","False",""
"1","0","Boros Elite","gk1","Near Mint","English","","","","78","False","False",""
"1","0","Azorius Herald","gk2","Near Mint","English","","","","2","False","False",""
"1","0","Crypt Champion","gk2","Near Mint","English","","","","53","False","False",""
"1","0","Rapid Hybridization","gk2","Near Mint","English","","","","109","False","False",""
"1","0","Earthshaker Giant","gn2","Near Mint","English","foil","","","5","False","False",""
"1","0","Zamriel, Seraph of Steel","gn3","Near Mint","English","foil","","","1","False","True",""
"1","0","Forest","gn3","Near Mint","English","","","","136","False","False",""
"1","0","Eager Construct","gnt","Near Mint","English","","","","51","False","False",""
"1","0","Burglar Rat","grn","Near Mint","English","","","","64","False","False",""
"1","0","Dead Weight","grn","Near Mint","English","","","","67","False","False",""
"1","0","Runaway Steam-Kin","grn","Near Mint","English","","","","115","False","True",""
"1","0","Nullhide Ferox","grn","Near Mint","English","","","","138","False","False",""
"1","0","Expansion // Explosion","grn","Near Mint","English","","","","224","False","False",""
"1","0","Crypt Ghast","gtc","Near Mint","English","","","","61","False","True",""
"1","0","Bad Moon","gvl","Near Mint","English","","","","48","False","False",""
"1","0","Sliver Overlord","h09","Near Mint","English","foil","","","24","False","True",""
"1","0","Esper Sentinel","h2r","Near Mint","English","","","","2","False","False",""
"1","0","An-Havva Inn","hml","Near Mint","English","","","","82","False","False",""
"1","0","The Arkenstone // Seek the Heart","hob","Near Mint","English","","","","234","False","False",""
"1","0","Shepherd of Rot","hop","Near Mint","English","","","","40","False","False",""
"1","0","Shepherd of Rot","hop","Near Mint","English","","","","40","False","False",""
"1","0","Cabal Coffers","hop","Near Mint","English","","","","132","False","False",""
"1","0","Supreme Will","hou","Near Mint","English","","","","49","False","False",""
"1","0","Ipnu Rivulet","hou","Near Mint","English","","","","180","False","False",""
"1","0","Ramunap Ruins","hou","Near Mint","English","","","","181","False","False",""
"1","0","Survivors' Encampment","hou","Near Mint","English","","","","184","False","False",""
"2","0","Mystic Remora","ice","Near Mint","English","","","","87","False","True",""
"1","0","Dance of the Dead","ice","Near Mint","English","","","","118","False","False",""
"1","0","Splendor Mare","iko","Near Mint","English","","","","32","False","False",""
"1","0","Suffocating Fumes","iko","Near Mint","English","","","","100","False","False",""
"1","0","Suffocating Fumes","iko","Near Mint","English","","","","100","False","False",""
"1","0","Footfall Crater","iko","Near Mint","English","","","","118","False","False",""
"1","0","Sudden Spinnerets","iko","Near Mint","English","","","","171","False","False",""
"1","0","Titanoth Rex","iko","Near Mint","English","","","","174","False","False",""
"1","0","Wilt","iko","Near Mint","English","","","","176","False","False",""
"1","0","Skull Prophet","iko","Near Mint","English","","","","206","False","False",""
"1","0","Indatha Triome","iko","Near Mint","English","","","","248","False","True",""
"1","0","Faith Unbroken","inr","Near Mint","English","","","","21","False","False",""
"1","0","Ghoultree","inr","Near Mint","English","","","","198","False","False",""
"1","0","Bloodtithe Harvester","inr","Near Mint","English","","","","233","False","False",""
"1","0","Plague Spitter","inv","Near Mint","English","","","","119","False","False",""
"1","0","Chromatic Sphere","inv","Near Mint","English","","","","299","False","False",""
"1","0","Phyrexian Altar","inv","Near Mint","English","","","","306","False","False",""
"1","0","Tribute to Hunger","isd","Near Mint","English","","","","119","False","False",""
"1","0","Parallel Lives","isd","Near Mint","English","","","","199","False","True",""
"1","0","Parallel Lives","isd","Near Mint","English","","","","199","False","False",""
"1","0","Savannah Lions","j22","Near Mint","English","","","","237","False","False",""
"1","0","Fleeting Distraction","j22","Near Mint","English","","","","299","False","False",""
"1","0","Burglar Rat","j22","Near Mint","English","","","","384","False","False",""
"1","0","Eaten Alive","j22","Near Mint","English","","","","409","False","False",""
"1","0","Marauding Blight-Priest","j22","Near Mint","English","","","","439","False","False",""
"1","0","Axgard Cavalry","j22","Near Mint","English","","","","494","False","False",""
"1","0","Axgard Cavalry","j22","Near Mint","English","","","","494","False","False",""
"1","0","Frenzied Goblin","j22","Near Mint","English","","","","536","False","False",""
"1","0","Frenzied Goblin","j22","Near Mint","English","","","","536","False","False",""
"1","0","Challenger Troll","j22","Near Mint","English","","","","639","False","False",""
"1","0","Might of the Masses","j22","Near Mint","English","","","","690","False","False",""
"1","0","Wolverine Riders","j22","Near Mint","English","","","","743","False","True",""
"1","0","Adventuring Gear","j22","Near Mint","English","","","","751","False","False",""
"2","0","Campus Guide","j22","Near Mint","English","","","","758","False","False",""
"1","0","Thriving Isle","j22","Near Mint","English","","","","825","False","False",""
"1","0","Faithful Pikemaster","j25","Near Mint","English","","","","3","False","False",""
"1","0","Gilded Scuttler","j25","Near Mint","English","","","","7","False","False",""
"1","0","Scourge of the Undercity","j25","Near Mint","English","","","","11","False","False",""
"1","0","Pol Jamaar, Illusionist","j25","Near Mint","English","","","","38","False","False",""
"1","0","Anep, Vizier of Hazoret","j25","Near Mint","English","","","","46","False","False",""
"1","0","General Kreat, the Boltbringer","j25","Near Mint","English","","","","48","False","False",""
"1","0","Gornog, the Red Reaper","j25","Near Mint","English","","","","49","False","False",""
"1","0","Shroofus Sproutsire","j25","Near Mint","English","","","","54","False","True",""
"1","0","Gorex, the Tombshell","j25","Near Mint","English","","","","67","False","False",""
"1","0","Vilis, Broker of Blood","j25","Near Mint","English","","","","70","False","False",""
"1","0","Murmuring Mystic","j25","Near Mint","English","","","","107","False","False",""
"1","0","Ornithopter of Paradise","j25","Near Mint","English","","","","153","False","False",""
"1","0","Savannah Lions","j25","Near Mint","English","","","","249","False","False",""
"1","0","Serra Angel","j25","Near Mint","English","","","","251","False","False",""
"1","0","Shoulder to Shoulder","j25","Near Mint","English","","","","254","False","False",""
"1","0","Brineborn Cutthroat","j25","Near Mint","English","","","","291","False","False",""
"1","0","Lord of the Unreal","j25","Near Mint","English","","","","322","False","False",""
"1","0","Spectral Sailor","j25","Near Mint","English","","","","363","False","False",""
"1","0","Thopter Mechanic","j25","Near Mint","English","","","","372","False","False",""
"1","0","Bloodgift Demon","j25","Near Mint","English","","","","408","False","False",""
"1","0","Moan of the Unhallowed","j25","Near Mint","English","","","","461","False","False",""
"1","0","Scion of Darkness","j25","Near Mint","English","","","","486","False","False",""
"1","0","Vampire Nighthawk","j25","Near Mint","English","","","","503","False","False",""
"1","0","Firebrand Archer","j25","Near Mint","English","","","","548","False","False",""
"1","0","Shock","j25","Near Mint","English","","","","598","False","False",""
"1","0","Giant Growth","j25","Near Mint","English","","","","662","False","False",""
"1","0","Gnarlid Colony","j25","Near Mint","English","","","","664","False","False",""
"1","0","Snapping Gnarlid","j25","Near Mint","English","","","","714","False","False",""
"1","0","Tireless Tracker","j25","Near Mint","English","","","","729","False","False",""
"1","0","Chief of the Foundry","j25","Near Mint","English","","","","747","False","False",""
"1","0","Pacifism","jmp","Near Mint","English","","","","125","False","False",""
"1","0","Aegis Turtle","jmp","Near Mint","English","","","","138","False","False",""
"1","0","Oneirophage","jmp","Near Mint","English","","","","162","False","False",""
"1","0","Towering-Wave Mystic","jmp","Near Mint","English","","","","186","False","False",""
"1","0","Windstorm Drake","jmp","Near Mint","English","","","","195","False","False",""
"1","0","Bake into a Pie","jmp","Near Mint","English","","","","201","False","False",""
"1","0","Macabre Waltz","jmp","Near Mint","English","","","","252","False","False",""
"1","0","Dwynen's Elite","jmp","Near Mint","English","","","","389","False","False",""
"1","0","Feral Hydra","jmp","Near Mint","English","","","","395","False","False",""
"1","0","Godsend","jou","Near Mint","English","","","","12","False","True",""
"1","0","Twinflame","jou","Near Mint","English","","","","115","False","False",""
"1","0","Mana Confluence","jou","Near Mint","English","","","","163","False","True",""
"1","0","Phantom Flock","jud","Near Mint","English","","","","16","False","False",""
"1","0","Anger","jud","Near Mint","English","","","","77","False","True",""
"1","0","Firecat Blitz","jud","Near Mint","English","","","","88","False","False",""
"1","0","Flaring Pain","jud","Near Mint","English","","","","89","False","False",""
"1","0","Swelter","jud","Near Mint","English","","","","101","False","False",""
"1","0","Fireslinger","jvc","Near Mint","English","","","","36","False","False",""
"1","0","Bounty of Skemfar","khc","Near Mint","English","","","","12","False","False",""
"1","0","Poison-Tip Archer","khc","Near Mint","English","","","","90","False","False",""
"1","0","Clarion Spirit","khm","Near Mint","English","","","","6","False","False",""
"1","0","Axgard Cavalry","khm","Near Mint","English","","","","121","False","False",""
"1","0","Fynn, the Fangbearer","khm","Near Mint","English","","","","170","False","False",""
"1","0","Jaspera Sentinel","khm","Near Mint","English","","","","178","False","False",""
"1","0","Sarulf's Packmate","khm","Near Mint","English","","","","192","False","False",""
"1","0","Struggle for Skemfar","khm","Near Mint","English","","","","196","False","False",""
"1","0","Showdown of the Skalds","khm","Near Mint","English","","","","229","False","False",""
"1","0","Darkbore Pathway // Slitherbore Pathway","khm","Near Mint","English","","","","254","False","False",""
"1","0","Blightstep Pathway // Searstep Pathway","khm","Near Mint","English","","","","291","False","True",""
"1","0","Tergrid, God of Fright // Tergrid's Lantern","khm","Near Mint","English","","","","307","False","True",""
"1","0","Birgi, God of Storytelling // Harnfel, Horn of Bounty","khm","Near Mint","English","","","","311","False","True",""
"1","0","Youthful Valkyrie","khm","Near Mint","English","","","","382","False","False",""
"1","0","Youthful Valkyrie","khm","Near Mint","English","","","","382","False","False",""
"2","0","Vorinclex, Monstrous Raider","khm","Near Mint","English","","","","406","False","True",""
"1","0","Fairgrounds Warden","kld","Near Mint","English","","","","13","False","False",""
"1","0","Wispweaver Angel","kld","Near Mint","English","","","","35","False","False",""
"1","0","Rush of Vitality","kld","Near Mint","English","","","","99","False","False",""
"1","0","Sultai Banner","ktk","Near Mint","English","","","","225","False","False",""
"1","0","Mystic Monastery","ktk","Near Mint","English","","","","236","False","False",""
"1","0","Windswept Heath","ktk","Near Mint","English","","","","248","False","True",""
"1","0","Admiral Brass, Unsinkable","lcc","Near Mint","English","foil","","","1","False","False",""
"1","0","Clavileño, First of the Blessed","lcc","Near Mint","English","foil","","","2","False","False",""
"1","0","Hakbal of the Surging Soul","lcc","Near Mint","English","foil","","","3","False","False",""
"1","0","Pantlaza, Sun-Favored","lcc","Near Mint","English","foil","","","4","False","False",""
"1","0","Carmen, Cruel Skymarcher","lcc","Near Mint","English","foil","","","5","False","False",""
"1","0","Don Andres, the Renegade","lcc","Near Mint","English","foil","","","6","False","False",""
"1","0","Wayta, Trainer Prodigy","lcc","Near Mint","English","foil","","","7","False","False",""
"1","0","Xolatoyac, the Smiling Flood","lcc","Near Mint","English","foil","","","8","False","False",""
"1","0","Bronzebeak Foragers","lcc","Near Mint","English","","","","69","False","False",""
"1","0","Charismatic Conqueror","lcc","Near Mint","English","","","","70","False","False",""
"1","0","Elenda's Hierophant","lcc","Near Mint","English","","","","71","False","False",""
"1","0","From the Rubble","lcc","Near Mint","English","","","","72","False","False",""
"1","0","March of the Canonized","lcc","Near Mint","English","","","","73","False","False",""
"1","0","Redemption Choir","lcc","Near Mint","English","","","","74","False","False",""
"1","0","The Indomitable","lcc","Near Mint","English","","","","75","False","False",""
"1","0","Mist Dancer","lcc","Near Mint","English","","","","76","False","False",""
"1","0","Ripples of Potential","lcc","Near Mint","English","","","","77","False","False",""
"1","0","Storm Fleet Negotiator","lcc","Near Mint","English","","","","78","False","False",""
"1","0","Wave Goodbye","lcc","Near Mint","English","","","","79","False","False",""
"1","0","Dusk Legion Sergeant","lcc","Near Mint","English","","","","80","False","False",""
"1","0","Francisco, Fowl Marauder","lcc","Near Mint","English","","","","81","False","False",""
"1","0","The Grim Captain's Locker","lcc","Near Mint","English","","","","82","False","False",""
"1","0","Master of Dark Rites","lcc","Near Mint","English","","","","83","False","False",""
"1","0","Promise of Aclazotz // Foul Rebirth","lcc","Near Mint","English","","","","84","False","False",""
"1","0","Skeleton Crew","lcc","Near Mint","English","","","","85","False","False",""
"1","0","Broadside Bombardiers","lcc","Near Mint","English","","","","86","False","False",""
"1","0","Gemcutter Buccaneer","lcc","Near Mint","English","","","","87","False","False",""
"1","0","Wrathful Raptors","lcc","Near Mint","English","","","","88","False","False",""
"1","0","Bygone Marvels","lcc","Near Mint","English","","","","89","False","False",""
"1","0","Curious Altisaur","lcc","Near Mint","English","","","","90","False","False",""
"1","0","Deeproot Historian","lcc","Near Mint","English","","","","91","False","False",""
"1","0","Dinosaur Egg","lcc","Near Mint","English","","","","92","False","False",""
"1","0","Scion of Calamity","lcc","Near Mint","English","","","","93","False","False",""
"1","0","Sunfrill Imitator","lcc","Near Mint","English","","","","94","False","False",""
"1","0","Topography Tracker","lcc","Near Mint","English","","","","95","False","False",""
"1","0","Tributary Instructor","lcc","Near Mint","English","","","","96","False","False",""
"1","0","Order of Sacred Dusk","lcc","Near Mint","English","","","","97","False","False",""
"1","0","Singer of Swift Rivers","lcc","Near Mint","English","","","","98","False","False",""
"1","0","Arm-Mounted Anchor","lcc","Near Mint","English","","","","99","False","False",""
"1","0","Progenitor's Icon","lcc","Near Mint","English","","","","100","False","False",""
"1","0","Akroma's Will","lcc","Near Mint","English","","","","125","False","False",""
"1","0","Austere Command","lcc","Near Mint","English","","","","126","False","False",""
"1","0","Bellowing Aegisaur","lcc","Near Mint","English","","","","127","False","False",""
"1","0","Generous Gift","lcc","Near Mint","English","","","","128","False","False",""
"1","0","Kindred Boon","lcc","Near Mint","English","","","","129","False","False",""
"1","0","Kinjalli's Sunwing","lcc","Near Mint","English","","","","130","False","False",""
"1","0","Majestic Heliopterus","lcc","Near Mint","English","","","","131","False","False",""
"1","0","Martyr of Dusk","lcc","Near Mint","English","","","","132","False","False",""
"1","0","Mavren Fein, Dusk Apostle","lcc","Near Mint","English","","","","133","False","False",""
"1","0","Path to Exile","lcc","Near Mint","English","","","","134","False","False",""
"1","0","Radiant Destiny","lcc","Near Mint","English","","","","135","False","False",""
"1","0","Return to Dust","lcc","Near Mint","English","","","","136","False","False",""
"1","0","Swords to Plowshares","lcc","Near Mint","English","","","","137","False","False",""
"1","0","Temple Altisaur","lcc","Near Mint","English","","","","138","False","False",""
"1","0","Wakening Sun's Avatar","lcc","Near Mint","English","","","","139","False","False",""
"1","0","Welcoming Vampire","lcc","Near Mint","English","","","","140","False","False",""
"1","0","Zetalpa, Primal Dawn","lcc","Near Mint","English","","","","141","False","False",""
"1","0","Aetherize","lcc","Near Mint","English","","","","142","False","False",""
"1","0","Amphin Mutineer","lcc","Near Mint","English","","","","143","False","False",""
"1","0","Azure Fleet Admiral","lcc","Near Mint","English","","","","144","False","False",""
"1","0","Benthic Biomancer","lcc","Near Mint","English","","","","145","False","False",""
"1","0","Bident of Thassa","lcc","Near Mint","English","","","","146","False","False",""
"1","0","Commit // Memory","lcc","Near Mint","English","","","","147","False","False",""
"1","0","Coralhelm Commander","lcc","Near Mint","English","","","","148","False","False",""
"1","0","Corsair Captain","lcc","Near Mint","English","","","","149","False","False",""
"1","0","Curse of the Swine","lcc","Near Mint","English","","","","150","False","False",""
"1","0","Daring Saboteur","lcc","Near Mint","English","","","","151","False","False",""
"1","0","Deeproot Waters","lcc","Near Mint","English","","","","152","False","False",""
"1","0","Departed Deckhand","lcc","Near Mint","English","","","","153","False","False",""
"1","0","Distant Melody","lcc","Near Mint","English","","","","154","False","False",""
"1","0","Emperor Mihail II","lcc","Near Mint","English","","","","155","False","False",""
"1","0","Evacuation","lcc","Near Mint","English","","","","156","False","False",""
"1","0","Ghost of Ramirez DePietro","lcc","Near Mint","English","","","","157","False","False",""
"1","0","Herald of Secret Streams","lcc","Near Mint","English","","","","158","False","False",""
"1","0","Kindred Discovery","lcc","Near Mint","English","","","","159","False","False",""
"1","0","Kopala, Warden of Waves","lcc","Near Mint","English","","","","160","False","False",""
"1","0","Malcolm, Keen-Eyed Navigator","lcc","Near Mint","English","","","","161","False","False",""
"1","0","Master of the Pearl Trident","lcc","Near Mint","English","","","","162","False","False",""
"1","0","Merchant Raiders","lcc","Near Mint","English","","","","163","False","False",""
"1","0","Merfolk Sovereign","lcc","Near Mint","English","","","","164","False","False",""
"1","0","Merrow Reejerey","lcc","Near Mint","English","","","","165","False","False",""
"1","0","Rapid Hybridization","lcc","Near Mint","English","","","","166","False","False",""
"1","0","Ravenform","lcc","Near Mint","English","","","","167","False","False",""
"1","0","Reflections of Littjara","lcc","Near Mint","English","","","","168","False","False",""
"1","0","Sage of Fables","lcc","Near Mint","English","","","","169","False","False",""
"1","0","Seafloor Oracle","lcc","Near Mint","English","","","","170","False","False",""
"1","0","Siren Stormtamer","lcc","Near Mint","English","","","","171","False","False",""
"1","0","Spectral Sailor","lcc","Near Mint","English","","","","172","False","False",""
"1","0","Stonybrook Banneret","lcc","Near Mint","English","","","","173","False","False",""
"1","0","Surgespanner","lcc","Near Mint","English","","","","174","False","False",""
"1","0","Svyelun of Sea and Sky","lcc","Near Mint","English","","","","175","False","False",""
"1","0","Thassa, God of the Sea","lcc","Near Mint","English","","","","176","False","False",""
"1","0","Thieving Skydiver","lcc","Near Mint","English","","","","177","False","False",""
"1","0","Timestream Navigator","lcc","Near Mint","English","","","","178","False","False",""
"1","0","Warkite Marauder","lcc","Near Mint","English","","","","179","False","False",""
"1","0","Windfall","lcc","Near Mint","English","","","","180","False","False",""
"1","0","Black Market Connections","lcc","Near Mint","English","","","","181","False","False",""
"1","0","Blood Artist","lcc","Near Mint","English","","","","182","False","False",""
"1","0","Blood Money","lcc","Near Mint","English","","","","183","False","False",""
"1","0","Bloodghast","lcc","Near Mint","English","","","","184","False","False",""
"1","0","Bloodline Necromancer","lcc","Near Mint","English","","","","185","False","False",""
"1","0","Bloodtracker","lcc","Near Mint","English","","","","186","False","False",""
"1","0","Butcher of Malakir","lcc","Near Mint","English","","","","187","False","False",""
"1","0","Champion of Dusk","lcc","Near Mint","English","","","","188","False","False",""
"1","0","Cordial Vampire","lcc","Near Mint","English","","","","189","False","False",""
"1","0","Crossway Troublemakers","lcc","Near Mint","English","","","","190","False","False",""
"1","0","Damn","lcc","Near Mint","English","","","","191","False","False",""
"1","0","Dire Fleet Ravager","lcc","Near Mint","English","","","","192","False","False",""
"1","0","Drana, Liberator of Malakir","lcc","Near Mint","English","","","","193","False","False",""
"1","0","Dusk Legion Zealot","lcc","Near Mint","English","","","","194","False","False",""
"3","0","Exquisite Blood","lcc","Near Mint","English","","","","195","False","True",""
"1","0","Exquisite Blood","lcc","Near Mint","English","","","","195","False","False",""
"1","0","Falkenrath Noble","lcc","Near Mint","English","","","","196","False","False",""
"1","0","Fathom Fleet Captain","lcc","Near Mint","English","","","","197","False","False",""
"1","0","Feed the Swarm","lcc","Near Mint","English","","","","198","False","False",""
"1","0","Glass-Cast Heart","lcc","Near Mint","English","","","","199","False","False",""
"1","0","Indulgent Aristocrat","lcc","Near Mint","English","","","","200","False","False",""
"1","0","Lethal Scheme","lcc","Near Mint","English","","","","201","False","False",""
"1","0","New Blood","lcc","Near Mint","English","","","","202","False","False",""
"1","0","Nighthawk Scavenger","lcc","Near Mint","English","","","","203","False","False",""
"1","0","Oathsworn Vampire","lcc","Near Mint","English","","","","204","False","False",""
"1","0","Olivia's Wrath","lcc","Near Mint","English","","","","205","False","False",""
"1","0","Pact of the Serpent","lcc","Near Mint","English","","","","206","False","False",""
"1","0","Patron of the Vein","lcc","Near Mint","English","","","","207","False","False",""
"1","0","Pitiless Plunderer","lcc","Near Mint","English","","","","208","False","False",""
"1","0","Sanctum Seeker","lcc","Near Mint","English","","","","209","False","False",""
"1","0","Timothar, Baron of Bats","lcc","Near Mint","English","","","","210","False","False",""
"1","0","Twilight Prophet","lcc","Near Mint","English","","","","211","False","False",""
"1","0","Village Rites","lcc","Near Mint","English","","","","212","False","False",""
"1","0","Viscera Seer","lcc","Near Mint","English","","","","213","False","False",""
"1","0","Yahenni, Undying Partisan","lcc","Near Mint","English","","","","214","False","False",""
"1","0","Angrath's Marauders","lcc","Near Mint","English","","","","215","False","False",""
"1","0","Blasphemous Act","lcc","Near Mint","English","","","","216","False","False",""
"1","0","Breeches, Brazen Plunderer","lcc","Near Mint","English","","","","217","False","False",""
"1","0","Captain Lannery Storm","lcc","Near Mint","English","","","","218","False","False",""
"1","0","Captivating Crew","lcc","Near Mint","English","","","","219","False","False",""
"1","0","Chandra's Ignition","lcc","Near Mint","English","","","","220","False","False",""
"1","0","Chaos Warp","lcc","Near Mint","English","","","","221","False","False",""
"1","0","Coercive Recruiter","lcc","Near Mint","English","","","","222","False","False",""
"1","0","Dire Fleet Daredevil","lcc","Near Mint","English","","","","223","False","False",""
"1","0","Etali, Primal Storm","lcc","Near Mint","English","","","","224","False","False",""
"1","0","Faithless Looting","lcc","Near Mint","English","","","","225","False","False",""
"1","0","Fiery Confluence","lcc","Near Mint","English","","","","226","False","False",""
"1","0","Kari Zev, Skyship Raider","lcc","Near Mint","English","","","","227","False","False",""
"1","0","Marauding Raptor","lcc","Near Mint","English","","","","228","False","False",""
"1","0","Otepec Huntmaster","lcc","Near Mint","English","","","","229","False","False",""
"1","0","Port Razer","lcc","Near Mint","English","","","","230","False","False",""
"1","0","Shared Animosity","lcc","Near Mint","English","","","","231","False","False",""
"1","0","Apex Altisaur","lcc","Near Mint","English","","","","232","False","False",""
"1","0","Beast Within","lcc","Near Mint","English","","","","233","False","False",""
"1","0","Branching Evolution","lcc","Near Mint","English","","","","234","False","False",""
"1","0","Cultivate","lcc","Near Mint","English","","","","235","False","False",""
"1","0","Deathgorge Scavenger","lcc","Near Mint","English","","","","236","False","False",""
"1","0","Deeproot Elite","lcc","Near Mint","English","","","","237","False","False",""
"1","0","Descendants' Path","lcc","Near Mint","English","","","","238","False","False",""
"1","0","Drover of the Mighty","lcc","Near Mint","English","","","","239","False","False",""
"1","0","Evolution Sage","lcc","Near Mint","English","","","","240","False","False",""
"1","0","Explore","lcc","Near Mint","English","","","","241","False","False",""
"1","0","Farseek","lcc","Near Mint","English","","","","242","False","False",""
"1","0","Hardened Scales","lcc","Near Mint","English","","","","243","False","False",""
"1","0","Inspiring Call","lcc","Near Mint","English","","","","244","False","False",""
"1","0","Kodama's Reach","lcc","Near Mint","English","","","","245","False","False",""
"1","0","Migration Path","lcc","Near Mint","English","","","","246","False","False",""
"1","0","Rampaging Brontodon","lcc","Near Mint","English","","","","247","False","False",""
"1","0","Rampant Growth","lcc","Near Mint","English","","","","248","False","False",""
"1","0","Ranging Raptors","lcc","Near Mint","English","","","","249","False","False",""
"1","0","Realmwalker","lcc","Near Mint","English","","","","250","False","False",""
"1","0","Regal Behemoth","lcc","Near Mint","English","","","","251","False","False",""
"1","0","Return of the Wildspeaker","lcc","Near Mint","English","","","","252","False","False",""
"1","0","Ripjaw Raptor","lcc","Near Mint","English","","","","253","False","False",""
"1","0","Rishkar's Expertise","lcc","Near Mint","English","","","","254","False","False",""
"1","0","Ruinous Intrusion","lcc","Near Mint","English","","","","255","False","False",""
"1","0","Runic Armasaur","lcc","Near Mint","English","","","","256","False","False",""
"1","0","Savage Stomp","lcc","Near Mint","English","","","","257","False","False",""
"1","0","Shifting Ceratops","lcc","Near Mint","English","","","","258","False","False",""
"1","0","Thunderherd Migration","lcc","Near Mint","English","","","","259","False","False",""
"1","0","Thundering Spineback","lcc","Near Mint","English","","","","260","False","False",""
"1","0","Topiary Stomper","lcc","Near Mint","English","","","","261","False","False",""
"1","0","Verdant Sun's Avatar","lcc","Near Mint","English","","","","262","False","False",""
"1","0","Wayward Swordtooth","lcc","Near Mint","English","","","","263","False","False",""
"1","0","Admiral Beckett Brass","lcc","Near Mint","English","","","","264","False","False",""
"1","0","Atzocan Seer","lcc","Near Mint","English","","","","265","False","False",""
"1","0","Cold-Eyed Selkie","lcc","Near Mint","English","","","","266","False","False",""
"1","0","Cruel Celebrant","lcc","Near Mint","English","","","","267","False","False",""
"1","0","Elenda, the Dusk Rose","lcc","Near Mint","English","","","","268","False","False",""
"1","0","Etchings of the Chosen","lcc","Near Mint","English","","","","269","False","False",""
"1","0","Growth Spiral","lcc","Near Mint","English","","","","270","False","False",""
"1","0","Hostage Taker","lcc","Near Mint","English","","","","271","False","False",""
"1","0","King Narfi's Betrayal","lcc","Near Mint","English","","","","272","False","False",""
"1","0","Kiora's Follower","lcc","Near Mint","English","","","","273","False","False",""
"1","0","Kumena, Tyrant of Orazca","lcc","Near Mint","English","","","","274","False","False",""
"1","0","Legion Lieutenant","lcc","Near Mint","English","","","","275","False","False",""
"1","0","Merfolk Mistbinder","lcc","Near Mint","English","","","","276","False","False",""
"1","0","Merfolk Skydiver","lcc","Near Mint","English","","","","277","False","False",""
"1","0","Prime Speaker Zegana","lcc","Near Mint","English","","","","278","False","False",""
"1","0","Prismari Command","lcc","Near Mint","English","","","","279","False","False",""
"1","0","Quandrix Command","lcc","Near Mint","English","","","","280","False","False",""
"1","0","Quartzwood Crasher","lcc","Near Mint","English","","","","281","False","False",""
"1","0","Raging Regisaur","lcc","Near Mint","English","","","","282","False","False",""
"1","0","Raging Swordtooth","lcc","Near Mint","English","","","","283","False","False",""
"1","0","Rakdos Charm","lcc","Near Mint","English","","","","284","False","False",""
"1","0","Ramirez DePietro, Pillager","lcc","Near Mint","English","","","","285","False","False",""
"1","0","Regisaur Alpha","lcc","Near Mint","English","","","","286","False","False",""
"1","0","Rhythm of the Wild","lcc","Near Mint","English","","","","287","False","False",""
"1","0","Simic Ascendancy","lcc","Near Mint","English","","","","288","False","False",""
"1","0","Sorin, Lord of Innistrad","lcc","Near Mint","English","","","","289","False","False",""
"1","0","Tatyova, Benthic Druid","lcc","Near Mint","English","","","","290","False","False",""
"1","0","Tishana, Voice of Thunder","lcc","Near Mint","English","","","","291","False","False",""
"1","0","Utter End","lcc","Near Mint","English","","","","292","False","False",""
"1","0","Vona, Butcher of Magan","lcc","Near Mint","English","","","","293","False","False",""
"1","0","Vorel of the Hull Clade","lcc","Near Mint","English","","","","294","False","False",""
"1","0","Xenagos, God of Revels","lcc","Near Mint","English","","","","295","False","False",""
"1","0","Zacama, Primal Calamity","lcc","Near Mint","English","","","","296","False","False",""
"1","0","Zara, Renegade Recruiter","lcc","Near Mint","English","","","","297","False","False",""
"1","0","Zegana, Utopian Speaker","lcc","Near Mint","English","","","","298","False","False",""
"1","0","Arcane Signet","lcc","Near Mint","English","","","","299","False","False",""
"1","0","Arcane Signet","lcc","Near Mint","English","","","","299","False","False",""
"1","0","Arcane Signet","lcc","Near Mint","English","","","","299","False","False",""
"1","0","Arcane Signet","lcc","Near Mint","English","","","","299","False","False",""
"1","0","Blade of the Bloodchief","lcc","Near Mint","English","","","","300","False","False",""
"1","0","Commander's Sphere","lcc","Near Mint","English","","","","301","False","False",""
"1","0","Commander's Sphere","lcc","Near Mint","English","","","","301","False","False",""
"1","0","Commander's Sphere","lcc","Near Mint","English","","","","301","False","False",""
"1","0","Dimir Signet","lcc","Near Mint","English","","","","302","False","False",""
"1","0","Heirloom Blade","lcc","Near Mint","English","","","","303","False","False",""
"1","0","Herald's Horn","lcc","Near Mint","English","","","","304","False","False",""
"1","0","Icon of Ancestry","lcc","Near Mint","English","","","","305","False","False",""
"1","0","Izzet Signet","lcc","Near Mint","English","","","","306","False","False",""
"1","0","Lifecrafter's Bestiary","lcc","Near Mint","English","","","","307","False","False",""
"1","0","Metallic Mimic","lcc","Near Mint","English","","","","308","False","False",""
"1","0","Mind Stone","lcc","Near Mint","English","","","","309","False","False",""
"1","0","Orzhov Signet","lcc","Near Mint","English","","","","310","False","False",""
"1","0","Rakdos Signet","lcc","Near Mint","English","","","","311","False","False",""
"1","0","Simic Signet","lcc","Near Mint","English","","","","312","False","False",""
"1","0","Sol Ring","lcc","Near Mint","English","","","","313","False","False",""
"1","0","Sol Ring","lcc","Near Mint","English","","","","313","False","False",""
"1","0","Sol Ring","lcc","Near Mint","English","","","","313","False","False",""
"1","0","Sol Ring","lcc","Near Mint","English","","","","313","False","False",""
"1","0","Swiftfoot Boots","lcc","Near Mint","English","","","","314","False","False",""
"1","0","Swiftfoot Boots","lcc","Near Mint","English","","","","314","False","False",""
"1","0","Talisman of Hierarchy","lcc","Near Mint","English","","","","315","False","False",""
"1","0","Vanquisher's Banner","lcc","Near Mint","English","","","","316","False","False",""
"1","0","Wayfarer's Bauble","lcc","Near Mint","English","","","","317","False","False",""
"1","0","Wayfarer's Bauble","lcc","Near Mint","English","","","","317","False","False",""
"1","0","Alchemist's Refuge","lcc","Near Mint","English","","","","318","False","False",""
"1","0","Arch of Orazca","lcc","Near Mint","English","","","","319","False","False",""
"1","0","Bojuka Bog","lcc","Near Mint","English","","","","320","False","False",""
"1","0","Canopy Vista","lcc","Near Mint","English","","","","321","False","False",""
"1","0","Choked Estuary","lcc","Near Mint","English","","","","322","False","False",""
"1","0","Cinder Glade","lcc","Near Mint","English","","","","323","False","False",""
"1","0","Clifftop Retreat","lcc","Near Mint","English","","","","324","False","False",""
"1","0","Command Tower","lcc","Near Mint","English","","","","325","False","False",""
"1","0","Command Tower","lcc","Near Mint","English","","","","325","False","False",""
"1","0","Command Tower","lcc","Near Mint","English","","","","325","False","False",""
"1","0","Command Tower","lcc","Near Mint","English","","","","325","False","False",""
"1","0","Crumbling Necropolis","lcc","Near Mint","English","","","","326","False","False",""
"1","0","Desolate Lighthouse","lcc","Near Mint","English","","","","327","False","False",""
"1","0","Evolving Wilds","lcc","Near Mint","English","","","","328","False","False",""
"1","0","Evolving Wilds","lcc","Near Mint","English","","","","328","False","False",""
"1","0","Exotic Orchard","lcc","Near Mint","English","","","","329","False","False",""
"1","0","Exotic Orchard","lcc","Near Mint","English","","","","329","False","False",""
"1","0","Foreboding Ruins","lcc","Near Mint","English","","","","330","False","False",""
"1","0","Fortified Village","lcc","Near Mint","English","","","","331","False","False",""
"1","0","Frostboil Snarl","lcc","Near Mint","English","","","","332","False","False",""
"1","0","Furycalm Snarl","lcc","Near Mint","English","","","","333","False","False",""
"1","0","Game Trail","lcc","Near Mint","English","","","","334","False","False",""
"1","0","Geier Reach Sanitarium","lcc","Near Mint","English","","","","335","False","False",""
"1","0","Hinterland Harbor","lcc","Near Mint","English","","","","336","False","False",""
"1","0","Isolated Chapel","lcc","Near Mint","English","","","","337","False","False",""
"1","0","Jungle Shrine","lcc","Near Mint","English","","","","338","False","False",""
"1","0","Karn's Bastion","lcc","Near Mint","English","","","","339","False","False",""
"1","0","Kessig Wolf Run","lcc","Near Mint","English","","","","340","False","False",""
"1","0","Llanowar Reborn","lcc","Near Mint","English","","","","341","False","False",""
"1","0","Mosswort Bridge","lcc","Near Mint","English","","","","342","False","False",""
"1","0","Mosswort Bridge","lcc","Near Mint","English","","","","342","False","False",""
"1","0","Myriad Landscape","lcc","Near Mint","English","","","","343","False","False",""
"1","0","Myriad Landscape","lcc","Near Mint","English","","","","343","False","False",""
"1","0","Myriad Landscape","lcc","Near Mint","English","","","","343","False","False",""
"1","0","Nephalia Drownyard","lcc","Near Mint","English","","","","344","False","False",""
"1","0","Orzhov Basilica","lcc","Near Mint","English","","","","345","False","False",""
"1","0","Path of Ancestry","lcc","Near Mint","English","","","","346","False","False",""
"1","0","Path of Ancestry","lcc","Near Mint","English","","","","346","False","False",""
"1","0","Path of Ancestry","lcc","Near Mint","English","","","","346","False","False",""
"1","0","Path of Ancestry","lcc","Near Mint","English","","","","346","False","False",""
"1","0","Port of Karfell","lcc","Near Mint","English","","","","347","False","False",""
"1","0","Reliquary Tower","lcc","Near Mint","English","","","","348","False","False",""
"1","0","Rogue's Passage","lcc","Near Mint","English","","","","349","False","False",""
"1","0","Rogue's Passage","lcc","Near Mint","English","","","","349","False","False",""
"1","0","Rogue's Passage","lcc","Near Mint","English","","","","349","False","False",""
"1","0","Rogue's Passage","lcc","Near Mint","English","","","","349","False","False",""
"1","0","Secluded Courtyard","lcc","Near Mint","English","","","","350","False","False",""
"1","0","Secluded Courtyard","lcc","Near Mint","English","","","","350","False","False",""
"1","0","Secluded Courtyard","lcc","Near Mint","English","","","","350","False","False",""
"1","0","Secluded Courtyard","lcc","Near Mint","English","","","","350","False","False",""
"1","0","Shineshadow Snarl","lcc","Near Mint","English","","","","351","False","False",""
"1","0","Simic Growth Chamber","lcc","Near Mint","English","","","","352","False","False",""
"1","0","Smoldering Marsh","lcc","Near Mint","English","","","","353","False","False",""
"1","0","Sulfur Falls","lcc","Near Mint","English","","","","354","False","False",""
"1","0","Sunken Hollow","lcc","Near Mint","English","","","","355","False","False",""
"1","0","Tainted Field","lcc","Near Mint","English","","","","356","False","False",""
"1","0","Temple of Mystery","lcc","Near Mint","English","","","","357","False","False",""
"1","0","Temple of Silence","lcc","Near Mint","English","","","","358","False","False",""
"1","0","Temple of the False God","lcc","Near Mint","English","","","","359","False","False",""
"1","0","Temple of the False God","lcc","Near Mint","English","","","","359","False","False",""
"1","0","Temple of the False God","lcc","Near Mint","English","","","","359","False","False",""
"1","0","Terramorphic Expanse","lcc","Near Mint","English","","","","360","False","False",""
"1","0","Terramorphic Expanse","lcc","Near Mint","English","","","","360","False","False",""
"1","0","Thriving Bluff","lcc","Near Mint","English","","","","361","False","False",""
"1","0","Thriving Bluff","lcc","Near Mint","English","","","","361","False","False",""
"1","0","Thriving Grove","lcc","Near Mint","English","","","","362","False","False",""
"1","0","Thriving Heath","lcc","Near Mint","English","","","","363","False","False",""
"1","0","Thriving Isle","lcc","Near Mint","English","","","","364","False","False",""
"1","0","Thriving Moor","lcc","Near Mint","English","","","","365","False","False",""
"1","0","Unclaimed Territory","lcc","Near Mint","English","","","","366","False","False",""
"1","0","Unclaimed Territory","lcc","Near Mint","English","","","","366","False","False",""
"1","0","Unclaimed Territory","lcc","Near Mint","English","","","","366","False","False",""
"1","0","Unclaimed Territory","lcc","Near Mint","English","","","","366","False","False",""
"1","0","Vault of the Archangel","lcc","Near Mint","English","","","","367","False","False",""
"1","0","Vineglimmer Snarl","lcc","Near Mint","English","","","","368","False","False",""
"1","0","Voldaren Estate","lcc","Near Mint","English","","","","369","False","False",""
"1","0","Windbrisk Heights","lcc","Near Mint","English","","","","370","False","False",""
"1","0","Merfolk Cave-Diver","lci","Near Mint","English","","","","65","False","False",""
"5","0","Spyglass Siren","lci","Near Mint","English","","","","78","False","False",""
"2","0","Staunch Crewmate","lci","Near Mint","English","","","","79","False","False",""
"3","0","Subterranean Schooner","lci","Near Mint","English","","","","80","False","False",""
"1","0","Dowsing Device // Geode Grotto","lci","Near Mint","English","","","","146","False","False",""
"1","0","Enterprising Scallywag","lci","Near Mint","English","","","","148","False","False",""
"3","0","Inti, Seneschal of the Sun","lci","Near Mint","English","","","","156","False","False",""
"3","0","Magmatic Galleon","lci","Near Mint","English","","","","157","False","False",""
"1","0","Earthshaker Dreadmaw","lci","Near Mint","English","","","","183","False","False",""
"1","0","Ixalli's Lorekeeper","lci","Near Mint","English","","","","194","False","False",""
"1","0","Thrashing Brontodon","lci","Near Mint","English","","","","216","False","False",""
"1","0","Bartolomé del Presidio","lci","Near Mint","English","","","","224","False","False",""
"1","0","Itzquinth, Firstborn of Gishath","lci","Near Mint","English","","","","230","False","False",""
"1","0","Nicanzil, Current Conductor","lci","Near Mint","English","","","","236","False","False",""
"1","0","Treasure Map // Treasure Cove","lci","Near Mint","French","","","","267","False","False",""
"1","0","Uchbenbak, the Great Mistake","lci","Near Mint","English","","","","310","False","False",""
"1","0","Earthshaker Dreadmaw","lci","Near Mint","English","","","","325","False","False",""
"2","0","Thrashing Brontodon","lci","Near Mint","English","","","","329","False","False",""
"1","0","Gishath, Sun's Avatar","lci","Near Mint","English","","","","330","False","False",""
"1","0","Bloodletter of Aclazotz","lci","Near Mint","English","","","","336","False","True",""
"1","0","The Skullspore Nexus","lci","Near Mint","English","","","","340","False","False",""
"2","0","Roaming Throne","lci","Near Mint","English","","","","344","False","False",""
"4","0","Plains","lci","Near Mint","English","","","","393","False","False",""
"8","0","Plains","lci","Near Mint","English","","","","393","False","False",""
"13","0","Island","lci","Near Mint","English","","","","395","False","False",""
"6","0","Island","lci","Near Mint","English","","","","395","False","False",""
"13","0","Swamp","lci","Near Mint","English","","","","398","False","False",""
"4","0","Swamp","lci","Near Mint","English","","","","398","False","False",""
"5","0","Mountain","lci","Near Mint","English","","","","399","False","False",""
"4","0","Mountain","lci","Near Mint","English","","","","399","False","False",""
"8","0","Forest","lci","Near Mint","English","","","","401","False","False",""
"7","0","Forest","lci","Near Mint","English","","","","401","False","False",""
"1","0","Mana Drain","leg","Near Mint","English","","","","65","False","True",""
"3","0","Chains of Mephistopheles","leg","Near Mint","English","","","","91","False","True",""
"1","0","Ward Sliver","lgn","Near Mint","English","","","","25","False","False",""
"1","0","Crypt Sliver","lgn","Near Mint","English","","","","63","False","False",""
"1","0","Skinthinner","lgn","Near Mint","English","","","","80","False","False",""
"1","0","Seedborn Muse","lgn","Near Mint","English","","","","138","False","True",""
"1","0","Silvergill Douser","lrw","Near Mint","English","","","","87","False","False",""
"1","0","Silvergill Douser","lrw","Near Mint","English","","","","87","False","False",""
"1","0","Fire-Belly Changeling","lrw","Near Mint","English","","","","164","False","False",""
"1","0","Heat Shimmer","lrw","Near Mint","English","","","","175","False","True",""
"1","0","Changeling Titan","lrw","Near Mint","English","","","","200","False","False",""
"1","0","Frodo, Adventurous Hobbit","ltc","Near Mint","English","","","","2","False","False",""
"1","0","Sam, Loyal Attendant","ltc","Near Mint","English","","","","7","False","False",""
"1","0","Field-Tested Frying Pan","ltc","Near Mint","English","","","","11","False","False",""
"1","0","The Gaffer","ltc","Near Mint","English","","","","12","False","False",""
"1","0","Gwaihir, Greatest of the Eagles","ltc","Near Mint","English","","","","15","False","False",""
"1","0","Of Herbs and Stewed Rabbit","ltc","Near Mint","English","","","","17","False","False",""
"1","0","Gollum, Obsessed Stalker","ltc","Near Mint","English","","","","26","False","False",""
"1","0","Lobelia, Defender of Bag End","ltc","Near Mint","English","","","","27","False","False",""
"1","0","Rapacious Guest","ltc","Near Mint","English","","","","28","False","False",""
"1","0","Assemble the Entmoot","ltc","Near Mint","English","","","","36","False","False",""
"1","0","Feasting Hobbit","ltc","Near Mint","English","","","","37","False","False",""
"1","0","Motivated Pony","ltc","Near Mint","English","","","","42","False","False",""
"1","0","Prize Pig","ltc","Near Mint","English","","","","43","False","False",""
"1","0","Banquet Guests","ltc","Near Mint","English","","","","47","False","False",""
"1","0","Bilbo, Birthday Celebrant","ltc","Near Mint","English","","","","48","False","False",""
"1","0","Farmer Cotton","ltc","Near Mint","English","","","","55","False","False",""
"1","0","Merry, Warden of Isengard","ltc","Near Mint","English","","","","61","False","False",""
"1","0","Pippin, Warden of Isengard","ltc","Near Mint","English","","","","65","False","False",""
"1","0","Treebeard, Gracious Host","ltc","Near Mint","English","","","","73","False","False",""
"1","0","Hithlain Rope","ltc","Near Mint","English","","","","76","False","False",""
"1","0","Call for Unity","ltc","Near Mint","English","","","","163","False","False",""
"1","0","Dawn of Hope","ltc","Near Mint","English","","","","164","False","False",""
"1","0","Dusk // Dawn","ltc","Near Mint","English","","","","166","False","False",""
"1","0","Fell the Mighty","ltc","Near Mint","English","","","","167","False","False",""
"1","0","Fumigate","ltc","Near Mint","English","","","","170","False","False",""
"1","0","Mentor of the Meek","ltc","Near Mint","English","","","","173","False","False",""
"1","0","Swords to Plowshares","ltc","Near Mint","English","","","","178","False","False",""
"1","0","Crypt Incursion","ltc","Near Mint","English","","","","198","False","False",""
"1","0","Go for the Throat","ltc","Near Mint","English","","","","201","False","False",""
"1","0","Night's Whisper","ltc","Near Mint","English","","","","205","False","False",""
"1","0","Sanguine Bond","ltc","Near Mint","English","","","","208","False","False",""
"1","0","Toxic Deluge","ltc","Near Mint","English","","","","209","False","False",""
"1","0","Cultivate","ltc","Near Mint","English","","","","236","False","False",""
"1","0","Essence Warden","ltc","Near Mint","English","","","","242","False","False",""
"1","0","Farseek","ltc","Near Mint","English","","","","244","False","False",""
"1","0","Gilded Goose","ltc","Near Mint","English","","","","246","False","False",""
"1","0","Great Oak Guardian","ltc","Near Mint","English","","","","247","False","False",""
"1","0","Harmonize","ltc","Near Mint","English","","","","248","False","False",""
"1","0","Orchard Strider","ltc","Near Mint","English","","","","253","False","False",""
"1","0","Tireless Provisioner","ltc","Near Mint","English","","","","262","False","False",""
"1","0","Woodfall Primus","ltc","Near Mint","English","","","","264","False","False",""
"1","0","Anguished Unmaking","ltc","Near Mint","English","","","","265","False","False",""
"1","0","Mortify","ltc","Near Mint","English","","","","269","False","False",""
"1","0","Savvy Hunter","ltc","Near Mint","English","","","","271","False","False",""
"1","0","Arcane Signet","ltc","Near Mint","English","","","","273","False","False",""
"1","0","Chromatic Lantern","ltc","Near Mint","English","","","","275","False","False",""
"1","0","Commander's Sphere","ltc","Near Mint","English","","","","276","False","False",""
"1","0","Pristine Talisman","ltc","Near Mint","English","","","","283","False","False",""
"1","0","Sol Ring","ltc","Near Mint","English","","","","284","False","False",""
"1","0","Trading Post","ltc","Near Mint","English","","","","288","False","False",""
"1","0","Well of Lost Dreams","ltc","Near Mint","English","","","","291","False","False",""
"1","0","Access Tunnel","ltc","Near Mint","English","","","","294","False","False",""
"1","0","Ash Barrens","ltc","Near Mint","English","","","","295","False","False",""
"1","0","Brushland","ltc","Near Mint","English","","","","297","False","False",""
"1","0","Canopy Vista","ltc","Near Mint","English","","","","298","False","False",""
"1","0","Command Tower","ltc","Near Mint","English","","","","301","False","False",""
"1","0","Evolving Wilds","ltc","Near Mint","English","","","","306","False","False",""
"1","0","Exotic Orchard","ltc","Near Mint","English","","","","307","False","False",""
"1","0","Fortified Village","ltc","Near Mint","English","","","","311","False","False",""
"1","0","Ghost Quarter","ltc","Near Mint","English","","","","314","False","False",""
"1","0","Graypelt Refuge","ltc","Near Mint","English","","","","316","False","False",""
"1","0","Isolated Chapel","ltc","Near Mint","English","","","","318","False","False",""
"1","0","Murmuring Bosk","ltc","Near Mint","English","","","","320","False","False",""
"1","0","Necroblossom Snarl","ltc","Near Mint","English","","","","321","False","False",""
"1","0","Path of Ancestry","ltc","Near Mint","English","","","","322","False","False",""
"1","0","Rogue's Passage","ltc","Near Mint","English","","","","326","False","False",""
"1","0","Sandsteppe Citadel","ltc","Near Mint","English","","","","327","False","False",""
"1","0","Scattered Groves","ltc","Near Mint","English","","","","328","False","False",""
"1","0","Scoured Barrens","ltc","Near Mint","English","","","","329","False","False",""
"1","0","Shineshadow Snarl","ltc","Near Mint","English","","","","331","False","False",""
"1","0","Sunpetal Grove","ltc","Near Mint","English","","","","336","False","False",""
"1","0","Woodland Cemetery","ltc","Near Mint","English","","","","346","False","False",""
"1","0","Nazgûl Battle-Mace","ltc","Near Mint","English","","","","510","False","True",""
"1","0","Dúnedain Blade","ltr","Near Mint","English","","","","6","False","False",""
"1","0","Eagles of the North","ltr","Near Mint","English","","","","7","False","False",""
"1","0","Eastfarthing Farmer","ltr","Near Mint","English","","","","8","False","False",""
"1","0","East-Mark Cavalier","ltr","Near Mint","English","","","","9","False","False",""
"1","0","Éowyn, Lady of Rohan","ltr","Near Mint","English","","","","10","False","False",""
"1","0","Esquire of the King","ltr","Near Mint","English","","","","13","False","False",""
"1","0","Gandalf the White","ltr","Near Mint","English","","","","19","False","False",""
"1","0","Landroval, Horizon Witness","ltr","Near Mint","English","","","","21","False","False",""
"1","0","Landroval, Horizon Witness","ltr","Near Mint","English","","","","21","False","False",""
"1","0","Rosie Cotton of South Lane","ltr","Near Mint","English","","","","27","False","False",""
"1","0","Shire Shirriff","ltr","Near Mint","English","","","","30","False","False",""
"1","0","Westfold Rider","ltr","Near Mint","English","","","","37","False","False",""
"1","0","Knights of Dol Amroth","ltr","Near Mint","English","","","","59","False","False",""
"1","0","Meneldor, Swift Savior","ltr","Near Mint","English","","","","62","False","False",""
"1","0","Surrounded by Orcs","ltr","Near Mint","English","","","","73","False","False",""
"1","0","Lash of the Balrog","ltr","Near Mint","English","","","","92","False","False",""
"1","0","Mirkwood Bats","ltr","Near Mint","English","","","","95","False","False",""
"1","0","Mordor Muster","ltr","Near Mint","English","","","","96","False","False",""
"1","0","Orcish Bowmasters","ltr","Near Mint","English","","","","103","False","False",""
"1","0","Orcish Medicine","ltr","Near Mint","English","","","","104","False","False",""
"1","0","Snarling Warg","ltr","Near Mint","English","","","","109","False","False",""
"1","0","Erkenbrand, Lord of Westfold","ltr","Near Mint","English","","","","123","False","False",""
"1","0","Fiery Inscription","ltr","Near Mint","English","","","","126","False","False",""
"1","0","Improvised Club","ltr","Near Mint","English","","","","137","False","False",""
"1","0","Oliphaunt","ltr","Near Mint","English","","","","139","False","False",""
"1","0","There and Back Again","ltr","Near Mint","English","","","","151","False","False",""
"1","0","Warbeast of Gorgoroth","ltr","Near Mint","English","","","","152","False","False",""
"1","0","Celeborn the Wise","ltr","Near Mint","English","","","","156","False","False",""
"1","0","Enraged Huorn","ltr","Near Mint","English","","","","162","False","False",""
"1","0","Fangorn, Tree Shepherd","ltr","Near Mint","English","","","","166","False","False",""
"1","0","Generous Ent","ltr","Near Mint","English","","","","169","False","False",""
"1","0","Generous Ent","ltr","Near Mint","English","","","","169","False","False",""
"1","0","Mushroom Watchdogs","ltr","Near Mint","English","","","","180","False","False",""
"1","0","Quickbeam, Upstart Ent","ltr","Near Mint","English","","","","183","False","False",""
"1","0","Radagast the Brown","ltr","Near Mint","English","","","","184","False","False",""
"1","0","Revive the Shire","ltr","Near Mint","English","","","","185","False","False",""
"1","0","Arwen Undómiel","ltr","Near Mint","English","","","","194","False","False",""
"1","0","Butterbur, Bree Innkeeper","ltr","Near Mint","English","","","","197","False","False",""
"1","0","Gwaihir the Windlord","ltr","Near Mint","English","","","","210","False","False",""
"1","0","Legolas, Counter of Kills","ltr","Near Mint","English","","","","212","False","False",""
"1","0","Prince Imrahil the Fair","ltr","Near Mint","English","","","","219","False","False",""
"1","0","Ringsight","ltr","Near Mint","English","","","","220","False","False",""
"1","0","Mirror of Galadriel","ltr","Near Mint","English","","","","244","False","False",""
"1","0","Shire Terrace","ltr","Near Mint","English","","","","261","False","False",""
"4","0","Plains","ltr","Near Mint","English","","","","263","False","False",""
"4","0","Swamp","ltr","Near Mint","English","","","","266","False","False",""
"8","0","Forest","ltr","Near Mint","English","","","","271","False","False",""
"1","0","Plains","ltr","Near Mint","English","","","","273","False","False",""
"1","0","Faramir, Field Commander","ltr","Near Mint","English","","","","303","False","False",""
"1","0","Frodo, Sauron's Bane","ltr","Near Mint","English","","","","304","False","False",""
"1","0","Legolas, Counter of Kills","ltr","Near Mint","English","","","","324","False","False",""
"1","0","Lotho, Corrupt Shirriff","ltr","Near Mint","English","","","","370","False","True",""
"1","0","Oliphaunt","ltr","Near Mint","English","","","","426","False","False",""
"1","0","Many Partings","ltr","Near Mint","English","","","","445","False","False",""
"1","0","Borne Upon a Wind","ltr","Near Mint","English","","","","495","False","True",""
"1","0","Bitter Downfall","ltr","Near Mint","English","","","","528","False","False",""
"1","0","March from the Black Gate","ltr","Near Mint","English","","","","545","False","False",""
"1","0","Ranger's Firebrand","ltr","Near Mint","English","","","","594","False","False",""
"1","0","Ent's Fury","ltr","Near Mint","English","","","","615","False","False",""
"1","0","Strider, Ranger of the North","ltr","Near Mint","English","","","","683","False","False",""
"1","0","Mithril Coat","ltr","Near Mint","English","","","","696","False","True",""
"1","0","Great Hall of the Citadel","ltr","Near Mint","English","","","","705","False","True",""
"1","0","Mount Doom","ltr","Near Mint","English","","","","750","False","True",""
"1","0","Delighted Halfling","ltr","Near Mint","English","foil","","","774","False","True",""
"2","0","Andúril, Flame of the West","ltr","Near Mint","English","foil","","","786","False","True",""
"1","0","Glamdring","ltr","Near Mint","English","foil","","","787","False","True",""
"1","0","The One Ring","ltr","Near Mint","English","foil","","","791","False","True",""
"1","0","Llanowar Elves","m10","Near Mint","English","","","","189","False","False",""
"1","0","Whispersilk Cloak","m10","Near Mint","English","","","","221","False","True",""
"1","0","Giant Growth","m11","Near Mint","English","","","","178","False","False",""
"1","0","Grand Abolisher","m12","Near Mint","English","","","","19","False","True",""
"1","0","Llanowar Elves","m12","Near Mint","English","","","","182","False","False",""
"1","0","Trollhide","m12","Near Mint","English","","","","199","False","False",""
"1","0","Sundial of the Infinite","m12","Near Mint","English","","","","218","False","True",""
"1","0","Glacial Fortress","m12","Near Mint","English","","","","227","False","True",""
"1","0","Banisher Priest","m14","Near Mint","English","","","","7","False","False",""
"1","0","Grim Return","m14","Near Mint","English","","","","100","False","False",""
"2","0","Tormod's Crypt","m15","Near Mint","English","","","","237","False","True",""
"1","0","Mirror Image","m19","Near Mint","English","","","","61","False","False",""
"1","0","Fell Specter","m19","Near Mint","English","","","","96","False","False",""
"1","0","Goblin Instigator","m19","Near Mint","English","","","","142","False","False",""
"1","0","Angel of Vitality","m20","Near Mint","English","","","","4","False","False",""
"1","0","Scholar of the Ages","m20","Near Mint","English","","","","74","False","False",""
"1","0","Blightbeetle","m20","Near Mint","English","","","","87","False","False",""
"1","0","Chandra, Novice Pyromancer","m20","Near Mint","English","","","","128","False","False",""
"1","0","Infuriate","m20","Near Mint","English","","","","145","False","False",""
"1","0","Season of Growth","m20","Near Mint","English","","","","191","False","False",""
"1","0","Veil of Summer","m20","Near Mint","English","","","","198","False","False",""
"1","0","Twinblade Paladin","m20","Near Mint","English","","","","285","False","False",""
"1","0","Woodland Mystic","m20","Near Mint","English","","","","344","False","False",""
"2","0","Shipwreck Dowser","m21","Near Mint","English","","","","71","False","False",""
"1","0","Spined Megalodon","m21","Near Mint","English","","","","72","False","False",""
"1","0","Spined Megalodon","m21","Near Mint","English","","","","72","False","False",""
"1","0","Bad Deal","m21","Near Mint","English","","","","89","False","False",""
"1","0","Gloom Sower","m21","Near Mint","English","","","","100","False","False",""
"1","0","Goblin Wizardry","m21","Near Mint","English","","","","148","False","False",""
"1","0","Hunter's Edge","m21","Near Mint","English","","","","189","False","False",""
"1","0","Llanowar Visionary","m21","Near Mint","English","","","","193","False","False",""
"1","0","Garruk's Uprising","m21","Near Mint","English","","","","308","False","False",""
"1","0","Liliana, Death Mage","m21","Near Mint","English","foil","","","328","False","False",""
"1","0","Storm Caller","m21","Near Mint","English","","","","335","False","False",""
"1","0","Sublime Epiphany","m21","Near Mint","English","","","","355","False","False",""
"1","0","Sublime Epiphany","m21","Near Mint","English","","","","355","False","False",""
"1","0","Terror of the Peaks","m21","Near Mint","English","","","","369","False","True",""
"1","0","Tezzeret's Gambit","m3c","Near Mint","English","","","","194","False","False",""
"1","0","Garruk's Uprising","m3c","Near Mint","English","foil","","","229","False","False",""
"1","0","Chromatic Lantern","m3c","Near Mint","English","","","","285","False","False",""
"1","0","Eldrazi Monument","m3c","Near Mint","English","","","","290","False","False",""
"1","0","Idol of Oblivion","m3c","Near Mint","English","","","","297","False","False",""
"2","0","Lightning Greaves","m3c","Near Mint","English","","","","298","False","True",""
"1","0","Secluded Courtyard","m3c","Near Mint","English","","","","372","False","False",""
"1","0","Tainted Wood","m3c","Near Mint","English","","","","383","False","False",""
"1","0","Return to the Ranks","mar","Near Mint","English","","","","48","False","False",""
"1","0","Steelshaper's Gift","mar","Near Mint","English","","","","50","False","False",""
"2","0","Counterspell","mar","Near Mint","English","","","","52","False","False",""
"1","0","Narset's Reversal","mar","Near Mint","English","","","","58","False","False",""
"1","0","Fiery Emancipation","mar","Near Mint","English","","","","70","False","False",""
"1","0","Primal Vigor","mar","Near Mint","English","","","","81","False","False",""
"1","0","Rancor","mar","Near Mint","English","","","","82","False","False",""
"1","0","Steely Resolve","mar","Near Mint","English","","","","83","False","False",""
"1","0","Unnatural Growth","mar","Near Mint","English","","","","84","False","False",""
"1","0","Iron Man, Titan of Innovation","mar","Near Mint","English","","","","91","False","False",""
"1","0","Sundering Growth","mar","Near Mint","English","","","","95","False","False",""
"1","0","Sword of Fire and Ice","mar","Near Mint","English","foil","","","100","False","False",""
"1","0","Markov Baron","mat","Near Mint","English","","","","14","False","False",""
"1","0","Markov Baron","mat","Near Mint","English","","","","14","False","False",""
"1","0","Karn, the Great Creator","mb2","Near Mint","English","","","","3","False","False",""
"2","0","Archon of Emeria","mb2","Near Mint","English","","","","4","False","False",""
"1","0","Cathar Commando","mb2","Near Mint","English","","","","5","False","False",""
"1","0","Cathars' Crusade","mb2","Near Mint","English","","","","6","False","False",""
"1","0","Containment Priest","mb2","Near Mint","English","","","","7","False","False",""
"1","0","Ethersworn Canonist","mb2","Near Mint","English","","","","10","False","False",""
"2","0","Path to Exile","mb2","Near Mint","English","","","","15","False","False",""
"1","0","Spirit of the Labyrinth","mb2","Near Mint","English","","","","20","False","False",""
"1","0","Temporary Truce","mb2","Near Mint","English","","","","22","False","False",""
"1","0","Consider","mb2","Near Mint","English","","","","25","False","False",""
"1","0","Gitaxian Probe","mb2","Near Mint","English","","","","28","False","False",""
"1","0","Narset, Parter of Veils","mb2","Near Mint","English","","","","32","False","False",""
"1","0","Ponder","mb2","Near Mint","English","","","","34","False","False",""
"1","0","Spell Pierce","mb2","Near Mint","English","","","","36","False","False",""
"1","0","Unnatural Selection","mb2","Near Mint","English","","","","38","False","False",""
"1","0","Pitiless Plunderer","mb2","Near Mint","English","","","","46","False","False",""
"1","0","Rat Colony","mb2","Near Mint","English","","","","47","False","False",""
"2","0","Tendrils of Agony","mb2","Near Mint","English","","","","50","False","False",""
"1","0","Ancient Grudge","mb2","Near Mint","English","","","","53","False","False",""
"1","0","Blazing Rootwalla","mb2","Near Mint","English","","","","54","False","False",""
"2","0","Goblin Guide","mb2","Near Mint","English","","","","58","False","False",""
"1","0","Rite of Flame","mb2","Near Mint","English","","","","59","False","False",""
"2","0","Sarkhan, Fireblood","mb2","Near Mint","English","","","","60","False","False",""
"1","0","Throes of Chaos","mb2","Near Mint","English","","","","62","False","False",""
"1","0","Wish","mb2","Near Mint","English","","","","64","False","False",""
"1","0","Basking Rootwalla","mb2","Near Mint","English","","","","65","False","False",""
"1","0","Collector Ouphe","mb2","Near Mint","English","","","","66","False","False",""
"1","0","Nature's Claim","mb2","Near Mint","English","","","","69","False","False",""
"2","0","Abrupt Decay","mb2","Near Mint","English","","","","78","False","False",""
"1","0","Comet, Stellar Pup","mb2","Near Mint","English","","","","79","False","False",""
"1","0","Expressive Iteration","mb2","Near Mint","English","","","","82","False","False",""
"1","0","Keruga, the Macrosage","mb2","Near Mint","English","","","","84","False","False",""
"1","0","Sphinx of the Steel Wind","mb2","Near Mint","English","","","","89","False","False",""
"1","0","Teferi, Time Raveler","mb2","Near Mint","English","","","","91","False","False",""
"2","0","Uro, Titan of Nature's Wrath","mb2","Near Mint","English","","","","93","False","False",""
"1","0","Yorion, Sky Nomad","mb2","Near Mint","English","","","","94","False","False",""
"1","0","Mishra's Bauble","mb2","Near Mint","English","","","","97","False","False",""
"1","0","Umbral Mantle","mb2","Near Mint","English","","","","101","False","False",""
"1","0","Darksteel Citadel","mb2","Near Mint","English","","","","107","False","False",""
"1","0","Wasteland","mb2","Near Mint","English","","","","115","False","True",""
"1","0","Snow-Covered Mountain","mb2","Near Mint","English","","","","119","False","False",""
"1","0","Snow-Covered Wastes","mb2","Near Mint","English","","","","121","False","False",""
"1","0","Future Sight","mb2","Near Mint","English","","","","122","False","False",""
"1","0","Future Sight","mb2","Near Mint","English","","","","122","False","False",""
"1","0","Dakmor Sorceress","mb2","Near Mint","English","","","","127","False","False",""
"1","0","Ball Lightning","mb2","Near Mint","English","","","","130","False","False",""
"1","0","Erhnam Djinn","mb2","Near Mint","English","","","","133","False","False",""
"1","0","Erhnam Djinn","mb2","Near Mint","English","","","","133","False","False",""
"1","0","Hunting Cheetah","mb2","Near Mint","English","","","","134","False","False",""
"1","0","Hogaak, Arisen Necropolis","mb2","Near Mint","English","","","","136","False","False",""
"1","0","Crackdown","mb2","Near Mint","English","","","","146","False","False",""
"1","0","Rest in Peace","mb2","Near Mint","English","","","","150","False","False",""
"1","0","Swords to Plowshares","mb2","Near Mint","English","","","","153","False","False",""
"1","0","Counterspell","mb2","Near Mint","English","","","","158","False","False",""
"1","0","Equilibrium","mb2","Near Mint","English","","","","162","False","False",""
"1","0","Mana Short","mb2","Near Mint","English","","","","166","False","False",""
"1","0","Pact of Negation","mb2","Near Mint","English","","","","169","False","False",""
"1","0","Show and Tell","mb2","Near Mint","English","","","","171","False","False",""
"1","0","Stifle","mb2","Near Mint","English","","","","173","False","False",""
"2","0","Temporal Manipulation","mb2","Near Mint","English","","","","174","False","False",""
"1","0","Temporal Manipulation","mb2","Near Mint","English","","","","174","False","False",""
"1","0","Thassa's Oracle","mb2","Near Mint","English","","","","175","False","False",""
"1","0","Cabal Ritual","mb2","Near Mint","English","","","","177","False","False",""
"1","0","Contamination","mb2","Near Mint","English","","","","178","False","False",""
"1","0","Dark Ritual","mb2","Near Mint","English","","","","179","False","False",""
"1","0","Death's Shadow","mb2","Near Mint","English","","","","180","False","False",""
"1","0","Doomsday","mb2","Near Mint","English","","","","182","False","False",""
"1","0","Doomsday","mb2","Near Mint","English","","","","182","False","False",""
"1","0","Rain of Daggers","mb2","Near Mint","English","","","","186","False","False",""
"1","0","Snuff Out","mb2","Near Mint","English","","","","187","False","False",""
"1","0","Goblin Lackey","mb2","Near Mint","English","","","","192","False","False",""
"1","0","Goblin Recruiter","mb2","Near Mint","English","","","","193","False","False",""
"1","0","Maddening Hex","mb2","Near Mint","English","","","","195","False","False",""
"1","0","Ruination","mb2","Near Mint","English","","","","199","False","False",""
"1","0","Underworld Breach","mb2","Near Mint","English","","","","200","False","False",""
"1","0","Underworld Breach","mb2","Near Mint","English","","","","200","False","True",""
"1","0","Collected Company","mb2","Near Mint","English","","","","203","False","False",""
"1","0","Collected Company","mb2","Near Mint","English","","","","203","False","False",""
"1","0","Greater Good","mb2","Near Mint","English","","","","207","False","False",""
"1","0","Mirri's Guile","mb2","Near Mint","English","","","","209","False","False",""
"1","0","Mirri's Guile","mb2","Near Mint","English","","","","209","False","False",""
"1","0","Natural Order","mb2","Near Mint","English","","","","210","False","True",""
"1","0","Norwood Priestess","mb2","Near Mint","English","","","","211","False","True",""
"1","0","Goblin Charbelcher","mb2","Near Mint","English","","","","221","False","False",""
"1","0","Grafdigger's Cage","mb2","Near Mint","English","","","","222","False","False",""
"1","0","Grinding Station","mb2","Near Mint","English","","","","223","False","False",""
"1","0","Lotus Petal","mb2","Near Mint","English","","","","226","False","False",""
"1","0","Power Matrix","mb2","Near Mint","English","","","","229","False","False",""
"1","0","Urza's Bauble","mb2","Near Mint","English","","","","237","False","False",""
"1","0","Walking Ballista","mb2","Near Mint","English","","","","238","False","False",""
"1","0","Walking Ballista","mb2","Near Mint","English","","","","238","False","False",""
"1","0","Mirri, Weatherlight Duelist","mb2","Near Mint","English","foil","","","252","False","False",""
"1","0","Planeswalkerificate","mb2","Near Mint","English","","","","565","False","False",""
"1","0","Consecrated Sphinx","mbs","Near Mint","English","","","","21","False","True",""
"1","0","Flensermite","mbs","Near Mint","English","","","","41","False","False",""
"1","0","Spread the Sickness","mbs","Near Mint","English","","","","56","False","False",""
"1","0","Blightwidow","mbs","Near Mint","English","","","","77","False","False",""
"1","0","Sword of Feast and Famine","mbs","Near Mint","English","","","","138","False","True",""
"2","0","Crypt Rats","mh1","Near Mint","English","","","","84","False","False",""
"1","0","Cleaving Sliver","mh1","Near Mint","English","","","","121","False","False",""
"1","0","Trumpeting Herd","mh1","Near Mint","English","","","","187","False","False",""
"1","0","Winding Way","mh1","Near Mint","English","","","","193","False","False",""
"1","0","Fallen Shinobi","mh1","Near Mint","English","","","","199","False","True",""
"1","0","Unbounded Potential","mh2","Near Mint","English","","","","36","False","False",""
"1","0","Hard Evidence","mh2","Near Mint","English","","","","46","False","False",""
"1","0","Inevitable Betrayal","mh2","Near Mint","English","","","","47","False","False",""
"1","0","Specimen Collector","mh2","Near Mint","English","","","","64","False","False",""
"1","0","Deepwood Denizen","mh2","Near Mint","English","","","","155","False","False",""
"2","0","Sanctum Weaver","mh2","Near Mint","English","","","","171","False","True",""
"1","0","Ornithopter of Paradise","mh2","Near Mint","English","","","","232","False","False",""
"1","0","Misty Rainforest","mh2","Near Mint","English","","","","250","False","True",""
"1","0","Seal of Removal","mh2","Near Mint","English","","","","269","False","False",""
"1","0","Gorilla Shaman","mh2","Near Mint","English","","","","280","False","False",""
"1","0","Chainer, Nightmare Adept","mh2","Near Mint","English","","","","289","False","False",""
"1","0","Kitchen Imp","mh2","Near Mint","English","","","","343","False","False",""
"1","0","Vile Entomber","mh2","Near Mint","English","","","","403","False","False",""
"1","0","Misty Rainforest","mh2","Near Mint","English","","","","477","False","False",""
"1","0","Yavimaya, Cradle of Growth","mh2","Near Mint","English","","","","480","False","False",""
"1","0","Hexgold Slith","mh3","Near Mint","English","","","","30","False","False",""
"1","0","Electrozoa","mh3","Near Mint","English","","","","60","False","False",""
"1","0","Petrifying Meddler","mh3","Near Mint","English","","","","66","False","False",""
"1","0","Emperor of Bones","mh3","Near Mint","English","","","","90","False","False",""
"1","0","Marionette Apprentice","mh3","Near Mint","English","","","","100","False","True",""
"1","0","Marionette Apprentice","mh3","Near Mint","English","","","","100","False","False",""
"3","0","Warren Soultrader","mh3","Near Mint","English","","","","110","False","True",""
"1","0","Warren Soultrader","mh3","Near Mint","English","","","","110","False","False",""
"1","0","Galvanic Discharge","mh3","Near Mint","English","","","","122","False","False",""
"1","0","Basking Broodscale","mh3","Near Mint","English","","","","145","False","False",""
"1","0","Monstrous Vortex","mh3","Near Mint","English","","","","162","False","False",""
"1","0","Golden-Tail Trainer","mh3","Near Mint","English","","","","187","False","False",""
"1","0","Bloodstained Mire","mh3","Near Mint","English","","","","216","False","True",""
"1","0","Bloodstained Mire","mh3","Near Mint","English","","","","216","False","True",""
"1","0","Foreboding Landscape","mh3","Near Mint","English","","","","221","False","False",""
"1","0","Perilous Landscape","mh3","Near Mint","English","","","","223","False","False",""
"1","0","Twisted Landscape","mh3","Near Mint","English","","","","232","False","False",""
"1","0","Rush of Inspiration // Crackling Falls","mh3","Near Mint","English","","","","257","False","False",""
"1","0","Waterlogged Teachings // Inundated Archive","mh3","Near Mint","English","","","","261","False","True",""
"1","0","Buried Alive","mh3","Near Mint","English","","","","273","False","False",""
"1","0","Toxic Deluge","mh3","Near Mint","English","","","","277","False","False",""
"1","0","Toxic Deluge","mh3","Near Mint","English","","","","277","False","True",""
"1","0","Toxic Deluge","mh3","Near Mint","English","","","","277","False","False",""
"1","0","Branching Evolution","mh3","Near Mint","English","","","","285","False","False",""
"1","0","Ashling, Flame Dancer","mh3","Near Mint","English","","","","367","False","True",""
"1","0","Flooded Strand","mh3","Near Mint","English","","","","436","False","True",""
"1","0","Tamiyo, Inquisitive Student // Tamiyo, Seasoned Scholar","mh3","Near Mint","English","","","","443","False","True",""
"1","0","Island","mh3","Near Mint","English","foil","","","500","False","False",""
"1","0","Cathar Commando","mid","Near Mint","English","","","","10","False","False",""
"1","0","Fading Hope","mid","Near Mint","English","","","","51","False","False",""
"1","0","Startle","mid","Near Mint","English","","","","78","False","False",""
"1","0","Startle","mid","Near Mint","English","","","","78","False","False",""
"1","0","Morbid Opportunist","mid","Near Mint","English","","","","113","False","False",""
"1","0","Morbid Opportunist","mid","Near Mint","English","","","","113","False","False",""
"1","0","Purifying Dragon","mid","Near Mint","English","","","","155","False","False",""
"1","0","Rise of the Ants","mid","Near Mint","English","","","","196","False","False",""
"1","0","Power Sink","mir","Near Mint","English","","","","83","False","False",""
"1","0","Cinder Cloud","mir","Near Mint","English","","","","165","False","False",""
"1","0","Incinerate","mir","Near Mint","English","","","","184","False","False",""
"1","0","Raucous Theater","mkm","Near Mint","English","","","","329","False","True",""
"1","0","Eye of Ugin","mm2","Near Mint","English","","","","242","False","True",""
"1","0","Cackling Counterpart","mm3","Near Mint","English","","","","32","False","False",""
"1","0","Gnawing Zombie","mm3","Near Mint","English","","","","71","False","False",""
"1","0","Scourge Devil","mm3","Near Mint","English","","","","111","False","False",""
"1","0","Burning-Tree Emissary","mm3","Near Mint","English","","","","207","False","False",""
"1","0","Marsh Flats","mm3","Near Mint","English","","","","239","False","True",""
"1","0","Arcbound Stinger","mma","Near Mint","English","","","","199","False","False",""
"1","0","Peat Bog","mmq","Near Mint","English","","","","322","False","False",""
"1","0","Champion of Lambholt","moc","Near Mint","English","","","","293","False","False",""
"1","0","Replicating Ring","moc","Near Mint","English","","","","372","False","False",""
"1","0","Rogue's Passage","moc","Near Mint","English","","","","421","False","False",""
"1","0","Elspeth's Smite","mom","Near Mint","English","","","","13","False","False",""
"1","0","Sunder the Gateway","mom","Near Mint","English","","","","39","False","False",""
"1","0","Faerie Mastermind","mom","Near Mint","English","","","","58","False","True",""
"1","0","Invasion of Arcavios // Invocation of the Founders","mom","Near Mint","English","","","","61","False","True",""
"1","0","Fearless Skald","mom","Near Mint","English","","","","138","False","False",""
"1","0","Timberland Ancient","mom","Near Mint","English","","","","210","False","False",""
"2","0","Wary Thespian","mom","Near Mint","English","","","","215","False","False",""
"1","0","Urabrask // The Great Work","mom","Near Mint","English","","","","299","False","True",""
"2","0","Maralen of the Mornsong","mor","Near Mint","English","","","","65","False","True",""
"1","0","Atog","mrd","Near Mint","English","","","","86","False","False",""
"1","0","Electrostatic Bolt","mrd","Near Mint","English","","","","89","False","False",""
"1","0","Grab the Reins","mrd","Near Mint","English","","","","95","False","False",""
"1","0","Alpha Myr","mrd","Near Mint","English","","","","142","False","False",""
"1","0","Power Conduit","mrd","Near Mint","English","","","","229","False","False",""
"1","0","Invisible Woman","msc","Near Mint","English","foil","","","1","False","False",""
"1","0","Mister Fantastic","msc","Near Mint","English","foil","","","2","False","False",""
"1","0","Human Torch","msc","Near Mint","English","foil","","","3","False","False",""
"1","0","The Thing","msc","Near Mint","English","foil","","","4","False","False",""
"1","0","Captain America, Team Leader","msc","Near Mint","English","","","","5","False","False",""
"1","0","Doctor Doom, King of Latveria","msc","Near Mint","English","","","","6","False","False",""
"1","0","T'Challa, the Black Panther","msc","Near Mint","English","foil","","","7","False","False",""
"1","0","Galactus, Devourer of Worlds","msc","Near Mint","English","","","","8","False","False",""
"1","0","Molecule Man","msc","Near Mint","English","","","","9","False","False",""
"1","0","Silver Surfer, Galactus's Herald","msc","Near Mint","English","","","","10","False","False",""
"1","0","Avenge","msc","Near Mint","English","","","","11","False","False",""
"1","0","Dora Milaje Elite","msc","Near Mint","English","","","","12","False","False",""
"1","0","Everett K. Ross, Hapless Attaché","msc","Near Mint","English","","","","13","False","False",""
"1","0","Falcon and Redwing","msc","Near Mint","English","","","","14","False","False",""
"1","0","Hatut Zeraze Strike Force","msc","Near Mint","English","","","","15","False","False",""
"1","0","Hercules, Olympian Hero","msc","Near Mint","English","","","","16","False","False",""
"1","0","Heroic Return","msc","Near Mint","English","","","","17","False","False",""
"1","0","Heroic Sacrifice","msc","Near Mint","English","","","","18","False","False",""
"1","0","Invisible Force Field","msc","Near Mint","English","","","","19","False","False",""
"1","0","King Solomon's Frogs","msc","Near Mint","English","","","","20","False","False",""
"1","0","Methods of the Mighty","msc","Near Mint","English","","","","21","False","False",""
"1","0","Midnight Angel Armor","msc","Near Mint","English","","","","22","False","False",""
"1","0","Queen Mother Ramonda","msc","Near Mint","English","","","","23","False","False",""
"1","0","Royal Talon Fighter Jet","msc","Near Mint","English","","","","24","False","False",""
"1","0","The Spear of Bashenga","msc","Near Mint","English","","","","25","False","False",""
"1","0","Ultimate Nullification","msc","Near Mint","English","","","","26","False","False",""
"1","0","Winter Soldier, Reborn Avenger","msc","Near Mint","English","","","","27","False","False",""
"1","0","Council of Reeds","msc","Near Mint","English","","","","28","False","False",""
"1","0","Extract Power","msc","Near Mint","English","","","","29","False","False",""
"1","0","Fantastic Elasticity","msc","Near Mint","English","","","","30","False","False",""
"1","0","Glorious Purpose","msc","Near Mint","English","","","","31","False","False",""
"1","0","Helmut Zemo, Mastermind","msc","Near Mint","English","","","","32","False","False",""
"1","0","Iron Man, Armored Avenger","msc","Near Mint","English","","","","33","False","False",""
"1","0","Jarvis, Earth's Mightiest Butler","msc","Near Mint","English","","","","34","False","False",""
"1","0","Kang Dynasty","msc","Near Mint","English","","","","35","False","False",""
"1","0","Lockjaw, Slobbering Teleporter","msc","Near Mint","English","","","","36","False","False",""
"1","0","Professor Hulk","msc","Near Mint","English","","","","37","False","False",""
"1","0","Valeria Richards, Precocious","msc","Near Mint","English","","","","38","False","False",""
"1","0","The Wasp, Winsome Avenger","msc","Near Mint","English","","","","39","False","False",""
"1","0","West Coast Expansion","msc","Near Mint","English","","","","40","False","False",""
"1","0","Age of Ultron","msc","Near Mint","English","","","","41","False","False",""
"1","0","Damocles Base, Sword of Kang","msc","Near Mint","English","","","","42","False","False",""
"1","0","Endless Ranks of HYDRA","msc","Near Mint","English","","","","43","False","False",""
"1","0","The Frightful Four","msc","Near Mint","English","","","","44","False","False",""
"1","0","Iron Monger, Sadistic Tycoon","msc","Near Mint","English","","","","45","False","False",""
"1","0","Klaw, Master of Sound","msc","Near Mint","English","","","","46","False","False",""
"1","0","Abomination, World Ravager","msc","Near Mint","English","","","","47","False","False",""
"1","0","Alicia Masters, Skilled Sculptor","msc","Near Mint","English","","","","48","False","False",""
"1","0","Batroc the Leaper","msc","Near Mint","English","","","","49","False","False",""
"1","0","Firebird, Blazing Ranger","msc","Near Mint","English","","","","50","False","False",""
"1","0","Flame On!","msc","Near Mint","English","","","","51","False","False",""
"1","0","Franklin Richards, Ascendant","msc","Near Mint","English","","","","52","False","False",""
"1","0","Killmonger, Ruthless Usurper","msc","Near Mint","English","","","","53","False","False",""
"1","0","Lady Loki, Agent of Chaos","msc","Near Mint","English","","","","54","False","False",""
"1","0","Living Laser","msc","Near Mint","English","","","","55","False","False",""
"1","0","Loki's Scepter","msc","Near Mint","English","","","","56","False","False",""
"1","0","Nova Flame","msc","Near Mint","English","","","","57","False","False",""
"1","0","Photon, Mighty Marvel","msc","Near Mint","English","","","","58","False","False",""
"1","0","Puppet Master, String Puller","msc","Near Mint","English","","","","59","False","False",""
"1","0","She-Hulk, Wallbreaker","msc","Near Mint","English","","","","60","False","False",""
"1","0","Stilt-Man, Towering Terror","msc","Near Mint","English","","","","61","False","False",""
"1","0","Titania, Proud Pummeler","msc","Near Mint","English","","","","62","False","False",""
"1","0","War Machine, Avenging Arsenal","msc","Near Mint","English","","","","63","False","False",""
"1","0","Ancestral Communion","msc","Near Mint","English","","","","64","False","False",""
"1","0","Fight for the Throne","msc","Near Mint","English","","","","65","False","False",""
"1","0","It's Clobberin' Time!","msc","Near Mint","English","","","","66","False","False",""
"1","0","M'Baku, Jabari Chieftain","msc","Near Mint","English","","","","67","False","False",""
"1","0","Medusa, Inhuman Queen","msc","Near Mint","English","","","","68","False","False",""
"1","0","Nakia, Wakandan Operative","msc","Near Mint","English","","","","69","False","False",""
"1","0","W'Kabi, Shield of the Nation","msc","Near Mint","English","","","","70","False","False",""
"1","0","Wakanda Forever!","msc","Near Mint","English","","","","71","False","False",""
"1","0","Zuri, Warrior of Wakanda","msc","Near Mint","English","","","","72","False","False",""
"1","0","Ant-Man, Elusive Avenger","msc","Near Mint","English","","","","73","False","False",""
"1","0","Archnemesis","msc","Near Mint","English","","","","74","False","False",""
"1","0","Bast, Panther Goddess","msc","Near Mint","English","","","","75","False","False",""
"1","0","Black Bolt, Inhuman King","msc","Near Mint","English","","","","76","False","False",""
"1","0","Black Widow, Agile Avenger","msc","Near Mint","English","","","","77","False","False",""
"1","0","Captain Marvel, Apex Avenger","msc","Near Mint","English","","","","78","False","False",""
"1","0","Cosmic Crucible","msc","Near Mint","English","","","","79","False","False",""
"1","0","Crystal, Inhuman Princess","msc","Near Mint","English","","","","80","False","False",""
"1","0","Director Nick Fury","msc","Near Mint","English","","","","81","False","False",""
"1","0","Dragon Man, Reformed Robot","msc","Near Mint","English","","","","82","False","False",""
"1","0","First Family","msc","Near Mint","English","","","","83","False","False",""
"1","0","Hawkeye, Avenging Archer","msc","Near Mint","English","","","","84","False","False",""
"1","0","Kang Prime","msc","Near Mint","English","","","","85","False","False",""
"1","0","Loki, the Deceiver","msc","Near Mint","English","","","","86","False","False",""
"1","0","Love on the Battlefield","msc","Near Mint","English","","","","87","False","False",""
"1","0","Namor, Atlantean King","msc","Near Mint","English","","","","88","False","False",""
"1","0","Okoye, Mighty and Adored","msc","Near Mint","English","","","","89","False","False",""
"1","0","Power Pack","msc","Near Mint","English","","","","90","False","False",""
"1","0","Quicksilver, Speedster","msc","Near Mint","English","","","","91","False","False",""
"1","0","Red Ghost, Intangible Genius","msc","Near Mint","English","","","","92","False","False",""
"1","0","Scarlet Witch, Chaotic Avenger","msc","Near Mint","English","","","","93","False","False",""
"1","0","Shang-Chi and the Ten Rings","msc","Near Mint","English","","","","94","False","False",""
"1","0","Shuri, the Black Panther","msc","Near Mint","English","","","","95","False","False",""
"1","0","The Squadron Sinister","msc","Near Mint","English","","","","96","False","False",""
"1","0","Storm, Queen of Wakanda","msc","Near Mint","English","","","","97","False","False",""
"1","0","T'Chaka, Venerable King","msc","Near Mint","English","","","","98","False","False",""
"1","0","Typhoid Mary, Fractured","msc","Near Mint","English","","","","99","False","False",""
"1","0","Ultron, Unlimited","msc","Near Mint","English","","","","100","False","False",""
"1","0","Willie Lumpkin, Postman","msc","Near Mint","English","","","","101","False","False",""
"1","0","Avengers Quinjet","msc","Near Mint","English","","","","102","False","False",""
"1","0","Doom's Time Platform","msc","Near Mint","English","","","","103","False","False",""
"1","0","The Fantasticar","msc","Near Mint","English","","","","104","False","False",""
"1","0","Heart-Shaped Herb","msc","Near Mint","English","","","","105","False","False",""
"1","0","H.E.R.B.I.E., Lovable Robot","msc","Near Mint","English","","","","106","False","False",""
"1","0","Hulkbuster Armor","msc","Near Mint","English","","","","107","False","False",""
"1","0","Jocasta, Automaton Avenger","msc","Near Mint","English","","","","108","False","False",""
"1","0","Kimoyo Beads","msc","Near Mint","English","","","","109","False","False",""
"1","0","N'Yami-Class Mother Ship","msc","Near Mint","English","","","","110","False","False",""
"1","0","Negative Zone Portal","msc","Near Mint","English","","","","111","False","False",""
"1","0","Panther Habit","msc","Near Mint","English","","","","112","False","False",""
"1","0","Panther Robot","msc","Near Mint","English","","","","113","False","False",""
"1","0","Shuri's Fabricator","msc","Near Mint","English","","","","114","False","False",""
"1","0","Tri-Sentinel, Act of Vengeance","msc","Near Mint","English","","","","115","False","False",""
"1","0","Unstable Molecule Suit","msc","Near Mint","English","","","","116","False","False",""
"1","0","Vibranium Mining Mech","msc","Near Mint","English","","","","117","False","False",""
"1","0","Vibranium Strike Gauntlets","msc","Near Mint","English","","","","118","False","False",""
"1","0","Vision, Synthezoid Avenger","msc","Near Mint","English","","","","119","False","False",""
"1","0","The Great Mound","msc","Near Mint","English","","","","120","False","False",""
"1","0","Austere Command","msc","Near Mint","English","","","","121","False","False",""
"1","0","Bastion Protector","msc","Near Mint","English","","","","122","False","False",""
"1","0","Bovine Intervention","msc","Near Mint","English","","","","123","False","False",""
"1","0","Cleansing Nova","msc","Near Mint","English","","","","124","False","False",""
"1","0","Clever Concealment","msc","Near Mint","English","","","","125","False","False",""
"1","0","Collective Effort","msc","Near Mint","English","","","","126","False","False",""
"1","0","Cut a Deal","msc","Near Mint","English","","","","127","False","False",""
"1","0","Destroy Evil","msc","Near Mint","English","","","","128","False","False",""
"1","0","Dismantling Wave","msc","Near Mint","English","","","","129","False","False",""
"1","0","Dispatch","msc","Near Mint","English","","","","130","False","False",""
"1","0","Divine Visitation","msc","Near Mint","English","","","","131","False","False",""
"1","0","Folk Hero","msc","Near Mint","English","","","","132","False","False",""
"1","0","Generous Gift","msc","Near Mint","English","","","","133","False","False",""
"1","0","Gift of Immortality","msc","Near Mint","English","","","","134","False","False",""
"1","0","Ingenious Smith","msc","Near Mint","English","","","","135","False","False",""
"1","0","Loyal Retainers","msc","Near Mint","English","","","","136","False","False",""
"1","0","Make Your Move","msc","Near Mint","English","","","","137","False","False",""
"1","0","Martial Coup","msc","Near Mint","English","","","","138","False","False",""
"1","0","Monologue Tax","msc","Near Mint","English","","","","139","False","False",""
"1","0","Palace Jailer","msc","Near Mint","English","","","","140","False","False",""
"1","0","Path to Exile","msc","Near Mint","English","","","","141","False","False",""
"1","0","Promise of Loyalty","msc","Near Mint","English","","","","142","False","False",""
"1","0","Swords to Plowshares","msc","Near Mint","English","","","","143","False","False",""
"1","0","Tragic Arrogance","msc","Near Mint","English","","","","144","False","False",""
"1","0","Valorous Stance","msc","Near Mint","English","","","","145","False","False",""
"1","0","Vanquish the Horde","msc","Near Mint","English","","","","146","False","False",""
"1","0","Arcane Denial","msc","Near Mint","English","","","","147","False","False",""
"1","0","Chameleon, Master of Disguise","msc","Near Mint","English","","","","148","False","False",""
"1","0","Deep Analysis","msc","Near Mint","English","","","","149","False","False",""
"1","0","Kindred Discovery","msc","Near Mint","English","","","","150","False","False",""
"1","0","Propaganda","msc","Near Mint","English","","","","151","False","False",""
"1","0","Quantum Misalignment","msc","Near Mint","English","","","","152","False","False",""
"1","0","Reconnaissance Mission","msc","Near Mint","English","","","","153","False","False",""
"1","0","Recurring Insight","msc","Near Mint","English","","","","154","False","False",""
"1","0","Black Market Connections","msc","Near Mint","English","","","","155","False","False",""
"1","0","Kindred Dominance","msc","Near Mint","English","","","","156","False","False",""
"1","0","Lethal Scheme","msc","Near Mint","English","","","","157","False","False",""
"1","0","Night's Whisper","msc","Near Mint","English","","","","158","False","False",""
"1","0","Syphon Mind","msc","Near Mint","English","","","","159","False","False",""
"1","0","Tombstone, Career Criminal","msc","Near Mint","English","","","","160","False","False",""
"1","0","Tombstone, Career Criminal","msc","Near Mint","English","","","","160","False","False",""
"1","0","Toxic Deluge","msc","Near Mint","English","","","","161","False","False",""
"1","0","Withering Torment","msc","Near Mint","English","","","","162","False","False",""
"1","0","Blasphemous Act","msc","Near Mint","English","","","","163","False","False",""
"1","0","Chaos Warp","msc","Near Mint","English","","","","164","False","False",""
"1","0","Into the Time Vortex","msc","Near Mint","English","","","","165","False","False",""
"1","0","Seize the Day","msc","Near Mint","English","","","","166","False","False",""
"1","0","Superior Foes of Spider-Man","msc","Near Mint","English","","","","167","False","False",""
"1","0","Vandalblast","msc","Near Mint","English","","","","168","False","False",""
"1","0","Beast Within","msc","Near Mint","English","","","","169","False","False",""
"1","0","Birds of Paradise","msc","Near Mint","English","","","","170","False","False",""
"1","0","Conduit of Worlds","msc","Near Mint","English","","","","171","False","False",""
"1","0","Cultivate","msc","Near Mint","English","","","","172","False","False",""
"1","0","Greater Good","msc","Near Mint","English","","","","174","False","False",""
"1","0","Harmonize","msc","Near Mint","English","","","","175","False","False",""
"1","0","Loyal Guardian","msc","Near Mint","English","","","","176","False","False",""
"1","0","Nature's Lore","msc","Near Mint","English","","","","177","False","False",""
"1","0","Overwhelming Stampede","msc","Near Mint","English","","","","178","False","False",""
"1","0","Path of Discovery","msc","Near Mint","English","","","","179","False","False",""
"1","0","Terramorph","msc","Near Mint","English","","","","180","False","False",""
"1","0","Three Visits","msc","Near Mint","English","","","","181","False","False",""
"1","0","Bedevil","msc","Near Mint","English","","","","182","False","False",""
"1","0","Expressive Iteration","msc","Near Mint","English","","","","183","False","False",""
"1","0","Galvanic Iteration","msc","Near Mint","English","","","","184","False","False",""
"1","0","Hull Breach","msc","Near Mint","English","","","","185","False","False",""
"1","0","Prowler, Clawed Thief","msc","Near Mint","English","","","","186","False","False",""
"1","0","Rip Apart","msc","Near Mint","English","","","","187","False","False",""
"1","0","Taunt from the Rampart","msc","Near Mint","English","","","","188","False","False",""
"1","0","Terminate","msc","Near Mint","English","","","","189","False","False",""
"1","0","Whirlwind of Thought","msc","Near Mint","English","","","","190","False","False",""
"1","0","Arcane Signet","msc","Near Mint","English","","","","191","False","False",""
"1","0","Arcane Signet","msc","Near Mint","English","","","","192","False","False",""
"1","0","Arcane Signet","msc","Near Mint","English","","","","193","False","False",""
"1","0","Arcane Signet","msc","Near Mint","English","","","","194","False","False",""
"1","0","Chromatic Lantern","msc","Near Mint","English","","","","195","False","False",""
"1","0","Coveted Jewel","msc","Near Mint","English","","","","196","False","False",""
"1","0","Currency Converter","msc","Near Mint","English","","","","197","False","False",""
"1","0","Door of Destinies","msc","Near Mint","English","","","","198","False","False",""
"1","0","Gilded Lotus","msc","Near Mint","English","","","","199","False","False",""
"1","0","Helm of the Host","msc","Near Mint","English","","","","200","False","False",""
"1","0","Hero's Blade","msc","Near Mint","English","","","","201","False","False",""
"1","0","Lightning Greaves","msc","Near Mint","English","","","","202","False","False",""
"1","0","Metallic Mimic","msc","Near Mint","English","","","","203","False","False",""
"1","0","Metalwork Colossus","msc","Near Mint","English","","","","204","False","False",""
"1","0","Meteor Golem","msc","Near Mint","English","","","","205","False","False",""
"1","0","Mirage Mirror","msc","Near Mint","English","","","","206","False","False",""
"1","0","Patchwork Banner","msc","Near Mint","English","","","","207","False","False",""
"1","0","Progenitor's Icon","msc","Near Mint","English","","","","208","False","False",""
"1","0","Relic of Legends","msc","Near Mint","English","","","","209","False","False",""
"1","0","Skullclamp","msc","Near Mint","English","","","","210","False","False",""
"1","0","Sol Ring","msc","Near Mint","English","","","","211","False","False",""
"1","0","Sol Ring","msc","Near Mint","English","","","","212","False","False",""
"1","0","Sol Ring","msc","Near Mint","English","","","","213","False","False",""
"1","0","Sol Ring","msc","Near Mint","English","","","","214","False","False",""
"1","0","Solemn Simulacrum","msc","Near Mint","English","","","","215","False","False",""
"1","0","Swiftfoot Boots","msc","Near Mint","English","","","","216","False","False",""
"1","0","Talisman of Conviction","msc","Near Mint","English","","","","217","False","False",""
"1","0","Talisman of Creativity","msc","Near Mint","English","","","","218","False","False",""
"1","0","Talisman of Dominance","msc","Near Mint","English","","","","219","False","False",""
"1","0","Talisman of Indulgence","msc","Near Mint","English","","","","220","False","False",""
"1","0","Talisman of Progress","msc","Near Mint","English","","","","221","False","False",""
"1","0","Thought Vessel","msc","Near Mint","English","","","","222","False","False",""
"1","0","Tome of Legends","msc","Near Mint","English","","","","223","False","False",""
"1","0","Trading Post","msc","Near Mint","English","","","","224","False","False",""
"1","0","Whispersilk Cloak","msc","Near Mint","English","","","","225","False","False",""
"1","0","Bountiful Promenade","msc","Near Mint","English","","","","226","False","False",""
"1","0","Canopy Vista","msc","Near Mint","English","","","","227","False","False",""
"1","0","Canopy Vista","msc","Near Mint","English","","","","227","False","False",""
"1","0","Canyon Slough","msc","Near Mint","English","","","","228","False","False",""
"1","0","Choked Estuary","msc","Near Mint","English","","","","229","False","False",""
"1","0","Cinder Glade","msc","Near Mint","English","","","","230","False","False",""
"1","0","Clifftop Retreat","msc","Near Mint","English","","","","231","False","False",""
"1","0","Clifftop Retreat","msc","Near Mint","English","","","","231","False","False",""
"1","0","Coastal Peak","msc","Near Mint","English","","","","232","False","False",""
"1","0","Coastal Peak","msc","Near Mint","English","","","","232","False","False",""
"1","0","Command Tower","msc","Near Mint","English","","","","233","False","False",""
"1","0","Command Tower","msc","Near Mint","English","","","","234","False","False",""
"1","0","Command Tower","msc","Near Mint","English","","","","235","False","False",""
"1","0","Command Tower","msc","Near Mint","English","","","","236","False","False",""
"1","0","Crumbling Necropolis","msc","Near Mint","English","","","","237","False","False",""
"1","0","Dragonskull Summit","msc","Near Mint","English","","","","238","False","False",""
"1","0","Drowned Catacomb","msc","Near Mint","English","","","","239","False","False",""
"1","0","Evolving Wilds","msc","Near Mint","English","","","","240","False","False",""
"1","0","Evolving Wilds","msc","Near Mint","English","","","","240","False","False",""
"1","0","Exotic Orchard","msc","Near Mint","English","","","","241","False","False",""
"1","0","Exotic Orchard","msc","Near Mint","English","","","","241","False","False",""
"1","0","Exotic Orchard","msc","Near Mint","English","","","","241","False","False",""
"1","0","Fabled Passage","msc","Near Mint","English","","","","242","False","False",""
"1","0","Fetid Pools","msc","Near Mint","English","","","","243","False","False",""
"1","0","Foreboding Ruins","msc","Near Mint","English","","","","244","False","False",""
"1","0","Fortified Village","msc","Near Mint","English","","","","245","False","False",""
"1","0","Frostboil Snarl","msc","Near Mint","English","","","","246","False","False",""
"1","0","Frostboil Snarl","msc","Near Mint","English","","","","246","False","False",""
"1","0","Furycalm Snarl","msc","Near Mint","English","","","","247","False","False",""
"1","0","Glacial Fortress","msc","Near Mint","English","","","","248","False","False",""
"1","0","Glacial Fortress","msc","Near Mint","English","","","","248","False","False",""
"1","0","Glittering Massif","msc","Near Mint","English","","","","249","False","False",""
"1","0","Hinterland Harbor","msc","Near Mint","English","","","","250","False","False",""
"1","0","Irrigated Farmland","msc","Near Mint","English","","","","251","False","False",""
"1","0","Luxury Suite","msc","Near Mint","English","","","","252","False","False",""
"1","0","Mystic Monastery","msc","Near Mint","English","","","","253","False","False",""
"1","0","Path of Ancestry","msc","Near Mint","English","","","","254","False","False",""
"1","0","Path of Ancestry","msc","Near Mint","English","","","","254","False","False",""
"1","0","Path of Ancestry","msc","Near Mint","English","","","","254","False","False",""
"1","0","Path of Ancestry","msc","Near Mint","English","","","","254","False","False",""
"1","0","Plaza of Heroes","msc","Near Mint","English","","","","255","False","False",""
"1","0","Port Town","msc","Near Mint","English","","","","256","False","False",""
"1","0","Prairie Stream","msc","Near Mint","English","","","","257","False","False",""
"1","0","Prairie Stream","msc","Near Mint","English","","","","257","False","False",""
"1","0","Radiant Summit","msc","Near Mint","English","","","","258","False","False",""
"1","0","Radiant Summit","msc","Near Mint","English","","","","258","False","False",""
"1","0","Razorverge Thicket","msc","Near Mint","English","","","","259","False","False",""
"1","0","Rejuvenating Springs","msc","Near Mint","English","","","","260","False","False",""
"1","0","Rootbound Crag","msc","Near Mint","English","","","","261","False","False",""
"1","0","Scattered Groves","msc","Near Mint","English","","","","262","False","False",""
"1","0","Scavenger Grounds","msc","Near Mint","English","","","","263","False","False",""
"1","0","Scavenger Grounds","msc","Near Mint","English","","","","263","False","False",""
"1","0","Scavenger Grounds","msc","Near Mint","English","","","","263","False","False",""
"1","0","Scorched Geyser","msc","Near Mint","English","","","","264","False","False",""
"1","0","Scorched Geyser","msc","Near Mint","English","","","","264","False","False",""
"1","0","Scorched Geyser","msc","Near Mint","English","","","","264","False","False",""
"1","0","Secluded Courtyard","msc","Near Mint","English","","","","265","False","False",""
"1","0","Secluded Courtyard","msc","Near Mint","English","","","","265","False","False",""
"1","0","Smoldering Marsh","msc","Near Mint","English","","","","266","False","False",""
"1","0","Sodden Verdure","msc","Near Mint","English","","","","267","False","False",""
"1","0","Spectator Seating","msc","Near Mint","English","","","","268","False","False",""
"1","0","Sulfur Falls","msc","Near Mint","English","","","","269","False","False",""
"1","0","Sulfur Falls","msc","Near Mint","English","","","","269","False","False",""
"1","0","Sulfur Falls","msc","Near Mint","English","","","","269","False","False",""
"1","0","Sungrass Prairie","msc","Near Mint","English","","","","270","False","False",""
"1","0","Sunken Hollow","msc","Near Mint","English","","","","271","False","False",""
"1","0","Sunpetal Grove","msc","Near Mint","English","","","","272","False","False",""
"1","0","Sunpetal Grove","msc","Near Mint","English","","","","272","False","False",""
"1","0","Throne of the High City","msc","Near Mint","English","","","","274","False","False",""
"1","0","Unclaimed Territory","msc","Near Mint","English","","","","275","False","False",""
"1","0","Unclaimed Territory","msc","Near Mint","English","","","","275","False","False",""
"1","0","Scourglass","msc","Near Mint","English","","","","276","False","False",""
"1","0","Mind's Dilation","msc","Near Mint","English","","","","277","False","False",""
"1","0","Raise the Palisade","msc","Near Mint","English","","","","278","False","False",""
"1","0","Spark Double","msc","Near Mint","English","","","","279","False","False",""
"1","0","Titan of Littjara","msc","Near Mint","English","","","","280","False","False",""
"1","0","Annie Joins Up","msc","Near Mint","English","","","","281","False","False",""
"1","0","Fleecemane Lion","msc","Near Mint","English","","","","282","False","False",""
"1","0","Genesis Ultimatum","msc","Near Mint","English","","","","283","False","False",""
"1","0","Containment Construct","msc","Near Mint","English","","","","284","False","False",""
"1","0","Fellwar Stone","msc","Near Mint","English","","","","285","False","False",""
"1","0","Hammer of Nazahn","msc","Near Mint","English","","","","286","False","False",""
"1","0","Herald's Horn","msc","Near Mint","English","","","","287","False","False",""
"1","0","Mind's Eye","msc","Near Mint","English","","","","288","False","False",""
"1","0","Sword of the Animist","msc","Near Mint","English","","","","289","False","False",""
"1","0","Thran Dynamo","msc","Near Mint","English","","","","290","False","False",""
"1","0","Council of Reeds","msc","Near Mint","English","","","","327","False","False",""
"1","0","Glorious Purpose","msc","Near Mint","English","","","","330","False","False",""
"1","0","Firebird, Blazing Ranger","msc","Near Mint","English","","","","360","False","False",""
"1","0","Into the Time Vortex","msc","Near Mint","English","","","","363","False","False",""
"1","0","War Machine, Avenging Arsenal","msc","Near Mint","English","","","","375","False","False",""
"1","0","Overwhelming Stampede","msc","Near Mint","English","","","","385","False","False",""
"1","0","Shuri, the Black Panther","msc","Near Mint","English","","","","416","False","False",""
"1","0","T'Chaka, Venerable King","msc","Near Mint","English","","","","419","False","False",""
"1","0","The Fantasticar","msc","Near Mint","English","","","","433","False","False",""
"1","0","Helm of the Host","msc","Near Mint","English","","","","437","False","False",""
"1","0","Hulkbuster Armor","msc","Near Mint","English","","","","438","False","False",""
"1","0","Canyon Slough","msc","Near Mint","English","","","","463","False","False",""
"1","0","Glacial Fortress","msc","Near Mint","English","","","","477","False","False",""
"1","0","Scorched Geyser","msc","Near Mint","English","","","","492","False","False",""
"1","0","Iron Man, Futurist Paragon","msc","Near Mint","English","","","","501","False","False",""
"3","0","Fall to Earth","msc","Near Mint","English","","","","517","False","False",""
"2","0","Valkyrior Skyrider","msc","Near Mint","English","","","","525","False","False",""
"1","0","Blue Marvel, Adam Brashear","msc","Near Mint","English","","","","530","False","False",""
"1","0","Graviton, Fundamental Force","msc","Near Mint","English","","","","531","False","False",""
"1","0","Boomerang, Blade Flinger","msc","Near Mint","English","","","","534","False","False",""
"1","0","Infernal Rebirth","msc","Near Mint","English","","","","537","False","False",""
"1","0","Infernal Rebirth","msc","Near Mint","English","","","","537","False","False",""
"3","0","Marvelous Melee","msc","Near Mint","English","","","","549","False","False",""
"1","0","Marvelous Melee","msc","Near Mint","English","","","","549","False","False",""
"2","0","Wiccan, Young Avenger","msc","Near Mint","English","","","","557","False","False",""
"2","0","Colossal Collision","msc","Near Mint","English","","","","558","False","False",""
"1","0","Colossal Collision","msc","Near Mint","English","","","","558","False","False",""
"1","0","Thing Swing","msc","Near Mint","English","","","","564","False","False",""
"1","0","Atlas, Sizable Stooge","msc","Near Mint","English","","","","566","False","False",""
"1","0","Brawn, Amadeus Cho","msc","Near Mint","English","","","","567","False","False",""
"1","0","Gert and Old Lace, Runaways","msc","Near Mint","English","","","","568","False","False",""
"1","0","Iron Lad, Young Avenger","msc","Near Mint","English","","","","569","False","False",""
"1","0","Patriot, Young Avenger","msc","Near Mint","English","","","","570","False","False",""
"2","0","Stature, Young Avenger","msc","Near Mint","English","","","","571","False","False",""
"1","0","War Machine, James Rhodes","msc","Near Mint","English","","","","572","False","False",""
"1","0","Victor Mancha, Runaway","msc","Near Mint","English","","","","574","False","False",""
"1","0","Victor Mancha, Runaway","msc","Near Mint","English","","","","574","False","False",""
"1","0","Black Panther, Most Dangerous","msc","Near Mint","English","","","","584","False","False",""
"1","0","Captain America, Skybound","msc","Near Mint","English","","","","588","False","False",""
"1","0","Donald Blake, Guise of Thor","msc","Near Mint","English","","","","592","False","False",""
"1","0","Falcon, Joaquin Torres","msc","Near Mint","English","","","","593","False","False",""
"1","0","General Thunderbolt Ross","msc","Near Mint","English","","","","595","False","False",""
"1","0","Hawkeye, Bowslinger","msc","Near Mint","English","","","","596","False","False",""
"1","0","Heroic Teamwork","msc","Near Mint","English","","","","597","False","False",""
"3","0","Heroic Teamwork","msc","Near Mint","English","","","","597","False","False",""
"1","0","The Howling Commandos","msc","Near Mint","English","","","","598","False","False",""
"1","0","Origin of Captain America","msc","Near Mint","English","","","","605","False","False",""
"1","0","Secure Detention","msc","Near Mint","English","","","","608","False","False",""
"1","0","Strategic Intervention","msc","Near Mint","English","","","","609","False","False",""
"1","0","Strategic Intervention","msc","Near Mint","English","","","","609","False","False",""
"1","0","Stunning Shot","msc","Near Mint","English","","","","610","False","False",""
"2","0","Ultimate Alliance","msc","Near Mint","English","","","","611","False","False",""
"1","0","Vault Guardsman","msc","Near Mint","English","","","","612","False","False",""
"2","0","Wakandan Shield Guard","msc","Near Mint","English","","","","613","False","False",""
"1","0","Wall Off","msc","Near Mint","English","","","","614","False","False",""
"1","0","Atlantean Skirmisher","msc","Near Mint","English","","","","616","False","False",""
"1","0","Collector's Case","msc","Near Mint","English","","","","617","False","False",""
"1","0","Daughter of the Deep","msc","Near Mint","English","","","","618","False","False",""
"1","0","Dismissive Denial","msc","Near Mint","English","","","","619","False","False",""
"2","0","Fantastic Bounce","msc","Near Mint","English","","","","620","False","False",""
"1","0","Impossible Man","msc","Near Mint","English","","","","625","False","False",""
"1","0","Iron Man, Bleeding Edge","msc","Near Mint","English","","","","626","False","False",""
"1","0","Mysterio's Mirage","msc","Near Mint","English","","","","630","False","False",""
"1","0","Namor, Scourge of the Seas","msc","Near Mint","English","","","","631","False","False",""
"1","0","Namora, the Sea Queen","msc","Near Mint","English","","","","632","False","False",""
"2","0","Quantum Reduction","msc","Near Mint","English","","","","635","False","False",""
"1","0","Reed Richards, Smartest Man","msc","Near Mint","English","","","","636","False","False",""
"1","0","Shipwreck Patrol","msc","Near Mint","English","","","","638","False","False",""
"1","0","Timeline Inquiry","msc","Near Mint","English","","","","641","False","False",""
"1","0","Virtual Assistant","msc","Near Mint","English","","","","643","False","False",""
"1","0","Virtual Assistant","msc","Near Mint","English","","","","643","False","False",""
"1","0","Vision, Spectral Synthezoid","msc","Near Mint","English","","","","644","False","False",""
"1","0","Black Widow, Deadly Hunter","msc","Near Mint","English","","","","648","False","False",""
"1","0","Bob, Reluctant HYDRA Agent","msc","Near Mint","English","","","","649","False","False",""
"1","0","Citizen V, Helmut Zemo","msc","Near Mint","English","","","","650","False","False",""
"1","0","Count Nefaria","msc","Near Mint","English","","","","651","False","False",""
"1","0","Criminal Enterprise","msc","Near Mint","English","","","","652","False","False",""
"1","0","Crimson Cowl, Master of Evil","msc","Near Mint","English","","","","653","False","False",""
"1","0","Green Goblin, Back for More","msc","Near Mint","English","","","","657","False","False",""
"1","0","Hammerhead, Maggia Boss","msc","Near Mint","English","","","","659","False","False",""
"1","0","HYDRA Disintegrator","msc","Near Mint","English","","","","660","False","False",""
"1","0","Kingpin, Wilson Fisk","msc","Near Mint","English","","","","661","False","False",""
"1","0","Kingpin, Wilson Fisk","msc","Near Mint","English","","","","661","False","False",""
"1","0","Minion Missile","msc","Near Mint","English","","","","663","False","False",""
"1","0","Minion Missile","msc","Near Mint","English","","","","663","False","False",""
"1","0","Origin of Black Widow","msc","Near Mint","English","","","","664","False","False",""
"1","0","Radioactive Man","msc","Near Mint","English","","","","665","False","False",""
"1","0","Sadistic Slash","msc","Near Mint","English","","","","666","False","False",""
"1","0","Titanium Man","msc","Near Mint","English","","","","667","False","False",""
"1","0","Titanium Man","msc","Near Mint","English","","","","667","False","False",""
"1","0","Villainous Syndication","msc","Near Mint","English","","","","672","False","False",""
"1","0","Viper, Cruel Conspirator","msc","Near Mint","English","","","","673","False","False",""
"1","0","White Widow, Yelena Belova","msc","Near Mint","English","","","","676","False","False",""
"2","0","Alex Wilder, Runaway","msc","Near Mint","English","","","","677","False","False",""
"1","0","Asgardian Inspiration","msc","Near Mint","English","","","","678","False","False",""
"1","0","Captain America's Motorcycle","msc","Near Mint","English","","","","681","False","False",""
"2","0","Chase Stein, Runaway","msc","Near Mint","English","","","","682","False","False",""
"1","0","Crossover Collaboration","msc","Near Mint","English","","","","684","False","False",""
"1","0","Crossover Collaboration","msc","Near Mint","English","","","","684","False","False",""
"1","0","Hulkling, Young Avenger","msc","Near Mint","English","","","","689","False","False",""
"1","0","Inspired Fire","msc","Near Mint","English","","","","690","False","False",""
"1","0","Karolina Dean, Runaway","msc","Near Mint","English","","","","694","False","False",""
"1","0","Lady Spider, Maybelle Reilly","msc","Near Mint","English","","","","695","False","False",""
"1","0","Mjölnir's Might","msc","Near Mint","English","","","","697","False","False",""
"1","0","Molly Hayes, Runaway","msc","Near Mint","English","","","","698","False","False",""
"1","0","Molten Lavamancer","msc","Near Mint","English","","","","699","False","False",""
"1","0","Molten Lavamancer","msc","Near Mint","English","","","","699","False","False",""
"1","0","Nico Minoru, Runaway","msc","Near Mint","English","","","","700","False","False",""
"1","0","Origin of Thor","msc","Near Mint","English","","","","701","False","False",""
"1","0","Pick Up the Pace","msc","Near Mint","English","","","","702","False","False",""
"1","0","Pick Up the Pace","msc","Near Mint","English","","","","702","False","False",""
"1","0","Quinjet Technician","msc","Near Mint","English","","","","703","False","False",""
"1","0","Spider-Man, New Champion","msc","Near Mint","English","","","","705","False","False",""
"1","0","The Vision and Scarlet Witch","msc","Near Mint","English","","","","707","False","False",""
"1","0","Wanda's Vision","msc","Near Mint","English","","","","708","False","False",""
"1","0","Whirlwind, Killer Cyclone","msc","Near Mint","English","","","","709","False","False",""
"1","0","The Whizzer, Classic Speedster","msc","Near Mint","English","","","","710","False","False",""
"1","0","Accelerated Evolution","msc","Near Mint","English","","","","711","False","False",""
"1","0","Advancing the Spirit","msc","Near Mint","English","","","","712","False","False",""
"1","0","Beast Mode","msc","Near Mint","English","","","","713","False","False",""
"1","0","Black Tom Cassidy","msc","Near Mint","English","","","","715","False","False",""
"1","0","Bushmaster, Coiled Henchman","msc","Near Mint","English","","","","716","False","False",""
"2","0","Colossus, Steel Stalwart","msc","Near Mint","English","","","","717","False","False",""
"1","0","Darwin, Adaptive Mutant","msc","Near Mint","English","","","","718","False","False",""
"1","0","Flatman","msc","Near Mint","English","","","","721","False","False",""
"1","0","Flatman","msc","Near Mint","English","","","","721","False","False",""
"1","0","Giant-Man, Gargantuan Genius","msc","Near Mint","English","","","","722","False","False",""
"1","0","Hulk's Thunderclap","msc","Near Mint","English","","","","725","False","False",""
"1","0","Lucky the Pizza Dog","msc","Near Mint","English","","","","726","False","False",""
"1","0","Sauron, Dino Devotee","msc","Near Mint","English","","","","731","False","False",""
"1","0","Shang-Chi, Martial Mentor","msc","Near Mint","English","","","","732","False","False",""
"1","0","Storm, Shaker of Skies","msc","Near Mint","English","","","","733","False","False",""
"1","0","Tippy-Toe, Terrific Partner","msc","Near Mint","English","","","","734","False","False",""
"1","0","Wolverine, Claws Out","msc","Near Mint","English","","","","737","False","False",""
"1","0","X-23, Deadly Weapon","msc","Near Mint","English","","","","738","False","False",""
"2","0","Ant-Man, Reformed Rogue","msc","Near Mint","English","","","","739","False","False",""
"1","0","Astonishing Spider-Man","msc","Near Mint","English","","","","740","False","False",""
"1","0","The Fantastic Four","msc","Near Mint","English","","","","741","False","False",""
"1","0","Iceman and Firestar","msc","Near Mint","English","","","","742","False","False",""
"1","0","Ms. Marvel, Elastic Ally","msc","Near Mint","English","","","","744","False","False",""
"1","0","She-Hulk, Attorney-at-Law","msc","Near Mint","English","","","","745","False","False",""
"2","0","Shuri, Vibranium Technologist","msc","Near Mint","English","","","","746","False","False",""
"1","0","Tiger Shark, Abyssal Hunter","msc","Near Mint","English","","","","747","False","False",""
"1","0","Tiger Shark, Abyssal Hunter","msc","Near Mint","English","","","","747","False","False",""
"2","0","Wakandan Tusker","msc","Near Mint","English","","","","748","False","False",""
"3","0","Daily Bugle Newspaper","msc","Near Mint","English","","","","749","False","False",""
"1","0","Machine Man, Model X-51","msc","Near Mint","English","","","","751","False","False",""
"1","0","The Thanos-Copter","msc","Near Mint","English","","","","753","False","False",""
"1","0","Rescue, Pepper Potts","msc","Near Mint","English","","","","755","False","False",""
"1","0","Thor, Asgard's Avenger","msc","Near Mint","English","","","","756","False","False",""
"1","0","Thor, Asgard's Avenger","msc","Near Mint","English","","","","756","False","False",""
"1","0","Virtuous Variant","msc","Near Mint","English","","","","758","False","False",""
"1","0","Virtuous Variant","msc","Near Mint","English","","","","758","False","False",""
"1","0","Ant-Man's Air Force","msc","Near Mint","English","","","","759","False","False",""
"1","0","Mist-Cloaked Herald","msc","Near Mint","English","","","","760","False","False",""
"1","0","Mist-Cloaked Herald","msc","Near Mint","English","","","","760","False","False",""
"1","0","TVA Bureaucrat","msc","Near Mint","English","","","","761","False","False",""
"1","0","Living Lightning, Charged Up","msc","Near Mint","English","","","","764","False","False",""
"1","0","Sif's Spearmaster","msc","Near Mint","English","","","","765","False","False",""
"1","0","Goliath, Mass Manipulator","msc","Near Mint","English","","","","766","False","False",""
"2","0","Wolfsbane, Highland Hero","msc","Near Mint","English","","","","767","False","False",""
"1","0","Selfless Police Captain","msc","Near Mint","English","","","","774","False","False",""
"1","0","Spider-Man, Web-Slinger","msc","Near Mint","English","","","","776","False","False",""
"1","0","Starling, Aerial Ally","msc","Near Mint","English","","","","778","False","False",""
"1","0","Starling, Aerial Ally","msc","Near Mint","English","","","","778","False","False",""
"1","0","Sudden Strike","msc","Near Mint","English","","","","779","False","False",""
"1","0","Wild Pack Squad","msc","Near Mint","English","","","","781","False","False",""
"1","0","The Clone Saga","msc","Near Mint","English","","","","782","False","False",""
"1","0","Doc Ock, Sinister Scientist","msc","Near Mint","English","","","","783","False","False",""
"1","0","Doc Ock's Henchmen","msc","Near Mint","English","","","","784","False","False",""
"1","0","Flying Octobot","msc","Near Mint","English","","","","785","False","False",""
"1","0","Unstable Experiment","msc","Near Mint","English","","","","789","False","False",""
"1","0","Unstable Experiment","msc","Near Mint","English","","","","789","False","False",""
"1","0","Whoosh!","msc","Near Mint","English","","","","790","False","False",""
"1","0","Alien Symbiosis","msc","Near Mint","English","","","","791","False","False",""
"1","0","Common Crook","msc","Near Mint","English","","","","792","False","False",""
"1","0","Dark Ritual","msc","Near Mint","English","","","","793","False","False",""
"1","0","Deadly Dispute","msc","Near Mint","English","","","","794","False","False",""
"1","0","Inner Demons Gangsters","msc","Near Mint","English","","","","797","False","False",""
"1","0","Inner Demons Gangsters","msc","Near Mint","English","","","","797","False","False",""
"1","0","The Spot's Portal","msc","Near Mint","English","","","","798","False","False",""
"1","0","Swarm, Being of Bees","msc","Near Mint","English","","","","799","False","False",""
"1","0","Swarm, Being of Bees","msc","Near Mint","English","","","","799","False","False",""
"1","0","Venom, Evil Unleashed","msc","Near Mint","English","","","","800","False","False",""
"1","0","Venomized Cat","msc","Near Mint","English","","","","801","False","False",""
"1","0","Venomized Cat","msc","Near Mint","English","","","","801","False","False",""
"1","0","Big Score","msc","Near Mint","English","","","","802","False","False",""
"1","0","Grapeshot","msc","Near Mint","English","","","","803","False","False",""
"1","0","Grapeshot","msc","Near Mint","English","","","","803","False","False",""
"1","0","Hobgoblin, Mantled Marauder","msc","Near Mint","English","","","","805","False","False",""
"1","0","Lightning Bolt","msc","Near Mint","English","","","","806","False","False",""
"1","0","Lightning Bolt","msc","Near Mint","English","","","","806","False","False",""
"2","0","Masked Meower","msc","Near Mint","English","","","","807","False","False",""
"1","0","Romantic Rendezvous","msc","Near Mint","English","","","","808","False","False",""
"1","0","Romantic Rendezvous","msc","Near Mint","English","","","","808","False","False",""
"1","0","Shock","msc","Near Mint","English","","","","809","False","False",""
"1","0","Stegron the Dinosaur Man","msc","Near Mint","English","","","","810","False","False",""
"1","0","Taxi Driver","msc","Near Mint","English","","","","811","False","False",""
"1","0","Wisecrack","msc","Near Mint","English","","","","813","False","False",""
"1","0","Farseek","msc","Near Mint","English","","","","815","False","False",""
"1","0","Farseek","msc","Near Mint","English","","","","815","False","False",""
"1","0","Scout the City","msc","Near Mint","English","","","","817","False","False",""
"1","0","Scout the City","msc","Near Mint","English","","","","817","False","False",""
"1","0","Spider-Rex, Daring Dino","msc","Near Mint","English","","","","818","False","False",""
"1","0","Terrific Team-Up","msc","Near Mint","English","","","","819","False","False",""
"1","0","Gallant Citizen","msc","Near Mint","English","","","","820","False","False",""
"1","0","Gallant Citizen","msc","Near Mint","English","","","","820","False","False",""
"1","0","Mob Lookout","msc","Near Mint","English","","","","821","False","False",""
"1","0","Pumpkin Bombardment","msc","Near Mint","English","","","","822","False","False",""
"1","0","Pumpkin Bombardment","msc","Near Mint","English","","","","822","False","False",""
"1","0","Eerie Gravestone","msc","Near Mint","English","","","","824","False","False",""
"1","0","Rocket-Powered Goblin Glider","msc","Near Mint","English","","","","825","False","False",""
"1","0","Terramorphic Expanse","msc","Near Mint","English","","","","828","False","False",""
"1","0","Terramorphic Expanse","msc","Near Mint","English","","","","828","False","False",""
"1","0","Terramorphic Expanse","msc","Near Mint","English","","","","828","False","False",""
"1","0","Terramorphic Expanse","msc","Near Mint","English","","","","828","False","False",""
"1","0","Spider-Gwen, Free Spirit","msc","Near Mint","English","","","","874","False","False",""
"1","0","Spider-Gwen, Free Spirit","msc","Near Mint","English","","","","874","False","False",""
"1","0","Agent Maria Hill","msh","Near Mint","English","","","","2","False","False",""
"1","0","Agent of Atlas","msh","Near Mint","English","","","","3","False","False",""
"2","0","Borough Backup","msh","Near Mint","English","","","","7","False","False",""
"1","0","Borough Backup","msh","Near Mint","English","","","","7","False","False",""
"1","0","Brave Brawler","msh","Near Mint","English","","","","8","False","False",""
"1","0","Brave Brawler","msh","Near Mint","English","","","","8","False","False",""
"1","0","Captain America, Super-Soldier","msh","Near Mint","English","","","","9","False","False",""
"1","0","Captain Mar-Vell, Space-Born","msh","Near Mint","English","","","","12","False","False",""
"1","0","Colleen Wing, Street Samurai","msh","Near Mint","English","","","","13","False","False",""
"1","0","Colleen Wing, Street Samurai","msh","Near Mint","English","","","","13","False","False",""
"1","0","Crowd of True Believers","msh","Near Mint","English","","","","14","False","False",""
"1","0","Crowd of True Believers","msh","Near Mint","English","","","","14","False","False",""
"1","0","Helicarrier Strike","msh","Near Mint","English","","","","15","False","False",""
"1","0","Helicarrier Strike","msh","Near Mint","English","","","","15","False","False",""
"1","0","Hero in Training","msh","Near Mint","English","","","","16","False","False",""
"1","0","Hero in Training","msh","Near Mint","English","","","","16","False","False",""
"1","0","Invisible Woman, Sue Storm","msh","Near Mint","English","","","","17","False","False",""
"1","0","Invisible Woman, Sue Storm","msh","Near Mint","English","","","","17","False","False",""
"1","0","Invisible Woman, Sue Storm","msh","Near Mint","English","","","","17","False","False",""
"1","0","Kree Commandos","msh","Near Mint","English","","","","19","False","False",""
"1","0","Kree Commandos","msh","Near Mint","English","","","","19","False","False",""
"1","0","The Mind Stone","msh","Near Mint","English","","","","21","False","False",""
"1","0","Mockingbird, Ace Agent","msh","Near Mint","English","","","","22","False","False",""
"2","0","Murdock's Crusade","msh","Near Mint","English","","","","24","False","False",""
"1","0","Nick Fury, Agent of S.H.I.E.L.D.","msh","Near Mint","English","","","","25","False","False",""
"1","0","Night Nurse, Healer of Heroes","msh","Near Mint","English","","","","26","False","False",""
"1","0","Okoye, Dora Milaje Leader","msh","Near Mint","English","","","","27","False","False",""
"1","0","Panther Pounce","msh","Near Mint","English","","","","29","False","False",""
"1","0","Panther Pounce","msh","Near Mint","English","","","","29","False","False",""
"2","0","Panther Pounce","msh","Near Mint","English","","","","29","False","False",""
"1","0","Patriot, Shield Wielder","msh","Near Mint","English","","","","30","False","False",""
"1","0","Political Triumph","msh","Near Mint","English","","","","31","False","False",""
"1","0","Political Triumph","msh","Near Mint","English","","","","31","False","False",""
"1","0","Quake, Agent of S.H.I.E.L.D.","msh","Near Mint","English","","","","32","False","False",""
"1","0","Raft Security Officer","msh","Near Mint","English","","","","33","False","False",""
"1","0","Raft Security Officer","msh","Near Mint","English","","","","33","False","False",""
"1","0","Raft Security Officer","msh","Near Mint","English","","","","33","False","False",""
"1","0","Red Guardian, Super-Soldier","msh","Near Mint","English","","","","34","False","False",""
"1","0","S.H.I.E.L.D. Spy Kit","msh","Near Mint","English","","","","36","False","False",""
"1","0","Take Up the Shield","msh","Near Mint","English","","","","39","False","False",""
"1","0","Wakandan Drone Flock","msh","Near Mint","English","","","","40","False","False",""
"1","0","Wakandan Drone Flock","msh","Near Mint","English","","","","40","False","False",""
"1","0","Web Up","msh","Near Mint","English","","","","41","False","False",""
"1","0","White Widow, Free Agent","msh","Near Mint","English","","","","42","False","False",""
"1","0","White Widow, Free Agent","msh","Near Mint","English","","","","42","False","False",""
"1","0","Aerial Doombot","msh","Near Mint","English","","","","43","False","False",""
"3","0","A.I.M. Scientists","msh","Near Mint","English","","","","44","False","False",""
"1","0","Atlantean Cavalry","msh","Near Mint","English","","","","45","False","False",""
"2","0","Atlantis Attacks","msh","Near Mint","English","","","","46","False","False",""
"1","0","Attuma, Atlantean Warlord","msh","Near Mint","English","","","","47","False","False",""
"1","0","Bold Biochemist","msh","Near Mint","English","","","","48","False","False",""
"1","0","Bold Biochemist","msh","Near Mint","English","","","","48","False","False",""
"1","0","Bold Biochemist","msh","Near Mint","English","","","","48","False","False",""
"1","0","Depower","msh","Near Mint","English","","","","50","False","False",""
"1","0","Depower","msh","Near Mint","English","","","","50","False","False",""
"1","0","Echo, Perceptive Prodigy","msh","Near Mint","English","","","","51","False","False",""
"1","0","Frozen in Ice","msh","Near Mint","English","","","","54","False","False",""
"1","0","Frozen in Ice","msh","Near Mint","English","","","","54","False","False",""
"3","0","Frozen in Ice","msh","Near Mint","English","","","","54","False","False",""
"1","0","Futurist Forge","msh","Near Mint","English","","","","55","False","False",""
"1","0","Futurist Forge","msh","Near Mint","English","","","","55","False","False",""
"1","0","Futurist Forge","msh","Near Mint","English","","","","55","False","False",""
"1","0","Futurist Forge","msh","Near Mint","English","","","","55","False","False",""
"1","0","Hydraulic Helper","msh","Near Mint","English","","","","57","False","False",""
"1","0","Hydraulic Helper","msh","Near Mint","English","","","","57","False","False",""
"1","0","Justice, Vance Astrovik","msh","Near Mint","English","","","","61","False","False",""
"1","0","Kang the Conqueror","msh","Near Mint","English","","","","62","False","False",""
"1","0","Kid Loki","msh","Near Mint","English","","","","63","False","False",""
"2","0","Kid Loki","msh","Near Mint","English","","","","63","False","False",""
"1","0","Leader, Super-Genius","msh","Near Mint","English","","","","64","False","False",""
"1","0","Mister Fantastic, Reed Richards","msh","Near Mint","English","","","","66","False","False",""
"1","0","Mister Fantastic, Reed Richards","msh","Near Mint","English","","","","66","False","False",""
"1","0","Pym Particles","msh","Near Mint","English","","","","70","False","False",""
"1","0","Rewrite History","msh","Near Mint","English","","","","71","False","False",""
"1","0","S.H.I.E.L.D. Deployment Drone","msh","Near Mint","English","","","","73","False","False",""
"1","0","Shuri, Wakandan Inventor","msh","Near Mint","English","","","","75","False","False",""
"1","0","Shuri, Wakandan Inventor","msh","Near Mint","English","","","","75","False","False",""
"1","0","Stature, Size Shifter","msh","Near Mint","English","","","","76","False","False",""
"1","0","Super Intelligence","msh","Near Mint","English","","","","77","False","False",""
"1","0","Thirst for Knowledge","msh","Near Mint","English","","","","79","False","False",""
"2","0","Trickster's Stratagem","msh","Near Mint","English","","","","81","False","False",""
"1","0","Trickster's Stratagem","msh","Near Mint","English","","","","81","False","False",""
"1","0","We Say Thee Nay!","msh","Near Mint","English","","","","82","False","False",""
"1","0","Agents of HYDRA","msh","Near Mint","English","","","","85","False","False",""
"1","0","Agents of HYDRA","msh","Near Mint","English","","","","85","False","False",""
"2","0","Arnim Zola, Bio-Fanatic","msh","Near Mint","English","","","","86","False","False",""
"1","0","Arnim Zola, Bio-Fanatic","msh","Near Mint","English","","","","86","False","False",""
"1","0","Baron Strucker, HYDRA Overlord","msh","Near Mint","English","","","","88","False","False",""
"1","0","Baron Strucker, HYDRA Overlord","msh","Near Mint","English","","","","88","False","False",""
"1","0","Construct a Cosmic Cube","msh","Near Mint","English","","","","90","False","False",""
"2","0","Crossbones, Malicious Mercenary","msh","Near Mint","English","","","","91","False","False",""
"1","0","Crossbones, Malicious Mercenary","msh","Near Mint","English","","","","91","False","False",""
"1","0","Cruel Alliance","msh","Near Mint","English","","","","92","False","False",""
"2","0","Cruel Alliance","msh","Near Mint","English","","","","92","False","False",""
"2","0","Cruel Alliance","msh","Near Mint","English","","","","92","False","False",""
"1","0","Dark Deed","msh","Near Mint","English","","","","93","False","False",""
"1","0","Decoy Ploy","msh","Near Mint","English","","","","94","False","False",""
"1","0","Decoy Ploy","msh","Near Mint","English","","","","94","False","False",""
"1","0","Hour of Defeat","msh","Near Mint","English","","","","99","False","False",""
"1","0","Hour of Defeat","msh","Near Mint","English","","","","99","False","False",""
"1","0","Hour of Defeat","msh","Near Mint","English","","","","99","False","False",""
"1","0","HYDRA Infiltration","msh","Near Mint","English","","","","100","False","False",""
"1","0","HYDRA Infiltration","msh","Near Mint","English","","","","100","False","False",""
"1","0","HYDRA Troopers","msh","Near Mint","English","","","","101","False","False",""
"1","0","Kingpin's Enforcers","msh","Near Mint","English","","","","102","False","False",""
"1","0","Kingpin's Enforcers","msh","Near Mint","English","","","","102","False","False",""
"1","0","Kingpin's Enforcers","msh","Near Mint","English","","","","102","False","False",""
"1","0","Klaw, Sonic Subjugator","msh","Near Mint","English","","","","103","False","False",""
"1","0","Madame Masque","msh","Near Mint","English","","","","104","False","False",""
"1","0","The Masters of Evil","msh","Near Mint","English","","","","105","False","False",""
"1","0","Moonstone, Harsh Mistress","msh","Near Mint","English","","","","107","False","False",""
"1","0","Ninja of the Hand","msh","Near Mint","English","","","","108","False","False",""
"1","0","Ninja of the Hand","msh","Near Mint","English","","","","108","False","False",""
"1","0","Project Deathlok Soldier","msh","Near Mint","English","","","","109","False","False",""
"2","0","Project Deathlok Soldier","msh","Near Mint","English","","","","109","False","False",""
"2","0","Red Room Recruit","msh","Near Mint","English","","","","110","False","False",""
"1","0","Red Room Recruit","msh","Near Mint","English","","","","110","False","False",""
"1","0","Roxxon Brutes","msh","Near Mint","English","","","","113","False","False",""
"1","0","Roxxon Brutes","msh","Near Mint","English","","","","113","False","False",""
"1","0","Roxxon Brutes","msh","Near Mint","English","","","","113","False","False",""
"1","0","Stolen Stark Tech","msh","Near Mint","English","","","","114","False","False",""
"1","0","Stolen Stark Tech","msh","Near Mint","English","","","","114","False","False",""
"1","0","Too Evil to Stay Dead","msh","Near Mint","English","","","","118","False","False",""
"1","0","Unliving Legionnaire","msh","Near Mint","English","","","","119","False","False",""
"1","0","Visions of Villainy","msh","Near Mint","English","","","","120","False","False",""
"1","0","Visions of Villainy","msh","Near Mint","English","","","","120","False","False",""
"1","0","Whiplash, Vengeful Engineer","msh","Near Mint","English","","","","121","False","False",""
"1","0","Widow's Bite","msh","Near Mint","English","","","","122","False","False",""
"1","0","Widow's Bite","msh","Near Mint","English","","","","122","False","False",""
"2","0","Yellowjacket, Heartless Marauder","msh","Near Mint","English","","","","123","False","False",""
"1","0","Yellowjacket, Heartless Marauder","msh","Near Mint","English","","","","123","False","False",""
"1","0","Blazing Crescendo","msh","Near Mint","English","","","","125","False","False",""
"2","0","Blazing Crescendo","msh","Near Mint","English","","","","125","False","False",""
"1","0","Crimson Operative","msh","Near Mint","English","","","","126","False","False",""
"1","0","Crimson Operative","msh","Near Mint","English","","","","126","False","False",""
"1","0","Evil's Thrall","msh","Near Mint","English","","","","128","False","False",""
"1","0","Evil's Thrall","msh","Near Mint","English","","","","128","False","False",""
"1","0","Hawkeye, Young Avenger","msh","Near Mint","English","","","","131","False","False",""
"1","0","Hawkeye's Bow","msh","Near Mint","English","","","","132","False","False",""
"1","0","Hawkeye's Bow","msh","Near Mint","English","","","","132","False","False",""
"2","0","Hawkeye's Bow","msh","Near Mint","English","","","","132","False","False",""
"1","0","Hex Magic","msh","Near Mint","English","","","","133","False","False",""
"1","0","Hex Magic","msh","Near Mint","English","","","","133","False","False",""
"1","0","Hire a Crew","msh","Near Mint","English","","","","134","False","False",""
"1","0","Human Torch, Johnny Storm","msh","Near Mint","English","","","","136","False","False",""
"1","0","HYDRA Assault Robot","msh","Near Mint","English","","","","137","False","False",""
"1","0","Iron Fist, Living Weapon","msh","Near Mint","English","","","","138","False","False",""
"1","0","Iron Fist, Living Weapon","msh","Near Mint","English","","","","138","False","False",""
"1","0","Iron Fist, Living Weapon","msh","Near Mint","English","","","","138","False","False",""
"1","0","K'un-Lun Warrior","msh","Near Mint","English","","","","140","False","False",""
"1","0","K'un-Lun Warrior","msh","Near Mint","English","","","","140","False","False",""
"2","0","Kree Sentinel","msh","Near Mint","English","","","","141","False","False",""
"1","0","Kree Sentinel","msh","Near Mint","English","","","","141","False","False",""
"1","0","Kree Sentinel","msh","Near Mint","English","","","","141","False","False",""
"1","0","Lightning Strike","msh","Near Mint","English","","","","142","False","False",""
"1","0","Lightning Strike","msh","Near Mint","English","","","","142","False","False",""
"2","0","Lightning Strike","msh","Near Mint","English","","","","142","False","False",""
"1","0","Lightning Strike","msh","Near Mint","English","","","","142","False","False",""
"1","0","Loki Laufeyson","msh","Near Mint","English","","","","143","False","False",""
"1","0","Loki Laufeyson","msh","Near Mint","English","","","","143","False","False",""
"1","0","Loki Laufeyson","msh","Near Mint","English","","","","143","False","False",""
"1","0","Machinesmith Automaton","msh","Near Mint","English","","","","144","False","False",""
"2","0","Photon Blast Barrage","msh","Near Mint","English","","","","147","False","False",""
"1","0","Photon Blast Barrage","msh","Near Mint","English","","","","147","False","False",""
"1","0","Quicksilver, Brash Blur","msh","Near Mint","English","","","","148","False","False",""
"1","0","Repulsor Blast","msh","Near Mint","English","","","","150","False","False",""
"1","0","The Scarlet Witch","msh","Near Mint","English","","","","151","False","False",""
"1","0","Speed, Young Avenger","msh","Near Mint","English","","","","152","False","False",""
"1","0","Speed, Young Avenger","msh","Near Mint","English","","","","152","False","False",""
"1","0","Stark Industries Executive","msh","Near Mint","English","","","","153","False","False",""
"1","0","Stark Industries Executive","msh","Near Mint","English","","","","153","False","False",""
"1","0","Super Speed","msh","Near Mint","English","","","","154","False","False",""
"1","0","Super Speed","msh","Near Mint","English","","","","154","False","False",""
"1","0","Super Speed","msh","Near Mint","English","","","","154","False","False",""
"1","0","Team Tactics","msh","Near Mint","English","","","","155","False","False",""
"1","0","Vision of Love","msh","Near Mint","English","","","","158","False","False",""
"1","0","Vision of Love","msh","Near Mint","English","","","","158","False","False",""
"1","0","Vision of Love","msh","Near Mint","English","","","","158","False","False",""
"1","0","Volcanic Villain","msh","Near Mint","English","","","","159","False","False",""
"1","0","Volcanic Villain","msh","Near Mint","English","","","","159","False","False",""
"1","0","Ant-Man's Army","msh","Near Mint","English","","","","161","False","False",""
"1","0","Call Damage Control","msh","Near Mint","English","","","","162","False","False",""
"1","0","Call Damage Control","msh","Near Mint","English","","","","162","False","False",""
"1","0","Doc Samson, Super Psychiatrist","msh","Near Mint","English","","","","164","False","False",""
"1","0","Giant Growth","msh","Near Mint","English","","","","167","False","False",""
"1","0","Giant Growth","msh","Near Mint","English","","","","167","False","False",""
"1","0","Go Nuts!","msh","Near Mint","English","","","","168","False","False",""
"1","0","Go Nuts!","msh","Near Mint","English","","","","168","False","False",""
"1","0","Guerrilla Gorilla","msh","Near Mint","English","","","","169","False","False",""
"1","0","Guerrilla Gorilla","msh","Near Mint","English","","","","169","False","False",""
"1","0","Hellcat, Undying Vigilante","msh","Near Mint","English","","","","170","False","False",""
"1","0","Hercules, Prince of Power","msh","Near Mint","English","","","","171","False","False",""
"1","0","Hercules, Prince of Power","msh","Near Mint","English","","","","171","False","False",""
"1","0","Heroic Feast","msh","Near Mint","English","","","","172","False","False",""
"1","0","Hulkling, Burgeoning Bruiser","msh","Near Mint","English","","","","173","False","False",""
"1","0","Hulkling, Burgeoning Bruiser","msh","Near Mint","English","","","","173","False","False",""
"1","0","Ka-Zar of the Savage Land","msh","Near Mint","English","","","","174","False","False",""
"2","0","Ka-Zar of the Savage Land","msh","Near Mint","English","","","","174","False","False",""
"1","0","Knight of Wundagore","msh","Near Mint","English","","","","175","False","False",""
"1","0","Mister Hyde, Monster Within","msh","Near Mint","English","","","","176","False","False",""
"2","0","Pet Avengers","msh","Near Mint","English","","","","178","False","False",""
"1","0","Powerful Broker","msh","Near Mint","English","","","","179","False","False",""
"1","0","Powerful Broker","msh","Near Mint","English","","","","179","False","False",""
"1","0","Punishing Punch","msh","Near Mint","English","","","","180","False","False",""
"1","0","Punishing Punch","msh","Near Mint","English","","","","180","False","False",""
"1","0","Rapid Rescue","msh","Near Mint","English","","","","181","False","False",""
"2","0","Rapid Rescue","msh","Near Mint","English","","","","181","False","False",""
"1","0","Reptil, Dinomorpher","msh","Near Mint","English","","","","182","False","False",""
"1","0","Restorative Technique","msh","Near Mint","English","","","","183","False","False",""
"2","0","Restorative Technique","msh","Near Mint","English","","","","183","False","False",""
"1","0","Restorative Technique","msh","Near Mint","English","","","","183","False","False",""
"1","0","Savage Land Dinosaur","msh","Near Mint","English","","","","185","False","False",""
"1","0","Savage Land Dinosaur","msh","Near Mint","English","","","","185","False","False",""
"1","0","Serpent Specialist","msh","Near Mint","English","","","","186","False","False",""
"1","0","Serpent Specialist","msh","Near Mint","English","","","","186","False","False",""
"1","0","Serpent Specialist","msh","Near Mint","English","","","","186","False","False",""
"1","0","She-Hulk, Jade Defender","msh","Near Mint","English","","","","188","False","False",""
"1","0","Super Strength","msh","Near Mint","English","","","","189","False","False",""
"1","0","The Thing, Ben Grimm","msh","Near Mint","English","","","","190","False","False",""
"1","0","Tigra, Feline Fury","msh","Near Mint","English","","","","191","False","False",""
"2","0","Training Regimen","msh","Near Mint","English","","","","192","False","False",""
"1","0","Undercover Skrull","msh","Near Mint","English","","","","194","False","False",""
"1","0","Undercover Skrull","msh","Near Mint","English","","","","194","False","False",""
"1","0","Wakandan Royal Guard","msh","Near Mint","English","","","","195","False","False",""
"1","0","White Tiger, Ava Ayala","msh","Near Mint","English","","","","196","False","False",""
"1","0","Alien Invasion","msh","Near Mint","English","","","","200","False","False",""
"1","0","Alien Invasion","msh","Near Mint","English","","","","200","False","False",""
"1","0","Ant-Man, Colony Commander","msh","Near Mint","English","","","","201","False","False",""
"1","0","Ant-Man, Colony Commander","msh","Near Mint","English","","","","201","False","False",""
"1","0","Beast, Erudite Aerialist","msh","Near Mint","English","","","","206","False","False",""
"2","0","Beast, Erudite Aerialist","msh","Near Mint","English","","","","206","False","False",""
"1","0","Black Panther, Vanguard","msh","Near Mint","English","","","","207","False","False",""
"1","0","Black Widow, Double Agent","msh","Near Mint","English","","","","208","False","False",""
"1","0","Captain America, Living Legend","msh","Near Mint","English","","","","210","False","False",""
"1","0","Kang, Temporal Tyrant","msh","Near Mint","English","","","","217","False","False",""
"1","0","The Kingpin of Crime","msh","Near Mint","English","","","","220","False","False",""
"1","0","Madame Hydra","msh","Near Mint","English","","","","221","False","False",""
"1","0","The Mighty Thor, Jane Foster","msh","Near Mint","English","","","","222","False","False",""
"1","0","The Ruinous Wrecking Crew","msh","Near Mint","English","","","","224","False","False",""
"1","0","Speedball, New Warrior","msh","Near Mint","English","","","","227","False","False",""
"1","0","Spider-Woman, Secret Agent","msh","Near Mint","English","","","","229","False","False",""
"1","0","Spider-Woman, Secret Agent","msh","Near Mint","English","","","","229","False","False",""
"1","0","Storm, Windrider","msh","Near Mint","English","","","","230","False","False",""
"1","0","Titania, Rugged Rumbler","msh","Near Mint","English","","","","235","False","False",""
"1","0","Titania, Rugged Rumbler","msh","Near Mint","English","","","","235","False","False",""
"1","0","Titania, Rugged Rumbler","msh","Near Mint","English","","","","235","False","False",""
"1","0","U.S.Agent, John Walker","msh","Near Mint","English","","","","236","False","False",""
"1","0","U.S.Agent, John Walker","msh","Near Mint","English","","","","236","False","False",""
"1","0","Vision Quest","msh","Near Mint","English","","","","237","False","False",""
"1","0","A.I.M. Synthoids","msh","Near Mint","English","","","","242","False","False",""
"1","0","Arc Reactor","msh","Near Mint","English","","","","243","False","False",""
"1","0","Dependable Quinjet","msh","Near Mint","English","","","","246","False","False",""
"1","0","H.E.R.B.I.E. Scout Unit","msh","Near Mint","English","","","","247","False","False",""
"1","0","Ultron Drone","msh","Near Mint","English","","","","253","False","False",""
"1","0","Vibranium Energy Daggers","msh","Near Mint","English","","","","254","False","False",""
"2","0","Vibranium Energy Daggers","msh","Near Mint","English","","","","254","False","False",""
"1","0","Viv Vision, Teen Synthezoid","msh","Near Mint","English","","","","256","False","False",""
"1","0","Viv Vision, Teen Synthezoid","msh","Near Mint","English","","","","256","False","False",""
"1","0","A.I.M. Labs","msh","Near Mint","English","","","","257","False","False",""
"1","0","Asgardian Citadel","msh","Near Mint","English","","","","258","False","False",""
"1","0","Asgardian Citadel","msh","Near Mint","English","","","","258","False","False",""
"1","0","Avengers Tower","msh","Near Mint","English","","","","260","False","False",""
"1","0","Baxter Building","msh","Near Mint","English","","","","261","False","False",""
"1","0","Birnin Zana Plaza","msh","Near Mint","English","","","","262","False","False",""
"1","0","Birnin Zana Plaza","msh","Near Mint","English","","","","262","False","False",""
"1","0","Castle Doom","msh","Near Mint","English","","","","263","False","False",""
"1","0","Fisk Tower","msh","Near Mint","English","","","","265","False","False",""
"1","0","Gathering Place","msh","Near Mint","English","","","","266","False","False",""
"1","0","Hell's Kitchen","msh","Near Mint","English","","","","268","False","False",""
"1","0","Hidden Lair","msh","Near Mint","English","","","","269","False","False",""
"1","0","Stark Industries","msh","Near Mint","English","","","","272","False","False",""
"1","0","Stark Industries","msh","Near Mint","English","","","","272","False","False",""
"1","0","Subterranean Cavern","msh","Near Mint","English","","","","273","False","False",""
"2","0","Surveillance Room","msh","Near Mint","English","","","","274","False","False",""
"1","0","Villainous Hideout","msh","Near Mint","English","","","","276","False","False",""
"1","0","Plains","msh","Near Mint","English","","","","277","False","False",""
"1","0","Plains","msh","Near Mint","English","","","","278","False","False",""
"2","0","Plains","msh","Near Mint","English","","","","278","False","False",""
"1","0","Island","msh","Near Mint","English","","","","279","False","False",""
"1","0","Island","msh","Near Mint","English","","","","280","False","False",""
"1","0","Swamp","msh","Near Mint","English","","","","281","False","False",""
"2","0","Swamp","msh","Near Mint","English","","","","282","False","False",""
"1","0","Mountain","msh","Near Mint","English","","","","283","False","False",""
"1","0","Mountain","msh","Near Mint","English","","","","284","False","False",""
"1","0","Forest","msh","Near Mint","English","","","","285","False","False",""
"1","0","Forest","msh","Near Mint","English","","","","286","False","False",""
"12","0","Plains","msh","Near Mint","English","","","","287","False","False",""
"5","0","Plains","msh","Near Mint","English","","","","287","False","False",""
"6","0","Plains","msh","Near Mint","English","","","","287","False","False",""
"4","0","Island","msh","Near Mint","English","","","","289","False","False",""
"5","0","Island","msh","Near Mint","English","","","","289","False","False",""
"4","0","Island","msh","Near Mint","English","","","","289","False","False",""
"6","0","Swamp","msh","Near Mint","English","","","","291","False","False",""
"5","0","Mountain","msh","Near Mint","English","","","","293","False","False",""
"3","0","Mountain","msh","Near Mint","English","","","","293","False","False",""
"5","0","Mountain","msh","Near Mint","English","","","","293","False","False",""
"5","0","Forest","msh","Near Mint","English","","","","295","False","False",""
"12","0","Forest","msh","Near Mint","English","","","","295","False","False",""
"1","0","Avengers Assemble!","msh","Near Mint","English","","","","297","False","False",""
"1","0","Origin of the Avengers","msh","Near Mint","English","","","","298","False","False",""
"1","0","Avengers Disassembled","msh","Near Mint","English","","","","302","False","False",""
"1","0","The Coming of Galactus","msh","Near Mint","English","","","","307","False","False",""
"1","0","Vision Quest","msh","Near Mint","English","","","","309","False","False",""
"1","0","Madame Hydra","msh","Near Mint","English","","","","318","False","False",""
"1","0","Mister Fantastic, Reed Richards","msh","Near Mint","English","","","","320","False","False",""
"1","0","Human Torch, Johnny Storm","msh","Near Mint","English","","","","321","False","False",""
"1","0","Human Torch, Johnny Storm","msh","Near Mint","English","","","","321","False","False",""
"2","0","Invisible Woman, Sue Storm","msh","Near Mint","English","","","","323","False","False",""
"1","0","Bullseye, Death Dealer","msh","Near Mint","English","","","","325","False","False",""
"1","0","Red Hulk","msh","Near Mint","English","","","","329","False","False",""
"2","0","HULK SMASH!","msh","Near Mint","English","","","","332","False","False",""
"1","0","Abomination, Terrifying Titan","msh","Near Mint","English","","","","333","False","False",""
"1","0","Avengers Tower","msh","Near Mint","English","","","","334","False","False",""
"2","0","Spider-Man, To the Rescue","msh","Near Mint","English","","","","335","False","False",""
"1","0","Spider-Man, To the Rescue","msh","Near Mint","English","","","","335","False","False",""
"1","0","Loki, God of Mischief","msh","Near Mint","English","","","","343","False","False",""
"1","0","Ultron, Artificial Malevolence","msh","Near Mint","English","","","","344","False","False",""
"1","0","Ultron, Artificial Malevolence","msh","Near Mint","English","","","","344","False","False",""
"1","0","Take Up the Shield","msh","Near Mint","English","","","","348","False","False",""
"1","0","Take Up the Shield","msh","Near Mint","English","","","","348","False","False",""
"1","0","Captain America, Wings of Freedom","msh","Near Mint","English","","","","353","False","False",""
"1","0","Ironheart, Clever Champion","msh","Near Mint","English","","","","360","False","False",""
"1","0","The Scarlet Witch","msh","Near Mint","English","","","","368","False","False",""
"1","0","The Unbeatable Squirrel Girl","msh","Near Mint","English","foil","","","371","False","False",""
"1","0","Daredevil, Man Without Fear","msh","Near Mint","English","","","","372","False","False",""
"1","0","Storm, Windrider","msh","Near Mint","English","","","","375","False","False",""
"1","0","Winter Soldier, Icy Assassin","msh","Near Mint","English","","","","377","False","False",""
"1","0","Hidden Lair","msh","Near Mint","English","","","","383","False","False",""
"1","0","Captain America, Super-Soldier","msh","Near Mint","English","foil","","","387","False","False",""
"1","0","Agent Phil Coulson","msh","Near Mint","English","","","","402","False","False",""
"2","0","Baron Helmut Zemo","msh","Near Mint","English","","","","405","False","False",""
"1","0","Construct a Cosmic Cube","msh","Near Mint","English","","","","406","False","False",""
"1","0","Super-Skrull","msh","Near Mint","English","","","","409","False","False",""
"2","0","Absorbing Man","msh","Near Mint","English","","","","416","False","False",""
"1","0","Moon Girl and Devil Dinosaur","msh","Near Mint","English","","","","421","False","False",""
"1","0","The Ruinous Wrecking Crew","msh","Near Mint","English","","","","422","False","False",""
"1","0","The Serpent Society","msh","Near Mint","English","","","","424","False","False",""
"1","0","Castle Doom","msh","Near Mint","English","","","","429","False","False",""
"1","0","The Scarlet Witch","msh","Near Mint","English","foil","","","431","False","False",""
"1","0","Speed, Young Avenger","msh","Near Mint","English","foil","","","448","False","False",""
"1","0","Speed, Young Avenger","msh","Near Mint","English","foil","","","448","False","False",""
"1","0","Speed, Young Avenger","msh","Near Mint","English","foil","","","448","False","False",""
"1","0","Baxter Building","msh","Near Mint","English","foil","","","453","False","False",""
"1","0","Captain Lannery Storm","mul","Near Mint","English","","","","20","False","False",""
"1","0","Lutri, the Spellchaser","mul","Near Mint","English","","","","52","False","True",""
"1","0","Daring Saboteur","ncc","Near Mint","English","","","","217","False","False",""
"1","0","Deep Analysis","ncc","Near Mint","English","","","","218","False","False",""
"1","0","Garruk's Uprising","ncc","Near Mint","English","","","","292","False","False",""
"1","0","Temur Sabertooth","ncc","Near Mint","English","","","","315","False","False",""
"1","0","Canopy Vista","ncc","Near Mint","English","","","","389","False","False",""
"1","0","Cinder Glade","ncc","Near Mint","English","","","","394","False","False",""
"1","0","Jungle Shrine","ncc","Near Mint","English","","","","409","False","False",""
"1","0","Seaside Citadel","ncc","Near Mint","English","","","","425","False","False",""
"1","0","Sunken Hollow","ncc","Near Mint","English","","","","431","False","False",""
"1","0","Rupture","nem","Near Mint","English","","","","97","False","False",""
"1","0","Saproling Burst","nem","Near Mint","English","","","","113","False","True",""
"1","0","Banishing Slash","neo","Near Mint","English","","","","3","False","False",""
"1","0","Acquisition Octopus","neo","Near Mint","English","","","","44","False","False",""
"1","0","The Reality Chip","neo","Near Mint","English","","","","74","False","True",""
"1","0","Suit Up","neo","Near Mint","English","","","","81","False","False",""
"1","0","Bronzeplate Boar","neo","Near Mint","English","","","","135","False","False",""
"1","0","Master's Rebuke","neo","Near Mint","English","","","","202","False","False",""
"1","0","Tamiyo's Safekeeping","neo","Near Mint","English","","","","211","False","False",""
"1","0","Containment Construct","neo","Near Mint","English","","","","243","False","False",""
"1","0","Boseiju, Who Endures","neo","Near Mint","English","","","","266","False","True",""
"1","0","Boseiju, Who Endures","neo","Near Mint","English","","","","501","False","False",""
"1","0","Blighted Agent","nph","Near Mint","English","","","","29","False","False",""
"2","0","Gitaxian Probe","nph","Near Mint","English","","","","35","False","True",""
"1","0","Viral Drake","nph","Near Mint","English","","","","49","False","False",""
"1","0","Spinebiter","nph","Near Mint","English","","","","121","False","False",""
"1","0","Immolating Souleater","nph","Near Mint","English","","","","139","False","False",""
"1","0","Ghired, Conclave Exile","oc19","Near Mint","English","foil","","","42","False","False",""
"1","0","Kirtar's Desire","ody","Near Mint","English","","","","27","False","False",""
"1","0","Shelter","ody","Near Mint","English","","","","46","False","False",""
"1","0","Cephalid Broker","ody","Near Mint","English","","","","71","False","False",""
"1","0","Beast Attack","ody","Near Mint","English","","","","230","False","False",""
"1","0","Deep Reconnaissance","ody","Near Mint","English","","","","236","False","False",""
"1","0","Nantuko Elder","ody","Near Mint","English","","","","254","False","False",""
"1","0","Expedition Raptor","ogw","Near Mint","English","","","","18","False","False",""
"2","0","Grip of the Roil","ogw","Near Mint","English","","","","56","False","False",""
"1","0","Oblivion Strike","ogw","Near Mint","English","","","","75","False","False",""
"1","0","Ayli, Eternal Pilgrim","ogw","Near Mint","English","","","","151","False","False",""
"1","0","Karakas","olgc","Near Mint","English","","","","2020A","False","False",""
"1","0","Prava of the Steel Legion","onc","Near Mint","English","","","","87","False","False",""
"1","0","Planar Disruption","one","Near Mint","English","","","","28","False","False",""
"1","0","Vanish into Eternity","one","Near Mint","English","","","","36","False","False",""
"1","0","Aspirant's Ascent","one","Near Mint","English","","","","40","False","False",""
"1","0","Prologue to Phyresis","one","Near Mint","English","","","","65","False","False",""
"1","0","Vivisurgeon's Insight","one","Near Mint","English","foil","","","77","False","False",""
"1","0","Duress","one","Near Mint","English","","","","92","False","False",""
"1","0","Infectious Inquiry","one","Near Mint","English","","","","97","False","False",""
"1","0","Sheoldred's Edict","one","Near Mint","English","","","","108","False","False",""
"1","0","Vat Emergence","one","Near Mint","English","","","","112","False","False",""
"1","0","Exuberant Fuseling","one","Near Mint","English","","","","129","False","False",""
"1","0","Furnace Punisher","one","Near Mint","English","","","","132","False","False",""
"1","0","Bloated Contaminator","one","Near Mint","English","foil","","","159","False","False",""
"1","0","Infectious Bite","one","Near Mint","English","","","","172","False","False",""
"1","0","Unnatural Restoration","one","Near Mint","English","","","","191","False","False",""
"1","0","Tainted Observer","one","Near Mint","English","","","","217","False","False",""
"1","0","Myr Convert","one","Near Mint","English","","","","234","False","False",""
"1","0","Thrummingbird","one","Near Mint","English","","","","288","False","False",""
"1","0","Cankerbloom","one","Near Mint","English","","","","294","False","False",""
"1","0","Mindsplice Apparatus","one","Near Mint","English","","","","382","False","True",""
"1","0","Accursed Centaur","ons","Near Mint","English","","","","123","False","False",""
"1","0","Crown of Suspicion","ons","Near Mint","English","","","","134","False","False",""
"1","0","Profane Prayers","ons","Near Mint","English","","","","162","False","False",""
"1","0","Dwarven Blastminer","ons","Near Mint","English","","","","199","False","False",""
"1","0","Crown of Vigor","ons","Near Mint","English","","","","253","False","False",""
"1","0","Overwhelming Instinct","ons","Near Mint","English","","","","276","False","False",""
"1","0","Riptide Laboratory","ons","Near Mint","English","","","","322","False","True",""
"1","0","Consul's Lieutenant","ori","Near Mint","English","","","","11","False","False",""
"1","0","Dwynen, Gilt-Leaf Daen","ori","Near Mint","English","","","","172","False","False",""
"1","0","Battlefield Forge","ori","Near Mint","English","","","","244","False","True",""
"1","0","Shivan Reef","ori","Near Mint","English","","","","251","False","True",""
"1","0","Orochi Soul-Reaver","otc","Near Mint","English","","","","58","False","True",""
"1","0","Mizzix's Mastery","otc","Near Mint","English","","","","175","False","True",""
"1","0","The Mimeoplasm","otc","Near Mint","English","","","","234","False","False",""
"1","0","Fake Your Own Death","otj","Near Mint","English","","","","87","False","False",""
"1","0","Tinybones, the Pickpocket","otj","Near Mint","English","","","","109","False","True",""
"1","0","Return the Favor","otj","Near Mint","English","","","","142","False","True",""
"1","0","Snakeskin Veil","otj","Near Mint","English","","","","181","False","False",""
"1","0","Snakeskin Veil","otj","Near Mint","English","","","","181","False","False",""
"1","0","Talas Researcher","p02","Near Mint","English","","","","51","False","False",""
"1","0","Ironhoof Ox","p02","Near Mint","English","","","","130","False","False",""
"1","0","Norwood Archers","p02","Near Mint","English","","","","136","False","False",""
"1","0","River Bear","p02","Near Mint","English","","","","144","False","False",""
"1","0","Windfall","p30a","Near Mint","English","foil","","","6","False","False",""
"1","0","Archfiend of Ifnir","pakh","Near Mint","English","foil","","","78","False","False",""
"1","0","Pawpatch Recruit","pblb","Near Mint","English","","","","187p","False","False",""
"1","0","Dragonlair Spider","pca","Near Mint","English","","","","87","False","False",""
"1","0","Mutavault","pcmp","Near Mint","English","foil","","","12","False","False",""
"1","0","Ridgeline Rager","pcy","Near Mint","English","","","","100","False","False",""
"1","0","Scoria Cat","pcy","Near Mint","English","","","","101","False","False",""
"1","0","Riverpyre Verge","pdft","Near Mint","English","","","","260p","False","True",""
"1","0","Sunbillow Verge","pdft","Near Mint","English","foil","","","264s","False","True",""
"2","0","Llanowar Elves","pdmu","Near Mint","English","foil","","","1★","False","False",""
"1","0","Helm of the Host","pdom","Near Mint","English","foil","","","217s","False","False",""
"1","0","Marwyn, the Nurturer","pdom","Near Mint","English","foil","","","172s","False","False",""
"1","0","Dawnhand Dissident","pecl","Near Mint","English","","","","98p","False","False",""
"1","0","Deceit","pecl","Near Mint","English","","","","212p","False","False",""
"1","0","Slumbering Walker","pecl","Near Mint","English","","","","35p","False","False",""
"1","0","Moonshadow","pecl","Near Mint","English","","","","110p","False","False",""
"1","0","Maralen, Fae Ascendant","pecl","Near Mint","English","","","","233p","False","False",""
"1","0","Lavaleaper","pecl","Near Mint","English","","","","150p","False","False",""
"1","0","Champion of the Path","pecl","Near Mint","English","","","","130p","False","False",""
"1","0","Hallowed Fountain","pecl","Near Mint","English","","","","265p","False","False",""
"1","0","Raiding Schemes","pecl","Near Mint","English","","","","239p","False","False",""
"1","0","Formidable Speaker","pecl","Near Mint","English","","","","176p","False","False",""
"1","0","Grub, Storied Matriarch // Grub, Notorious Auntie","pecl","Near Mint","English","","","","105p","False","False",""
"1","0","Harmonized Crescendo","pecl","Near Mint","English","","","","54p","False","False",""
"1","0","Lluwen, Imperfect Naturalist","pecl","Near Mint","English","","","","232p","False","False",""
"1","0","Questing Beast","peld","Near Mint","English","foil","","","171s","False","False",""
"1","0","Charming Prince","peld","Near Mint","English","","","","8p","False","False",""
"2","0","Lightstall Inquisitor","peoe","Near Mint","English","foil","","","24s","False","False",""
"2","0","Utopia Sprawl","pf26","Near Mint","English","foil","","","9","False","False",""
"2","0","Atraxa, Praetors' Voice","pf26","Near Mint","English","foil","","","10","False","False",""
"1","0","Sol Ring","pfdn","Near Mint","English","foil","","","1","False","False",""
"1","0","Kiora, the Rising Tide","pfdn","Near Mint","English","foil","","","45s","False","False",""
"2","0","Exemplar of Light","pfdn","Near Mint","English","foil","","","11s","False","False",""
"2","0","Giada, Font of Hope","pfdn","Near Mint","English","foil","","","141s","False","False",""
"1","0","Krenko, Mob Boss","pfdn","Near Mint","English","foil","","","204s","False","False",""
"1","0","Brass's Bounty","pfdn","Near Mint","English","foil","","","190s","False","False",""
"1","0","Scavenging Ooze","pfdn","Near Mint","English","foil","","","232s","False","False",""
"1","0","Koma, World-Eater","pfdn","Near Mint","English","foil","","","121s","False","False",""
"1","0","Elenda, Saint of Dusk","pfdn","Near Mint","English","","","","119p","False","False",""
"1","0","Abyssal Harvester","pfdn","Near Mint","English","foil","","","54s","False","False",""
"1","0","Bloodthirsty Conqueror","pfdn","Near Mint","English","","","","58p","False","False",""
"1","0","Twinflame Tyrant","pfdn","Near Mint","English","","","","97p","False","False",""
"1","0","Spinner of Souls","pfdn","Near Mint","English","foil","","","112s","False","False",""
"1","0","Cecil, Dark Knight // Cecil, Redeemed Paladin","pfin","Near Mint","English","foil","","","91s","False","False",""
"1","0","Ishgard, the Holy See // Faith & Grief","pfin","Near Mint","English","foil","","","283s","False","False",""
"1","0","Vincent Valentine // Galian Beast","pfin","Near Mint","English","foil","","","125s","False","False",""
"1","0","Titans' Nest","piko","Near Mint","English","","","","212p","False","False",""
"1","0","Silver Shroud Costume","pip","Near Mint","English","","","","142","False","True",""
"1","0","Heroic Intervention","pip","Near Mint","English","","","","202","False","False",""
"1","0","Tainted Peak","pip","Near Mint","English","foil","","","828","False","False",""
"1","0","Mr. House, President and CEO","pip","Near Mint","English","foil","","","949","False","True",""
"1","0","Brute Force","plc","Near Mint","English","","","","116","False","False",""
"1","0","Get Lost","plci","Near Mint","English","","","","14p","False","False",""
"1","0","Star Compass","pls","Near Mint","English","","","","134","False","False",""
"1","0","Accorder Paladin","plst","Near Mint","English","","","","MBS-1","False","False",""
"1","0","Master of Waves","plst","Near Mint","English","","","","DDT-1","False","False",""
"1","0","Angelic Blessing","plst","Near Mint","English","","","","POR-2","False","False",""
"1","0","Goldmeadow Harrier","plst","Near Mint","English","","","","DDF-3","False","False",""
"1","0","Alharu, Solemn Ritualist","plst","Near Mint","English","","","","CMR-4","False","False",""
"1","0","Avian Changeling","plst","Near Mint","English","","","","LRW-4","False","False",""
"1","0","Kabira Vindicator","plst","Near Mint","English","","","","DDP-4","False","False",""
"1","0","Flickerwisp","plst","Near Mint","English","","","","EVE-6","False","False",""
"1","0","Banishing Stroke","plst","Near Mint","English","","","","AVR-7","False","False",""
"1","0","Chastise","plst","Near Mint","English","","","","JUD-8","False","False",""
"1","0","Spin into Myth","plst","Near Mint","English","","","","ARC-8","False","False",""
"1","0","Snap","plst","Near Mint","English","","","","DDS-10","False","True",""
"1","0","Evangel of Heliod","plst","Near Mint","English","","","","THS-11","False","False",""
"1","0","Morophon, the Boundless","plst","Near Mint","English","","","","MH1-1","False","False",""
"1","0","Kor Cartographer","plst","Near Mint","English","","","","DDI-13","False","False",""
"1","0","Mother of Runes","plst","Near Mint","English","","","","ULG-14","False","False",""
"1","0","Force Spike","plst","Near Mint","English","","","","DDJ-14","False","False",""
"1","0","Dauntless Bodyguard","plst","Near Mint","English","","","","DOM-14","False","False",""
"1","0","Phantom Flock","plst","Near Mint","English","","","","JUD-16","False","False",""
"1","0","Perimeter Captain","plst","Near Mint","English","","","","WWK-16","False","False",""
"1","0","Sunscape Familiar","plst","Near Mint","English","","","","PLS-17","False","False",""
"1","0","Prison Term","plst","Near Mint","English","","","","SHM-18","False","False",""
"1","0","Nikko-Onna","plst","Near Mint","English","","","","SOK-21","False","False",""
"1","0","Kitsune Blademaster","plst","Near Mint","English","","","","CHK-25","False","False",""
"1","0","Suture Priest","plst","Near Mint","English","","","","NPH-25","False","False",""
"1","0","Breakthrough","plst","Near Mint","English","","","","TOR-26","False","False",""
"1","0","Gigadrowse","plst","Near Mint","English","","","","GPT-26","False","False",""
"1","0","Exile","plst","Near Mint","English","","","","VMA-27","False","False",""
"1","0","Cerulean Wisps","plst","Near Mint","English","","","","SHM-31","False","False",""
"1","0","Noble Purpose","plst","Near Mint","English","","","","MMQ-32","False","False",""
"1","0","Whirlpool Drake","plst","Near Mint","English","","","","APC-34","False","False",""
"1","0","Shepherd of the Lost","plst","Near Mint","English","","","","ZEN-34","False","False",""
"1","0","Leap","plst","Near Mint","English","","","","STH-35","False","False",""
"1","0","Forbid","plst","Near Mint","English","","","","EXO-35","False","False",""
"1","0","Steppe Lynx","plst","Near Mint","English","","","","ZEN-36","False","False",""
"1","0","Sejiri Merfolk","plst","Near Mint","English","","","","WWK-36","False","False",""
"1","0","Spirited Companion","plst","Near Mint","English","","","","NEO-38","False","False",""
"1","0","Hada Spy Patrol","plst","Near Mint","English","","","","CMA-40","False","False",""
"1","0","Flash of Insight","plst","Near Mint","English","","","","JUD-40","False","False",""
"1","0","Hada Spy Patrol","plst","Near Mint","English","","","","CMA-40","False","False",""
"1","0","Surge of Salvation","plst","Near Mint","English","","","","MOM-41","False","False",""
"1","0","Fatestitcher","plst","Near Mint","English","","","","ALA-43","False","False",""
"1","0","Temporal Isolation","plst","Near Mint","English","","","","TSP-43","False","False",""
"1","0","Cloak of Feathers","plst","Near Mint","English","","","","POR-44","False","False",""
"1","0","Steadfast Unicorn","plst","Near Mint","English","","","","CLB-44","False","False",""
"1","0","Orcish Lumberjack","plst","Near Mint","English","","","","DDL-44","False","False",""
"1","0","Cloak of Feathers","plst","Near Mint","English","","","","POR-44","False","False",""
"1","0","Tezzeret's Gambit","plst","Near Mint","English","","","","NPH-47","False","False",""
"1","0","Tezzeret's Gambit","plst","Near Mint","English","","","","NPH-47","False","False",""
"1","0","Weatherseed Faeries","plst","Near Mint","English","","","","ULG-48","False","False",""
"1","0","Phyrexian Gargantua","plst","Near Mint","English","","","","APC-48","False","False",""
"1","0","Command of Unsummoning","plst","Near Mint","English","","","","POR-48","False","False",""
"1","0","Supreme Will","plst","Near Mint","English","","","","HOU-49","False","False",""
"1","0","Experimental Augury","plst","Near Mint","English","","","","ONE-49","False","False",""
"1","0","Shimmering Glasskite","plst","Near Mint","English","","","","BOK-51","False","False",""
"1","0","Shifting Sliver","plst","Near Mint","English","","","","LGN-52","False","False",""
"1","0","Shu Yun, the Silent Tempest","plst","Near Mint","English","","","","FRF-52","False","False",""
"1","0","Exhaustion","plst","Near Mint","English","","","","POR-54","False","False",""
"1","0","Exhaustion","plst","Near Mint","English","","","","POR-54","False","False",""
"1","0","Merfolk Seastalkers","plst","Near Mint","English","","","","ZEN-55","False","False",""
"1","0","Dark Triumph","plst","Near Mint","English","","","","NEM-55","False","False",""
"1","0","Grip of the Roil","plst","Near Mint","English","","","","OGW-56","False","False",""
"1","0","Mystic Subdual","plst","Near Mint","English","","","","IKO-57","False","False",""
"1","0","Archetype of Finality","plst","Near Mint","English","","","","BNG-58","False","False",""
"1","0","Coat of Arms","plst","Near Mint","English","","","","DDS-58","False","False",""
"1","0","Countersquall","plst","Near Mint","English","","","","DDH-59","False","False",""
"1","0","Pyrite Spellbomb","plst","Near Mint","English","","","","DDU-60","False","False",""
"1","0","Windstorm Drake","plst","Near Mint","English","","","","RNA-60","False","False",""
"1","0","Merfolk of the Pearl Trident","plst","Near Mint","English","","","","POR-60","False","False",""
"1","0","Whipcorder","plst","Near Mint","English","","","","ONS-60","False","False",""
"1","0","Solemn Simulacrum","plst","Near Mint","English","","","","DDU-62","False","False",""
"1","0","Annex","plst","Near Mint","English","","","","ONS-63","False","False",""
"1","0","Aphetto Alchemist","plst","Near Mint","English","","","","ONS-64","False","False",""
"1","0","Familiar's Ruse","plst","Near Mint","English","","","","LRW-64","False","False",""
"1","0","Aphetto Alchemist","plst","Near Mint","English","","","","ONS-64","False","False",""
"1","0","Necromancy","plst","Near Mint","English","","","","VIS-64","False","False",""
"1","0","Probe","plst","Near Mint","English","","","","INV-66","False","False",""
"1","0","Probe","plst","Near Mint","English","","","","INV-66","False","False",""
"1","0","Dead Weight","plst","Near Mint","English","","","","GRN-67","False","False",""
"1","0","Coastal Piracy","plst","Near Mint","English","","","","MMQ-68","False","False",""
"1","0","Footsteps of the Goryo","plst","Near Mint","English","","","","SOK-68","False","False",""
"1","0","Tetsuko Umezawa, Fugitive","plst","Near Mint","English","","","","DOM-69","False","False",""
"1","0","Ophidian Eye","plst","Near Mint","English","","","","TSP-70","False","False",""
"1","0","Cephalid Broker","plst","Near Mint","English","","","","ODY-71","False","False",""
"2","0","Unearth","plst","Near Mint","English","","","","ULG-72","False","False",""
"1","0","Reaping the Graves","plst","Near Mint","English","","","","SCG-72","False","False",""
"1","0","Bastion of Remembrance","plst","Near Mint","English","","","","IKO-73","False","False",""
"1","0","Mischievous Poltergeist","plst","Near Mint","English","","","","WTH-74","False","False",""
"1","0","Oblivion Strike","plst","Near Mint","English","","","","OGW-75","False","False",""
"1","0","Time Ebb","plst","Near Mint","English","","","","POR-75","False","False",""
"1","0","Blood Curdle","plst","Near Mint","English","","","","IKO-75","False","False",""
"1","0","Feed the Swarm","plst","Near Mint","English","","","","SCD-77","False","True",""
"1","0","Karstoderm","plst","Near Mint","English","","","","DST-77","False","False",""
"1","0","Unspeakable Symbol","plst","Near Mint","English","","","","SCG-79","False","False",""
"1","0","Skinthinner","plst","Near Mint","English","","","","LGN-80","False","False",""
"1","0","Strands of Night","plst","Near Mint","English","","","","WTH-82","False","False",""
"1","0","Dimir House Guard","plst","Near Mint","English","","","","RAV-83","False","False",""
"1","0","Power Sink","plst","Near Mint","English","","","","MIR-83","False","False",""
"2","0","Flowstone Hellion","plst","Near Mint","English","","","","STH-84","False","False",""
"1","0","Skullsnatcher","plst","Near Mint","English","","","","BOK-84","False","False",""
"1","0","Sedgemoor Witch","plst","Near Mint","English","","","","STX-86","False","False",""
"1","0","Ricochet Trap","plst","Near Mint","English","","","","WWK-87","False","False",""
"1","0","Blade Sliver","plst","Near Mint","English","","","","LGN-88","False","False",""
"1","0","Throat Slitter","plst","Near Mint","English","","","","BOK-88","False","False",""
"1","0","Vampiric Link","plst","Near Mint","English","","","","PLC-92","False","False",""
"1","0","Dockside Chef","plst","Near Mint","English","","","","NEO-93","False","False",""
"1","0","Reckless Abandon","plst","Near Mint","English","","","","UDS-94","False","False",""
"1","0","Unmake","plst","Near Mint","English","","","","EVE-96","False","False",""
"1","0","Diregraf Ghoul","plst","Near Mint","English","","","","ISD-97","False","False",""
"1","0","Turnabout","plst","Near Mint","English","","","","VMA-99","False","False",""
"1","0","Thermopod","plst","Near Mint","English","","","","CSP-100","False","False",""
"1","0","Defense of the Heart","plst","Near Mint","English","","","","ULG-100","False","False",""
"1","0","Scoria Cat","plst","Near Mint","English","","","","PCY-101","False","False",""
"1","0","Compost","plst","Near Mint","English","","","","UDS-102","False","False",""
"1","0","Feign Death","plst","Near Mint","English","","","","AFR-103","False","False",""
"1","0","Blood Speaker","plst","Near Mint","English","","","","CHK-103","False","False",""
"1","0","Spellshock","plst","Near Mint","English","","","","EXO-104","False","False",""
"1","0","Spitebellows","plst","Near Mint","English","","","","MOR-105","False","False",""
"2","0","Avenging Druid","plst","Near Mint","English","","","","EXO-105","False","False",""
"1","0","Dawntreader Elk","plst","Near Mint","English","","","","DKA-111","False","False",""
"1","0","Windfall","plst","Near Mint","English","","","","USG-111","False","False",""
"1","0","Orcish Settlers","plst","Near Mint","English","","","","WTH-112","False","False",""
"1","0","Darksteel Ingot","plst","Near Mint","English","","","","DST-112","False","False",""
"1","0","Blight Mamba","plst","Near Mint","English","","","","SOM-112","False","False",""
"1","0","Footbottom Feast","plst","Near Mint","English","","","","LRW-115","False","False",""
"2","0","Blood Knight","plst","Near Mint","English","","","","PLC-115","False","False",""
"1","0","Virtue's Ruin","plst","Near Mint","English","","","","POR-116","False","False",""
"1","0","Bassara Tower Archer","plst","Near Mint","English","","","","JOU-117","False","False",""
"1","0","Skyshroud Claim","plst","Near Mint","English","","","","NEM-117","False","False",""
"1","0","Grizzly Fate","plst","Near Mint","English","","","","JUD-119","False","False",""
"2","0","Nirkana Cutthroat","plst","Near Mint","English","","","","ROE-119","False","False",""
"1","0","Reckoner's Bargain","plst","Near Mint","English","","","","NEO-120","False","False",""
"1","0","Hero's Downfall","plst","Near Mint","English","","","","VOW-120","False","False",""
"1","0","Corrupt","plst","Near Mint","English","","","","USG-124","False","False",""
"1","0","Corrupt","plst","Near Mint","English","","","","USG-124","False","False",""
"1","0","You Are Already Dead","plst","Near Mint","English","","","","NEO-129","False","False",""
"1","0","Gilt-Leaf Winnower","plst","Near Mint","English","","","","CMR-130","False","False",""
"1","0","Krosan Vorine","plst","Near Mint","English","","","","LGN-131","False","False",""
"1","0","Merchant of the Vale // Haggle","plst","Near Mint","English","","","","ELD-131","False","False",""
"1","0","Kavu Predator","plst","Near Mint","English","","","","PLC-132","False","False",""
"1","0","Wild Hunger","plst","Near Mint","English","","","","DKA-132","False","False",""
"1","0","Fling","plst","Near Mint","English","","","","AKH-132","False","False",""
"1","0","Aggressive Instinct","plst","Near Mint","English","","","","GS1-34","False","False",""
"1","0","Edgewalker","plst","Near Mint","English","","","","SCG-137","False","False",""
"1","0","Duergar Hedge-Mage","plst","Near Mint","English","","","","EVE-137","False","False",""
"1","0","Experimental Synthesizer","plst","Near Mint","English","","","","NEO-138","False","False",""
"1","0","Skeletal Changeling","plst","Near Mint","English","","","","LRW-140","False","False",""
"1","0","Treetop Village","plst","Near Mint","English","","","","ULG-143","False","False",""
"1","0","Viridian Claw","plst","Near Mint","English","","","","MBS-143","False","False",""
"1","0","Thrill of Possibility","plst","Near Mint","English","","","","ELD-146","False","False",""
"1","0","Spitemare","plst","Near Mint","English","","","","EVE-147","False","False",""
"1","0","Twinferno","plst","Near Mint","English","","","","DMU-149","False","False",""
"1","0","Call of the Herd","plst","Near Mint","English","","","","DMR-153","False","False",""
"1","0","Souldrinker","plst","Near Mint","English","","","","TMP-158","False","False",""
"1","0","Sever Soul","plst","Near Mint","English","","","","MMQ-159","False","False",""
"1","0","Aftershock","plst","Near Mint","English","","","","TMP-160","False","False",""
"1","0","Burning Palm Efreet","plst","Near Mint","English","","","","MIR-161","False","False",""
"1","0","Echoing Courage","plst","Near Mint","English","","","","CNS-161","False","False",""
"1","0","Swarming Goblins","plst","Near Mint","English","","","","AFR-162","False","False",""
"1","0","Rapacious One","plst","Near Mint","English","","","","ROE-162","False","False",""
"2","0","Elite Cat Warrior","plst","Near Mint","English","","","","POR-163","False","False",""
"1","0","Orzhov Advokist","plst","Near Mint","English","","","","C16-3","False","False",""
"1","0","Noose Constrictor","plst","Near Mint","English","","","","EMN-164","False","False",""
"1","0","Brood Monitor","plst","Near Mint","English","","","","BFZ-164","False","False",""
"2","0","Elvish Ranger","plst","Near Mint","English","","","","POR-165","False","False",""
"1","0","Cinder Cloud","plst","Near Mint","English","","","","MIR-165","False","False",""
"1","0","Karoo","plst","Near Mint","English","","","","VIS-165","False","False",""
"1","0","Splinter Twin","plst","Near Mint","English","","","","ROE-165","False","False",""
"1","0","Golgari Grave-Troll","plst","Near Mint","English","","","","UMA-167","False","False",""
"1","0","Argothian Opportunist","plst","Near Mint","English","","","","BRO-167","False","False",""
"1","0","Destiny Spinner","plst","Near Mint","English","","","","THB-168","False","False",""
"1","0","Volcanic Spite","plst","Near Mint","English","","","","MOM-170","False","False",""
"2","0","Zombie Infestation","plst","Near Mint","English","","","","ODY-170","False","False",""
"1","0","Glarewielder","plst","Near Mint","English","","","","LRW-171","False","False",""
"1","0","Mobilize","plst","Near Mint","English","","","","POR-172","False","False",""
"1","0","Acidic Soil","plst","Near Mint","English","","","","USG-172","False","False",""
"1","0","Return to Nature","plst","Near Mint","English","","","","ELD-173","False","False",""
"1","0","Bushwhack","plst","Near Mint","English","","","","BRO-174","False","False",""
"1","0","Watcher for Tomorrow","plst","Near Mint","English","","","","MH1-76","False","False",""
"1","0","Aura Shards","plst","Near Mint","English","","","","CMD-182","False","True",""
"1","0","Voldaren Epicure","plst","Near Mint","English","","","","VOW-182","False","False",""
"1","0","Incinerate","plst","Near Mint","English","","","","MIR-184","False","False",""
"1","0","Mogg Raider","plst","Near Mint","English","","","","TMP-191","False","False",""
"1","0","Voldaren Duelist","plst","Near Mint","English","","","","SOI-191","False","False",""
"1","0","Kyren Negotiations","plst","Near Mint","English","","","","MMQ-198","False","False",""
"1","0","Dwarven Blastminer","plst","Near Mint","English","","","","ONS-199","False","False",""
"1","0","Might of Old Krosa","plst","Near Mint","English","","","","TSP-204","False","False",""
"1","0","Paradise Mantle","plst","Near Mint","English","","","","MMA-211","False","False",""
"1","0","Tangle","plst","Near Mint","English","","","","INV-213","False","False",""
"1","0","Insult // Injury","plst","Near Mint","English","","","","AKH-213","False","False",""
"1","0","Rites of Initiation","plst","Near Mint","English","","","","ODY-217","False","False",""
"2","0","Ashnod's Altar","plst","Near Mint","English","","","","EMA-218","False","True",""
"1","0","Heraldic Banner","plst","Near Mint","English","","","","ELD-222","False","False",""
"1","0","Pearl Shard","plst","Near Mint","English","","","","MRD-225","False","False",""
"1","0","Elite Scaleguard","plst","Near Mint","English","","","","CM2-27","False","False",""
"1","0","Rootha, Mercurial Artist","plst","Near Mint","English","","","","STX-227","False","False",""
"1","0","Beast Attack","plst","Near Mint","English","","","","ODY-230","False","False",""
"1","0","Argothian Elder","plst","Near Mint","English","","","","USG-233","False","False",""
"1","0","Timeless Dragon","plst","Near Mint","English","","","","MH2-35","False","False",""
"1","0","Goldvein Pick","plst","Near Mint","English","","","","KHM-239","False","False",""
"1","0","Elephant Ambush","plst","Near Mint","English","","","","ODY-240","False","False",""
"1","0","Elven Riders","plst","Near Mint","English","","","","ONS-254","False","False",""
"1","0","Letter of Acceptance","plst","Near Mint","English","","","","STX-256","False","False",""
"1","0","Scuttlemutt","plst","Near Mint","English","","","","SHM-263","False","False",""
"1","0","Rimewood Falls","plst","Near Mint","English","","","","KHM-266","False","False",""
"1","0","Silverglade Pathfinder","plst","Near Mint","English","","","","MMQ-270","False","False",""
"2","0","Spidersilk Armor","plst","Near Mint","English","","","","MMQ-273","False","False",""
"1","0","Hand of Death","plst","Near Mint","English","","","","P02-74","False","False",""
"1","0","Dauthi Voidwalker","plst","Near Mint","English","","","","MH2-81","False","False",""
"1","0","Werebear","plst","Near Mint","English","","","","ODY-282","False","False",""
"1","0","Swarm of Rats","plst","Near Mint","English","","","","P02-89","False","False",""
"1","0","Lotus Petal","plst","Near Mint","English","","","","TMP-294","False","False",""
"4","0","Lotus Petal","plst","Near Mint","English","","","","TMP-294","False","True",""
"1","0","Venomspout Brackus","plst","Near Mint","English","","","","ONS-295","False","False",""
"1","0","Puppet Strings","plst","Near Mint","English","","","","TMP-304","False","False",""
"1","0","Cabal Pit","plst","Near Mint","English","","","","ODY-315","False","False",""
"1","0","Thorn Mammoth","plst","Near Mint","English","","","","ELD-323","False","False",""
"1","0","Putrid Goblin","plst","Near Mint","English","","","","MH1-101","False","False",""
"1","0","Scale Up","plst","Near Mint","English","","","","MH1-179","False","False",""
"1","0","Hive Stirrings","plst","Near Mint","English","","","","M14-21","False","False",""
"1","0","Mirror Image","plst","Near Mint","English","","","","M19-61","False","False",""
"1","0","Spectral Sailor","plst","Near Mint","English","","","","M20-76","False","False",""
"1","0","Audacious Thief","plst","Near Mint","English","","","","M20-84","False","False",""
"1","0","Burst Lightning","plst","Near Mint","English","","","","MM2-109","False","False",""
"1","0","Momir Vig, Simic Visionary","plst","Near Mint","English","","","","GK2-119","False","False",""
"1","0","Trygon Predator","plst","Near Mint","English","","","","GK2-125","False","False",""
"1","0","Valorous Steed","plst","Near Mint","English","","","","M21-42","False","False",""
"1","0","Salvage","plst","Near Mint","English","","","","P02-145","False","False",""
"1","0","Birds of Paradise","plst","Near Mint","English","","","","CN2-176","False","True",""
"1","0","Tireless Provisioner","plst","Near Mint","English","","","","MH2-180","False","False",""
"1","0","Waker of Waves","plst","Near Mint","English","","","","M21-84","False","False",""
"1","0","Rustvale Bridge","plst","Near Mint","English","","","","MH2-253","False","False",""
"1","0","Urza's Saga","plst","Near Mint","English","","","","MH2-259","False","True",""
"1","0","Titania, Protector of Argoth","plst","Near Mint","English","","","","MH2-287","False","False",""
"1","0","Cudgel Troll","plst","Near Mint","English","","","","M10-174","False","False",""
"1","0","Liliana's Specter","plst","Near Mint","English","","","","M11-104","False","False",""
"1","0","Liliana's Specter","plst","Near Mint","English","","","","M11-104","False","False",""
"1","0","Stingerfling Spider","plst","Near Mint","English","","","","M12-197","False","False",""
"1","0","Sundial of the Infinite","plst","Near Mint","English","foil","","","M12-218","False","True",""
"1","0","Enlarge","plst","Near Mint","English","","","","M14-170","False","False",""
"1","0","Nightfire Giant","plst","Near Mint","English","","","","M15-109","False","False",""
"1","0","Ambition's Cost","plst","Near Mint","English","","","","C15-113","False","False",""
"1","0","Restock","plst","Near Mint","English","","","","M15-195","False","False",""
"1","0","Chaos Warp","plst","Near Mint","English","","","","C17-131","False","False",""
"1","0","Fertile Ground","plst","Near Mint","English","","","","C18-147","False","False",""
"1","0","Rotting Regisaur","plst","Near Mint","English","","","","M20-111","False","False",""
"1","0","Dragon Mage","plst","Near Mint","English","","","","M20-135","False","False",""
"1","0","Shared Summons","plst","Near Mint","English","","","","M20-193","False","False",""
"1","0","Gloom Sower","plst","Near Mint","English","","","","M21-100","False","False",""
"1","0","Llanowar Visionary","plst","Near Mint","English","","","","M21-193","False","False",""
"1","0","Liliana's Devotee","plst","Near Mint","English","","","","M21-298","False","False",""
"1","0","Liliana, Death Mage","plst","Near Mint","English","","","","M21-328","False","False",""
"2","0","Go for Blood","plst","Near Mint","English","","","","J22-540","False","False",""
"2","0","Mentor of the Meek","plst","Near Mint","English","","","","2X2-17","False","False",""
"1","0","Ancestral Blade","plst","Near Mint","English","","","","2XM-3","False","False",""
"1","0","Myth Realized","plst","Near Mint","English","","","","2X2-22","False","False",""
"1","0","Rapacious Dragon","plst","Near Mint","English","","","","2XM-140","False","False",""
"1","0","Necrologia","plst","Near Mint","English","","","","7ED-149","False","False",""
"1","0","Thought Courier","plst","Near Mint","English","","","","5DN-38","False","False",""
"1","0","Frodo, Determined Hero","pltc","Near Mint","English","foil","","","1","False","False",""
"1","0","Gandalf, White Rider","pltc","Near Mint","English","foil","","","2","False","False",""
"1","0","Gollum, Scheming Guide","pltc","Near Mint","English","foil","","","3","False","False",""
"1","0","The Balrog, Flame of Udûn","pltc","Near Mint","English","foil","","","4","False","False",""
"1","0","Delighted Halfling","pltr","Near Mint","English","foil","","","158s","False","False",""
"1","0","Sazh's Chocobo","pmei","Near Mint","English","foil","","","2026-17","False","False",""
"1","0","Esper Sentinel","pmh2","Near Mint","English","foil","","","12s","False","True",""
"1","0","Tourach, Dread Cantor","pmh2","Near Mint","English","foil","","","102s","False","False",""
"1","0","Delney, Streetwise Lookout","pmkm","Near Mint","English","foil","","","12p","False","False",""
"1","0","Yargle and Multani","pmom","Near Mint","English","","","","256p","False","False",""
"1","0","Man-o'-War","por","Near Mint","English","","","","59","False","False",""
"1","0","Storm Crow","por","Near Mint","English","","","","69","False","False",""
"1","0","Jungle Lion","por","Near Mint","English","","","","171","False","False",""
"1","0","Knight of the White Orchid","pori","Near Mint","English","foil","","","21s","False","False",""
"1","0","Hallowed Fountain","prna","Near Mint","English","","","","251p","False","True",""
"1","0","Withering Curse","psos","Near Mint","English","","","","105p","False","False",""
"1","0","Sedgemoor Witch","pstx","Near Mint","English","","","","86p","False","False",""
"1","0","Brushland","ptc","Near Mint","English","","","","pp352","False","True",""
"1","0","Fangkeeper's Familiar","ptdm","Near Mint","English","","","","183p","False","False",""
"1","0","Pyroblast","pw23","Near Mint","English","","","","8","False","True",""
"1","0","Farhaven Elf","pw26","Near Mint","English","","","","2","False","False",""
"1","0","Cytoplast Manipulator","pza","Near Mint","English","","","","5","False","False",""
"1","0","Umezawa's Jitte","pza","Near Mint","English","","","","19","False","False",""
"1","0","Valakut Awakening // Valakut Stoneforge","pznr","Near Mint","English","foil","","","174s","False","True",""
"1","0","Oathsworn Giant","rav","Near Mint","English","","","","27","False","False",""
"1","0","Flight of Fancy","rav","Near Mint","English","","","","49","False","False",""
"1","0","Spitting Dilophosaurus","rex","Near Mint","English","foil","","","29","False","True",""
"1","0","Moment of Craving","rix","Near Mint","English","","","","79","False","False",""
"1","0","Gleaming Barrier","rix","Near Mint","English","","","","178","False","False",""
"1","0","Ministrant of Obligation","rna","Near Mint","English","","","","16","False","False",""
"1","0","Electrodominance","rna","Near Mint","English","","","","99","False","True",""
"1","0","Light Up the Stage","rna","Near Mint","English","","","","107","False","False",""
"1","0","Biogenic Upgrade","rna","Near Mint","English","","","","123","False","False",""
"1","0","Gyre Engineer","rna","Near Mint","English","","","","180","False","False",""
"1","0","The Haunt of Hightower","rna","Near Mint","English","foil","","","273","False","False",""
"1","0","Totem-Guide Hartebeest","roe","Near Mint","English","","","","50","False","False",""
"1","0","Grave Betrayal","rtr","Near Mint","English","","","","67","False","False",""
"1","0","Grisly Salvage","rtr","Near Mint","English","","","","165","False","False",""
"1","0","Jarad's Orders","rtr","Near Mint","English","","","","175","False","False",""
"1","0","Boros Elite","rvr","Near Mint","English","","","","10","False","False",""
"1","0","Burglar Rat","rvr","Near Mint","English","","","","69","False","False",""
"1","0","Birds of Paradise","rvr","Near Mint","English","","","","133","False","False",""
"1","0","Arboreal Grazer","rvr","Near Mint","English","","","","343","False","False",""
"1","0","Birds of Paradise","rvr","Near Mint","English","","","","344","False","False",""
"1","0","Angel of Light","s99","Near Mint","English","","","","1","False","False",""
"1","0","Wicked Pact","s99","Near Mint","English","","","","92","False","False",""
"1","0","Alluring Scent","s99","Near Mint","English","","","","124","False","False",""
"1","0","Tide Skimmer","scd","Near Mint","English","","","","62","False","False",""
"1","0","Dragonlord's Servant","scd","Near Mint","English","","","","135","False","False",""
"1","0","Rite of Consumption","shm","Near Mint","English","","","","76","False","False",""
"1","0","Steel of the Godhead","shm","Near Mint","English","","","","150","False","False",""
"1","0","Shield of the Oversoul","shm","Near Mint","English","","","","242","False","False",""
"1","0","Altar of the Brood","slc","Near Mint","English","","","","1","False","False",""
"1","0","Crop Rotation","slc","Near Mint","English","","","","3","False","False",""
"1","0","Demonic Consultation","slc","Near Mint","English","","","","4","False","False",""
"1","0","Eerie Ultimatum","slc","Near Mint","English","","","","5","False","False",""
"1","0","Gray Merchant of Asphodel","slc","Near Mint","English","","","","7","False","False",""
"1","0","Isochron Scepter","slc","Near Mint","English","","","","9","False","False",""
"1","0","Junji, the Midnight Sky","slc","Near Mint","English","","","","10","False","False",""
"1","0","Llanowar Elves","slc","Near Mint","English","","","","12","False","False",""
"1","0","Myrel, Shield of Argive","slc","Near Mint","English","","","","13","False","False",""
"1","0","Narset's Reversal","slc","Near Mint","English","","","","14","False","False",""
"1","0","Ob Nixilis, the Fallen","slc","Near Mint","English","","","","15","False","False",""
"1","0","Questing Beast","slc","Near Mint","English","","","","17","False","False",""
"1","0","Sol Ring","slc","Near Mint","English","","","","19","False","False",""
"1","0","Temple of the False God","slc","Near Mint","English","","","","20","False","False",""
"1","0","Urza's Saga","slc","Near Mint","English","","","","21","False","False",""
"1","0","Vesuva","slc","Near Mint","English","foil","","","22","False","False",""
"1","0","Xantcha, Sleeper Agent","slc","Near Mint","English","","","","24","False","False",""
"1","0","Yarok, the Desecrated","slc","Near Mint","English","","","","25","False","False",""
"1","0","Zo-Zu the Punisher","slc","Near Mint","English","","","","26","False","False",""
"1","0","Alhammarret's Archive","slc","Near Mint","English","foil","","","27","False","False",""
"1","0","Brain Freeze","slc","Near Mint","English","foil","","","29","False","False",""
"1","0","Hymn to Tourach","slc","Near Mint","English","foil","","","35","False","False",""
"1","0","Krark-Clan Ironworks","slc","Near Mint","English","foil","","","38","False","False",""
"1","0","Retrofitter Foundry","slc","Near Mint","English","foil","","","45","False","False",""
"1","0","Wasteland","slc","Near Mint","English","foil","","","50","False","False",""
"1","0","Leonin Warleader","sld","Near Mint","English","foil","","","22","False","True",""
"1","0","Purphoros, God of the Forge","sld","Near Mint","English","foil","","","77","False","True",""
"1","0","Blood Crypt","sld","Near Mint","English","","","","125","False","False",""
"1","0","Blood Crypt","sld","Near Mint","English","","","","125","False","True",""
"1","0","Anguished Unmaking","sld","Near Mint","English","","","","138","False","True",""
"1","0","Grim Tutor","sld","Near Mint","English","foil","","","365","False","True",""
"2","0","Elesh Norn, Grand Cenobite","sld","Near Mint","English","foil","","","811","False","True",""
"1","0","Rotting Regisaur","sld","Near Mint","English","foil","","","852","False","False",""
"1","0","Toothy, Imaginary Friend","sld","Near Mint","English","","","","1049","False","True",""
"1","0","The World Tree","sld","Near Mint","English","foil","","","1266","False","True",""
"1","0","Nyxbloom Ancient","sld","Near Mint","English","foil","","","1275","False","True",""
"1","0","Nyxbloom Ancient","sld","Near Mint","English","foil","","","1275","False","False",""
"1","0","Commander's Plate","sld","Near Mint","English","foil","","","1339","False","False",""
"2","0","Tinybones, Trinket Thief","sld","Near Mint","English","","","","1407","False","True",""
"1","0","Arcane Signet","sld","Near Mint","English","","","","1492","False","True",""
"2","0","Whispersilk Cloak","sld","Near Mint","English","","","","1574","False","True",""
"1","0","The Ozolith","sld","Near Mint","English","","","","1741","False","True",""
"1","0","Deadly Rollick","sld","Near Mint","English","","","","1754","False","False",""
"1","0","Deadly Rollick","sld","Near Mint","English","","","","1754","False","False",""
"1","0","Saw in Half","sld","Near Mint","English","","","","1755","False","False",""
"1","0","Blasphemous Act","sld","Near Mint","English","","","","1756","False","False",""
"1","0","Vandalblast","sld","Near Mint","English","","","","1757","False","False",""
"1","0","Blasphemous Act","sld","Near Mint","English","","","","1998","False","True",""
"1","0","Descent into Avernus","sld","Near Mint","English","","","","2176","False","True",""
"1","0","Wasitora, Nekoru Queen","sld","Near Mint","English","","","","2253","False","True",""
"1","0","Vito, Thorn of the Dusk Rose","sld","Near Mint","English","","","","2282","False","True",""
"1","0","Tinybones, Trinket Thief","sld","Near Mint","English","","","","2458","False","False",""
"1","0","Isshin, Two Heavens as One","sld","Near Mint","English","","","","2459","False","False",""
"1","0","The Deck of Many Things","sld","Near Mint","English","","","","2460","False","False",""
"1","0","Caged Sun","sld","Near Mint","English","","","","2461","False","False",""
"1","0","Nuka-Cola Vending Machine","sld","Near Mint","English","","","","2462","False","False",""
"2","0","Nissa, Resurgent Animist","sld","Near Mint","English","foil","","","2658","False","False",""
"2","0","Ramunap Excavator","sld","Near Mint","English","foil","","","2659","False","False",""
"2","0","Six","sld","Near Mint","English","foil","","","2660","False","False",""
"2","0","Tireless Provisioner","sld","Near Mint","English","foil","","","2661","False","False",""
"2","0","Titania, Protector of Argoth","sld","Near Mint","English","foil","","","2662","False","False",""
"1","0","Dark Ritual","sld","Near Mint","English","","","","2678","False","False",""
"1","0","Cultivate","sld","Near Mint","English","","","","2679","False","False",""
"1","0","Finale of Devastation","sld","Near Mint","English","","","","2680","False","False",""
"1","0","Lathril, Blade of the Elves","sld","Near Mint","English","","","","2681","False","False",""
"1","0","Coat of Arms","sld","Near Mint","English","","","","2682","False","False",""
"1","0","Sol Ring","sld","Near Mint","English","","","","2683","False","False",""
"1","0","Path of Ancestry","sld","Near Mint","English","","","","2684","False","False",""
"1","0","Command Tower","sld","Near Mint","English","foil","","","7030","False","False",""
"1","0","Big Score","sld","Near Mint","English","","","","7096","False","False",""
"1","0","Deadpool, Trading Card","sld","Near Mint","English","","","","7127","False","False",""
"1","0","Darien, King of Kjeldor","sld","Near Mint","English","foil","","","7135","False","False",""
"1","0","Llanowar Elves","sld","Near Mint","English","foil","","","7167","False","False",""
"1","0","Force of Despair","slp","Near Mint","English","","","","29","False","True",""
"1","0","Hengegate Pathway // Mistgate Pathway","slu","Near Mint","English","foil","","","18","False","False",""
"1","0","Inspiring Overseer","snc","Near Mint","English","","","","18","False","False",""
"1","0","An Offer You Can't Refuse","snc","Near Mint","English","","","","51","False","False",""
"1","0","An Offer You Can't Refuse","snc","Near Mint","English","","","","51","False","False",""
"1","0","Witness Protection","snc","Near Mint","English","","","","66","False","False",""
"2","0","Witness Protection","snc","Near Mint","English","","","","66","False","False",""
"2","0","Big Score","snc","Near Mint","English","","","","102","False","False",""
"1","0","Torch Breath","snc","Near Mint","English","","","","127","False","False",""
"1","0","Jewel Thief","snc","Near Mint","English","","","","151","False","False",""
"1","0","Jetmir's Garden","snc","Near Mint","English","","","","250","False","True",""
"1","0","Xander's Lounge","snc","Near Mint","English","","","","260","False","True",""
"1","0","Jaxis, the Troublemaker","snc","Near Mint","English","foil","","","461","False","False",""
"1","0","Duty Beyond Death","soa","Near Mint","English","","","","4","False","False",""
"1","0","Repel Calamity","soa","Near Mint","English","","","","8","False","False",""
"1","0","Requisition Raid","soa","Near Mint","English","","","","10","False","False",""
"1","0","Deduce","soa","Near Mint","English","","","","16","False","False",""
"1","0","Spell Pierce","soa","Near Mint","English","","","","23","False","False",""
"1","0","Feed the Swarm","soa","Near Mint","English","","","","29","False","False",""
"1","0","Locust Spray","soa","Near Mint","English","","","","31","False","False",""
"1","0","Zombify","soa","Near Mint","English","","","","36","False","False",""
"1","0","Abrade","soa","Near Mint","English","","","","37","False","False",""
"1","0","Brotherhood's End","soa","Near Mint","English","","","","39","False","False",""
"2","0","Burst Lightning","soa","Near Mint","English","","","","41","False","False",""
"1","0","Return the Favor","soa","Near Mint","English","","","","47","False","False",""
"1","0","Awaken the Woods","soa","Near Mint","English","","","","49","False","False",""
"1","0","Giant Growth","soa","Near Mint","English","","","","52","False","False",""
"1","0","Knockout Maneuver","soa","Near Mint","English","","","","54","False","False",""
"1","0","Pick Your Poison","soa","Near Mint","English","","","","55","False","False",""
"1","0","Culling Ritual","soa","Near Mint","English","","","","62","False","False",""
"1","0","Dina, Essence Brewer","soc","Near Mint","English","","","","1","False","False",""
"1","0","Excava, the Risen Past","soc","Near Mint","English","","","","2","False","False",""
"1","0","Gorma, the Gullet","soc","Near Mint","English","","","","3","False","False",""
"1","0","Killian, Decisive Mentor","soc","Near Mint","English","","","","4","False","False",""
"1","0","Muddle, the Ever-Changing","soc","Near Mint","English","foil","","","5","False","False",""
"1","0","Primo, the Unbounded","soc","Near Mint","English","foil","","","6","False","False",""
"1","0","Quintorius, History Chaser","soc","Near Mint","English","","","","7","False","False",""
"1","0","Rootha, Mastering the Moment","soc","Near Mint","English","","","","8","False","False",""
"1","0","Scriv, the Obligator","soc","Near Mint","English","foil","","","9","False","False",""
"1","0","Zimone, Infinite Analyst","soc","Near Mint","English","","","","10","False","False",""
"1","0","Augusta, Order Returned","soc","Near Mint","English","","","","11","False","False",""
"1","0","Ceaseless Conflict","soc","Near Mint","English","","","","12","False","False",""
"1","0","Eiganjo Dynastorian // Replenish","soc","Near Mint","English","","","","13","False","False",""
"1","0","Forum Filibuster","soc","Near Mint","English","","","","14","False","False",""
"1","0","Herald of Amity","soc","Near Mint","English","","","","15","False","False",""
"1","0","Vanguard of the Restless","soc","Near Mint","English","","","","16","False","False",""
"1","0","Abstract Performance","soc","Near Mint","English","","","","17","False","False",""
"1","0","Dirgur Focusmage // Braingeyser","soc","Near Mint","English","","","","18","False","False",""
"1","0","Expansion Algorithm","soc","Near Mint","English","","","","19","False","False",""
"1","0","Leitmotif Composer","soc","Near Mint","English","","","","20","False","False",""
"1","0","Nexus Mentality","soc","Near Mint","English","","","","21","False","False",""
"1","0","Owlin Spiralmancer","soc","Near Mint","English","","","","22","False","False",""
"1","0","Changing Loyalty","soc","Near Mint","English","","","","23","False","False",""
"1","0","Coercive Impetus","soc","Near Mint","English","","","","24","False","False",""
"1","0","Defiling Daemogoth","soc","Near Mint","English","","","","25","False","False",""
"1","0","Intermediate Chirography","soc","Near Mint","English","","","","26","False","False",""
"1","0","Merchant of Venom","soc","Near Mint","English","","","","27","False","False",""
"1","0","Ominous Harvest","soc","Near Mint","English","","","","28","False","False",""
"1","0","Stensian Sanguinist // Exsanguinate","soc","Near Mint","English","","","","29","False","False",""
"1","0","Advanced Reconstruction","soc","Near Mint","English","","","","30","False","False",""
"1","0","Fateful Tempest","soc","Near Mint","English","","","","31","False","False",""
"1","0","Furygale Flocking","soc","Near Mint","English","","","","32","False","False",""
"1","0","Naktamun Lorespinner // Wheel of Fortune","soc","Near Mint","English","","","","33","False","False",""
"1","0","Prismari Pianist","soc","Near Mint","English","","","","34","False","False",""
"1","0","Relic Retriever","soc","Near Mint","English","","","","35","False","False",""
"1","0","Renegade Bull","soc","Near Mint","English","","","","36","False","False",""
"1","0","Spirit of Resilience","soc","Near Mint","English","","","","37","False","False",""
"1","0","Feral Appetite","soc","Near Mint","English","","","","38","False","False",""
"1","0","Kinetic Ooze","soc","Near Mint","English","","","","39","False","False",""
"1","0","Lattice Library","soc","Near Mint","English","","","","40","False","False",""
"1","0","Nev, the Practical Dean","soc","Near Mint","English","","","","41","False","False",""
"1","0","Pest Rescuer","soc","Near Mint","English","","","","42","False","False",""
"1","0","Ribtruss Roaster","soc","Near Mint","English","","","","43","False","False",""
"1","0","Yavimaya Bloomsage // Channel","soc","Near Mint","English","","","","44","False","False",""
"1","0","Defacing Duskmage // Vandal's Edit","soc","Near Mint","English","","","","45","False","False",""
"1","0","Eccentric Pestfinder // Turn Stones","soc","Near Mint","English","","","","46","False","False",""
"1","0","Immoral Bargain","soc","Near Mint","English","","","","47","False","False",""
"1","0","Inspired Skypainter // Maestro's Gift","soc","Near Mint","English","","","","48","False","False",""
"1","0","Lorehold Archivist // Restore Relic","soc","Near Mint","English","","","","49","False","False",""
"1","0","Striding Shotcaller // Run the Play","soc","Near Mint","English","","","","50","False","False",""
"1","0","Brass Infiniscope","soc","Near Mint","English","","","","51","False","False",""
"1","0","Coastal Peak","soc","Near Mint","English","","","","52","False","False",""
"1","0","Eclipsed Steppe","soc","Near Mint","English","","","","53","False","False",""
"1","0","Scorched Geyser","soc","Near Mint","English","","","","54","False","False",""
"1","0","Turbulent Fen","soc","Near Mint","English","","","","55","False","False",""
"1","0","Turbulent Moor","soc","Near Mint","English","","","","56","False","False",""
"1","0","Turbulent Springs","soc","Near Mint","English","","","","57","False","False",""
"1","0","Turbulent Steppe","soc","Near Mint","English","","","","58","False","False",""
"1","0","Turbulent Wilderness","soc","Near Mint","English","","","","59","False","False",""
"1","0","Umbral Expanse","soc","Near Mint","English","","","","60","False","False",""
"1","0","Nexus Mentality","soc","Near Mint","English","","","","71","False","False",""
"1","0","Nev, the Practical Dean","soc","Near Mint","English","","","","89","False","False",""
"1","0","Striding Shotcaller // Run the Play","soc","Near Mint","English","","","","98","False","False",""
"1","0","Flickering Ward","soc","Near Mint","English","","","","109","False","False",""
"1","0","Moonshaker Cavalry","soc","Near Mint","English","","","","110","False","False",""
"1","0","Staff of the Storyteller","soc","Near Mint","English","","","","111","False","False",""
"1","0","Wave of Reckoning","soc","Near Mint","English","","","","112","False","False",""
"1","0","Commander's Insight","soc","Near Mint","English","","","","113","False","False",""
"1","0","Faerie Mastermind","soc","Near Mint","English","","","","114","False","False",""
"1","0","Ingenious Prodigy","soc","Near Mint","English","","","","115","False","False",""
"1","0","Pull from Tomorrow","soc","Near Mint","English","","","","116","False","False",""
"1","0","Fallen Ideal","soc","Near Mint","English","","","","117","False","False",""
"1","0","Ophiomancer","soc","Near Mint","English","","","","118","False","False",""
"1","0","Screams from Within","soc","Near Mint","English","","","","119","False","False",""
"1","0","Toxic Deluge","soc","Near Mint","English","","","","120","False","False",""
"1","0","Chain Reaction","soc","Near Mint","English","","","","121","False","False",""
"1","0","Determined Iteration","soc","Near Mint","English","","","","122","False","False",""
"1","0","Harmonic Prodigy","soc","Near Mint","English","","","","123","False","False",""
"1","0","Benevolent Hydra","soc","Near Mint","English","","","","124","False","False",""
"1","0","Tendershoot Dryad","soc","Near Mint","English","","","","125","False","False",""
"1","0","Tendershoot Dryad","soc","Near Mint","English","","","","125","False","False",""
"1","0","Unbound Flourishing","soc","Near Mint","English","","","","126","False","False",""
"3","0","Arcane Signet","soc","Near Mint","English","","","","127","False","False",""
"1","0","Arcane Signet","soc","Near Mint","English","","","","127","False","False",""
"1","0","Arcane Signet","soc","Near Mint","English","","","","127","False","False",""
"1","0","Sol Ring","soc","Near Mint","English","","","","128","False","False",""
"3","0","Sol Ring","soc","Near Mint","English","","","","128","False","False",""
"1","0","Sol Ring","soc","Near Mint","English","","","","128","False","False",""
"3","0","Command Tower","soc","Near Mint","English","","","","129","False","False",""
"1","0","Command Tower","soc","Near Mint","English","","","","129","False","False",""
"1","0","Command Tower","soc","Near Mint","English","","","","129","False","False",""
"3","0","Fabled Passage","soc","Near Mint","English","","","","130","False","False",""
"1","0","Fabled Passage","soc","Near Mint","English","","","","130","False","False",""
"1","0","Fabled Passage","soc","Near Mint","English","","","","130","False","False",""
"1","0","Eldrazi Conscription","soc","Near Mint","English","","","","131","False","False",""
"1","0","Ajani's Chosen","soc","Near Mint","English","","","","132","False","False",""
"1","0","Angel of Indemnity","soc","Near Mint","English","","","","133","False","False",""
"1","0","Angelic Destiny","soc","Near Mint","English","","","","134","False","False",""
"1","0","Ao, the Dawn Sky","soc","Near Mint","English","","","","135","False","False",""
"1","0","Archaeomancer's Map","soc","Near Mint","English","","","","136","False","False",""
"1","0","Archon of Sun's Grace","soc","Near Mint","English","","","","137","False","False",""
"1","0","Armored Skyhunter","soc","Near Mint","English","","","","138","False","False",""
"1","0","Chains of Custody","soc","Near Mint","English","","","","139","False","False",""
"1","0","Claim Jumper","soc","Near Mint","English","","","","140","False","False",""
"1","0","Combat Calligrapher","soc","Near Mint","English","","","","141","False","False",""
"1","0","Darksteel Mutation","soc","Near Mint","English","","","","142","False","False",""
"1","0","Drumbellower","soc","Near Mint","English","","","","143","False","False",""
"1","0","Eidolon of Countless Battles","soc","Near Mint","English","","","","144","False","False",""
"1","0","Firemane Commando","soc","Near Mint","English","","","","145","False","False",""
"1","0","Ghostly Prison","soc","Near Mint","English","","","","146","False","False",""
"1","0","Gift of Immortality","soc","Near Mint","English","","","","147","False","False",""
"1","0","Guardian of Faith","soc","Near Mint","English","","","","148","False","False",""
"1","0","Guardian Scalelord","soc","Near Mint","English","","","","149","False","False",""
"1","0","Kami of Ancient Law","soc","Near Mint","English","","","","150","False","False",""
"1","0","Karmic Guide","soc","Near Mint","English","","","","151","False","False",""
"1","0","Kor Spiritdancer","soc","Near Mint","English","","","","152","False","False",""
"1","0","Land Tax","soc","Near Mint","English","","","","153","False","False",""
"1","0","Mangara, the Diplomat","soc","Near Mint","English","","","","155","False","False",""
"1","0","Martial Impetus","soc","Near Mint","English","","","","156","False","False",""
"1","0","Monologue Tax","soc","Near Mint","English","","","","157","False","False",""
"1","0","Nils, Discipline Enforcer","soc","Near Mint","English","","","","158","False","False",""
"1","0","Path to Exile","soc","Near Mint","English","","","","159","False","False",""
"1","0","Pearl-Ear, Imperial Advisor","soc","Near Mint","English","","","","160","False","False",""
"1","0","Promise of Loyalty","soc","Near Mint","English","","","","161","False","False",""
"1","0","Raffine's Guidance","soc","Near Mint","English","","","","162","False","False",""
"1","0","Redemption Arc","soc","Near Mint","English","","","","163","False","False",""
"1","0","Remorseful Cleric","soc","Near Mint","English","","","","164","False","False",""
"1","0","Sage's Reverie","soc","Near Mint","English","","","","165","False","False",""
"2","0","Secret Rendezvous","soc","Near Mint","English","","","","166","False","False",""
"1","0","Selfless Spirit","soc","Near Mint","English","","","","167","False","False",""
"1","0","Sentinel's Eyes","soc","Near Mint","English","","","","168","False","False",""
"1","0","Serra Paragon","soc","Near Mint","English","","","","169","False","False",""
"1","0","Sevinne's Reclamation","soc","Near Mint","English","","","","170","False","False",""
"1","0","Sheltered by Ghosts","soc","Near Mint","English","","","","171","False","False",""
"1","0","Shielded by Faith","soc","Near Mint","English","","","","172","False","False",""
"1","0","Skyclave Apparition","soc","Near Mint","English","","","","173","False","False",""
"1","0","Songbirds' Blessing","soc","Near Mint","English","","","","174","False","False",""
"1","0","Spirit Mantle","soc","Near Mint","English","","","","175","False","False",""
"1","0","Sram, Senior Edificer","soc","Near Mint","English","","","","176","False","False",""
"1","0","Starfield Mystic","soc","Near Mint","English","","","","177","False","False",""
"1","0","Sun Titan","soc","Near Mint","English","","","","178","False","False",""
"1","0","Swords to Plowshares","soc","Near Mint","English","","","","179","False","False",""
"1","0","Teshar, Ancestor's Apostle","soc","Near Mint","English","","","","180","False","False",""
"1","0","Tocasia's Welcome","soc","Near Mint","English","","","","181","False","False",""
"1","0","Tragic Arrogance","soc","Near Mint","English","","","","182","False","False",""
"1","0","Transcendent Envoy","soc","Near Mint","English","","","","183","False","False",""
"1","0","White Orchid Phantom","soc","Near Mint","English","","","","184","False","False",""
"1","0","Winds of Rath","soc","Near Mint","English","","","","185","False","False",""
"1","0","Aether Gale","soc","Near Mint","English","","","","186","False","False",""
"1","0","Arcane Denial","soc","Near Mint","English","","","","187","False","False",""
"1","0","Archmage Emeritus","soc","Near Mint","English","","","","188","False","False",""
"1","0","Brazen Borrower // Petty Theft","soc","Near Mint","English","","","","190","False","False",""
"1","0","Curiosity Crafter","soc","Near Mint","English","","","","191","False","False",""
"1","0","Curse of the Swine","soc","Near Mint","English","","","","192","False","False",""
"1","0","Deekah, Fractal Theorist","soc","Near Mint","English","","","","193","False","False",""
"1","0","Deep Analysis","soc","Near Mint","English","","","","194","False","False",""
"1","0","Dig Through Time","soc","Near Mint","English","","","","195","False","False",""
"1","0","Entrancing Melody","soc","Near Mint","English","","","","196","False","False",""
"1","0","Perplexing Test","soc","Near Mint","English","","","","197","False","False",""
"1","0","Rapid Hybridization","soc","Near Mint","English","","","","198","False","False",""
"1","0","Reality Shift","soc","Near Mint","English","","","","199","False","False",""
"1","0","Replication Technique","soc","Near Mint","English","","","","200","False","False",""
"1","0","Resculpt","soc","Near Mint","English","","","","201","False","False",""
"1","0","Rite of Replication","soc","Near Mint","English","","","","202","False","False",""
"1","0","Stroke of Genius","soc","Near Mint","English","","","","203","False","False",""
"1","0","Thunderclap Drake","soc","Near Mint","English","","","","204","False","False",""
"1","0","Treasure Cruise","soc","Near Mint","English","","","","205","False","False",""
"1","0","Zimone's Hypothesis","soc","Near Mint","English","","","","206","False","False",""
"1","0","Animate Dead","soc","Near Mint","English","","","","207","False","False",""
"1","0","Blight Mound","soc","Near Mint","English","","","","208","False","False",""
"1","0","Blood Artist","soc","Near Mint","English","","","","209","False","False",""
"1","0","Bloodghast","soc","Near Mint","English","","","","210","False","False",""
"1","0","Doomwake Giant","soc","Near Mint","English","","","","212","False","False",""
"1","0","Final Act","soc","Near Mint","English","","","","213","False","False",""
"1","0","Ghoulish Impetus","soc","Near Mint","English","","","","214","False","False",""
"1","0","Hateful Eidolon","soc","Near Mint","English","","","","215","False","False",""
"1","0","Infernal Grasp","soc","Near Mint","English","","","","216","False","False",""
"1","0","Jadar, Ghoulcaller of Nephalia","soc","Near Mint","English","","","","217","False","False",""
"1","0","Keen Duelist","soc","Near Mint","English","","","","218","False","False",""
"1","0","Morbid Opportunist","soc","Near Mint","English","","","","219","False","False",""
"1","0","Nether Traitor","soc","Near Mint","English","","","","220","False","False",""
"1","0","Nether Traitor","soc","Near Mint","English","","","","220","False","True",""
"1","0","Night's Whisper","soc","Near Mint","English","","","","221","False","False",""
"1","0","Parasitic Impetus","soc","Near Mint","English","","","","222","False","False",""
"1","0","Pawn of Ulamog","soc","Near Mint","English","","","","223","False","False",""
"1","0","Plumb the Forbidden","soc","Near Mint","English","","","","224","False","False",""
"1","0","Priest of Forgotten Gods","soc","Near Mint","English","","","","225","False","False",""
"1","0","Smothering Abomination","soc","Near Mint","English","","","","226","False","False",""
"1","0","Umbral Collar Zealot","soc","Near Mint","English","","","","227","False","False",""
"1","0","Veinwitch Coven","soc","Near Mint","English","","","","228","False","False",""
"1","0","Viscera Seer","soc","Near Mint","English","","","","229","False","False",""
"1","0","Witch of the Moors","soc","Near Mint","English","","","","230","False","False",""
"1","0","Woe Strider","soc","Near Mint","English","","","","231","False","False",""
"1","0","Yahenni, Undying Partisan","soc","Near Mint","English","","","","232","False","False",""
"1","0","Zulaport Cutthroat","soc","Near Mint","English","","","","233","False","False",""
"1","0","Abrade","soc","Near Mint","English","","","","234","False","False",""
"1","0","Abrade","soc","Near Mint","English","","","","234","False","False",""
"1","0","Anger","soc","Near Mint","English","","","","235","False","False",""
"1","0","Atsushi, the Blazing Sky","soc","Near Mint","English","","","","236","False","False",""
"1","0","Big Score","soc","Near Mint","English","","","","237","False","False",""
"1","0","Blasphemous Act","soc","Near Mint","English","","","","238","False","False",""
"1","0","Chaos Warp","soc","Near Mint","English","","","","239","False","False",""
"1","0","Conspiracy Theorist","soc","Near Mint","English","","","","240","False","False",""
"1","0","Creative Technique","soc","Near Mint","English","","","","241","False","False",""
"1","0","Cursed Mirror","soc","Near Mint","English","","","","242","False","False",""
"1","0","Dance with Calamity","soc","Near Mint","English","","","","243","False","False",""
"1","0","Faithless Looting","soc","Near Mint","English","","","","244","False","False",""
"1","0","Goldspan Dragon","soc","Near Mint","English","","","","245","False","False",""
"1","0","Laelia, the Blade Reforged","soc","Near Mint","English","","","","246","False","False",""
"1","0","Laelia, the Blade Reforged","soc","Near Mint","English","","","","246","False","True",""
"1","0","Mana Geyser","soc","Near Mint","English","","","","247","False","False",""
"1","0","Manaform Hellkite","soc","Near Mint","English","","","","248","False","False",""
"1","0","Mirrorwing Dragon","soc","Near Mint","English","","","","249","False","False",""
"1","0","Plargg and Nassari","soc","Near Mint","English","","","","250","False","False",""
"1","0","Redoubled Stormsinger","soc","Near Mint","English","","","","251","False","False",""
"1","0","Rionya, Fire Dancer","soc","Near Mint","English","","","","252","False","False",""
"1","0","Rousing Refrain","soc","Near Mint","English","","","","253","False","False",""
"1","0","Squee, Goblin Nabob","soc","Near Mint","English","","","","254","False","False",""
"1","0","Storm-Kiln Artist","soc","Near Mint","English","","","","255","False","False",""
"1","0","Surge to Victory","soc","Near Mint","English","","","","256","False","False",""
"1","0","Throes of Chaos","soc","Near Mint","English","","","","257","False","False",""
"1","0","Twinflame","soc","Near Mint","English","","","","258","False","False",""
"1","0","Volcanic Salvo","soc","Near Mint","English","","","","259","False","False",""
"1","0","Volcanic Torrent","soc","Near Mint","English","","","","260","False","False",""
"1","0","Animist's Awakening","soc","Near Mint","English","","","","261","False","False",""
"1","0","Awakening Zone","soc","Near Mint","English","","","","262","False","False",""
"1","0","Beast Within","soc","Near Mint","English","","","","263","False","False",""
"1","0","Blossoming Bogbeast","soc","Near Mint","English","","","","264","False","False",""
"1","0","Cultivate","soc","Near Mint","English","","","","265","False","False",""
"1","0","Elvish Mystic","soc","Near Mint","English","","","","266","False","False",""
"1","0","Forgotten Ancient","soc","Near Mint","English","","","","267","False","False",""
"1","0","Fractal Harness","soc","Near Mint","English","","","","268","False","False",""
"1","0","Gilded Goose","soc","Near Mint","English","","","","269","False","False",""
"1","0","Goldvein Hydra","soc","Near Mint","English","","","","270","False","False",""
"1","0","Guardian Augmenter","soc","Near Mint","English","","","","271","False","False",""
"1","0","Hardened Scales","soc","Near Mint","English","","","","272","False","False",""
"1","0","Kami of Whispered Hopes","soc","Near Mint","English","","","","273","False","False",""
"1","0","Lifeblood Hydra","soc","Near Mint","English","","","","274","False","False",""
"1","0","Mana Bloom","soc","Near Mint","English","","","","275","False","False",""
"1","0","Mycoloth","soc","Near Mint","English","","","","276","False","False",""
"1","0","Mycoloth","soc","Near Mint","English","","","","276","False","False",""
"1","0","Nature's Lore","soc","Near Mint","English","","","","278","False","False",""
"1","0","Ohran Frostfang","soc","Near Mint","English","","","","279","False","False",""
"1","0","Ohran Frostfang","soc","Near Mint","English","","","","279","False","False",""
"1","0","Open the Way","soc","Near Mint","English","","","","280","False","False",""
"1","0","Ozolith, the Shattered Spire","soc","Near Mint","English","","","","281","False","False",""
"1","0","Pest Infestation","soc","Near Mint","English","","","","282","False","False",""
"1","0","Primal Might","soc","Near Mint","English","","","","283","False","False",""
"1","0","Primordial Hydra","soc","Near Mint","English","","","","284","False","False",""
"1","0","Sakura-Tribe Elder","soc","Near Mint","English","","","","285","False","False",""
"1","0","Silkguard","soc","Near Mint","English","","","","286","False","False",""
"1","0","Springbloom Druid","soc","Near Mint","English","","","","287","False","False",""
"1","0","Springbloom Druid","soc","Near Mint","English","","","","287","False","False",""
"1","0","Steelbane Hydra","soc","Near Mint","English","","","","288","False","False",""
"1","0","Three Visits","soc","Near Mint","English","","","","289","False","False",""
"1","0","Trudge Garden","soc","Near Mint","English","","","","290","False","False",""
"1","0","Tyvar's Stand","soc","Near Mint","English","","","","291","False","False",""
"1","0","Tyvar's Stand","soc","Near Mint","English","","","","291","False","False",""
"1","0","Altered Ego","soc","Near Mint","English","","","","292","False","False",""
"1","0","Anguished Unmaking","soc","Near Mint","English","","","","293","False","False",""
"1","0","Assassin's Trophy","soc","Near Mint","English","","","","294","False","False",""
"1","0","Balefire Liege","soc","Near Mint","English","","","","295","False","False",""
"1","0","Beledros Witherbloom","soc","Near Mint","English","","","","296","False","False",""
"1","0","Biomass Mutation","soc","Near Mint","English","","","","297","False","False",""
"1","0","Breena, the Demagogue","soc","Near Mint","English","","","","298","False","False",""
"1","0","Brudiclad, Telchor Engineer","soc","Near Mint","English","","","","299","False","False",""
"1","0","Casualties of War","soc","Near Mint","English","","","","300","False","False",""
"1","0","Creakwood Liege","soc","Near Mint","English","","","","301","False","False",""
"1","0","Culling Ritual","soc","Near Mint","English","","","","302","False","False",""
"1","0","Deadly Brew","soc","Near Mint","English","","","","303","False","False",""
"1","0","Deadly Brew","soc","Near Mint","English","","","","303","False","False",""
"1","0","Decisive Denial","soc","Near Mint","English","","","","304","False","False",""
"1","0","Dina, Soul Steeper","soc","Near Mint","English","","","","305","False","False",""
"1","0","Elusive Otter // Grove's Bounty","soc","Near Mint","English","","","","306","False","False",""
"1","0","Eriette of the Charmed Apple","soc","Near Mint","English","","","","307","False","False",""
"1","0","Eureka Moment","soc","Near Mint","English","","","","308","False","False",""
"1","0","Expressive Iteration","soc","Near Mint","English","","","","309","False","False",""
"1","0","Fracture","soc","Near Mint","English","","","","310","False","False",""
"1","0","Galazeth Prismari","soc","Near Mint","English","","","","311","False","False",""
"1","0","The Goose Mother","soc","Near Mint","English","","","","312","False","False",""
"1","0","Gyome, Master Chef","soc","Near Mint","English","","","","313","False","False",""
"1","0","Hofri Ghostforge","soc","Near Mint","English","","","","314","False","False",""
"1","0","Hydroid Krasis","soc","Near Mint","English","","","","315","False","False",""
"1","0","Inkshield","soc","Near Mint","English","","","","316","False","False",""
"1","0","Killian, Ink Duelist","soc","Near Mint","English","","","","317","False","False",""
"1","0","Magma Opus","soc","Near Mint","English","","","","318","False","False",""
"1","0","Mazirek, Kraul Death Priest","soc","Near Mint","English","","","","319","False","False",""
"1","0","Moldervine Reclamation","soc","Near Mint","English","","","","320","False","False",""
"1","0","Mortality Spear","soc","Near Mint","English","","","","321","False","False",""
"1","0","Oversimplify","soc","Near Mint","English","","","","322","False","False",""
"1","0","Prismari Command","soc","Near Mint","English","","","","323","False","False",""
"1","0","Quandrix Apprentice","soc","Near Mint","English","","","","324","False","False",""
"1","0","Quandrix Command","soc","Near Mint","English","","","","325","False","False",""
"1","0","Quintorius, Field Historian","soc","Near Mint","English","","","","326","False","False",""
"1","0","Quintorius, Loremaster","soc","Near Mint","English","","","","327","False","False",""
"1","0","Rip Apart","soc","Near Mint","English","","","","328","False","False",""
"1","0","Rootha, Mercurial Artist","soc","Near Mint","English","","","","329","False","False",""
"1","0","Shadrix Silverquill","soc","Near Mint","English","","","","330","False","False",""
"1","0","Stormcatch Mentor","soc","Near Mint","English","","","","331","False","False",""
"1","0","Tanazir Quandrix","soc","Near Mint","English","","","","332","False","False",""
"1","0","Tomik, Wielder of Law","soc","Near Mint","English","","","","333","False","False",""
"1","0","Troyan, Gutsy Explorer","soc","Near Mint","English","","","","334","False","False",""
"1","0","Vanishing Verse","soc","Near Mint","English","","","","335","False","False",""
"1","0","Venerable Warsinger","soc","Near Mint","English","","","","336","False","False",""
"1","0","Veyran, Voice of Duality","soc","Near Mint","English","","","","337","False","False",""
"1","0","Wight of the Reliquary","soc","Near Mint","English","","","","338","False","False",""
"1","0","Witherbloom Command","soc","Near Mint","English","","","","339","False","False",""
"1","0","Zimone, All-Questioning","soc","Near Mint","English","","","","340","False","False",""
"1","0","Zimone, Quandrix Prodigy","soc","Near Mint","English","","","","341","False","False",""
"1","0","Astral Cornucopia","soc","Near Mint","English","","","","342","False","False",""
"1","0","Bitterthorn, Nissa's Animus","soc","Near Mint","English","","","","343","False","False",""
"1","0","Containment Construct","soc","Near Mint","English","","","","344","False","False",""
"1","0","Currency Converter","soc","Near Mint","English","","","","345","False","False",""
"1","0","Elementalist's Palette","soc","Near Mint","English","","","","346","False","False",""
"1","0","Fellwar Stone","soc","Near Mint","English","","","","347","False","False",""
"2","0","Fellwar Stone","soc","Near Mint","English","","","","347","False","False",""
"1","0","Hangarback Walker","soc","Near Mint","English","","","","348","False","False",""
"1","0","Haywire Mite","soc","Near Mint","English","","","","349","False","False",""
"1","0","Lightning Greaves","soc","Near Mint","English","","","","350","False","False",""
"1","0","Millikin","soc","Near Mint","English","","","","351","False","False",""
"1","0","Mind Stone","soc","Near Mint","English","","","","352","False","False",""
"1","0","Patchwork Banner","soc","Near Mint","English","","","","353","False","False",""
"1","0","Perpetual Timepiece","soc","Near Mint","English","","","","354","False","False",""
"1","0","Solemn Simulacrum","soc","Near Mint","English","","","","355","False","False",""
"1","0","Stonecoil Serpent","soc","Near Mint","English","","","","356","False","False",""
"1","0","Talisman of Creativity","soc","Near Mint","English","","","","357","False","False",""
"1","0","Talisman of Hierarchy","soc","Near Mint","English","","","","358","False","False",""
"1","0","Alchemist's Refuge","soc","Near Mint","English","","","","360","False","False",""
"1","0","Arcane Lighthouse","soc","Near Mint","English","","","","361","False","False",""
"1","0","Battlefield Forge","soc","Near Mint","English","","","","362","False","False",""
"2","0","Bojuka Bog","soc","Near Mint","English","","","","363","False","False",""
"1","0","Cascade Bluffs","soc","Near Mint","English","","","","364","False","False",""
"1","0","Caves of Koilos","soc","Near Mint","English","","","","365","False","False",""
"1","0","Clifftop Retreat","soc","Near Mint","English","","","","366","False","True",""
"1","0","Clifftop Retreat","soc","Near Mint","English","","","","366","False","False",""
"1","0","Desolate Mire","soc","Near Mint","English","","","","367","False","False",""
"1","0","Emeria, the Sky Ruin","soc","Near Mint","English","","","","368","False","False",""
"3","0","Exotic Orchard","soc","Near Mint","English","","","","369","False","False",""
"1","0","Exotic Orchard","soc","Near Mint","English","","","","369","False","False",""
"1","0","Exotic Orchard","soc","Near Mint","English","","","","369","False","False",""
"1","0","Ferrous Lake","soc","Near Mint","English","","","","370","False","False",""
"1","0","Festering Thicket","soc","Near Mint","English","","","","371","False","False",""
"1","0","Fetid Heath","soc","Near Mint","English","","","","372","False","False",""
"1","0","Flooded Grove","soc","Near Mint","English","","","","373","False","False",""
"1","0","Frostboil Snarl","soc","Near Mint","English","","","","374","False","False",""
"1","0","Furycalm Snarl","soc","Near Mint","English","","","","375","False","False",""
"1","0","Glittering Massif","soc","Near Mint","English","","","","376","False","False",""
"1","0","Grim Backwoods","soc","Near Mint","English","","","","377","False","False",""
"1","0","Hall of Oracles","soc","Near Mint","English","","","","378","False","False",""
"1","0","Haunted Mire","soc","Near Mint","English","","","","379","False","False",""
"1","0","High Market","soc","Near Mint","English","","","","380","False","False",""
"1","0","Hinterland Harbor","soc","Near Mint","English","","","","381","False","False",""
"1","0","Isolated Chapel","soc","Near Mint","English","","","","382","False","False",""
"1","0","Isolated Chapel","soc","Near Mint","English","","","","382","False","True",""
"1","0","Llanowar Wastes","soc","Near Mint","English","","","","383","False","False",""
"1","0","Lorehold Campus","soc","Near Mint","English","","","","384","False","False",""
"1","0","Lotus Field","soc","Near Mint","English","","","","385","False","False",""
"1","0","Mistveil Plains","soc","Near Mint","English","","","","386","False","False",""
"1","0","Mistveil Plains","soc","Near Mint","English","","","","386","False","False",""
"1","0","Molten Tributary","soc","Near Mint","English","","","","387","False","False",""
"1","0","Mystic Sanctuary","soc","Near Mint","English","","","","388","False","False",""
"1","0","Necroblossom Snarl","soc","Near Mint","English","","","","389","False","False",""
"1","0","Opal Palace","soc","Near Mint","English","","","","390","False","False",""
"1","0","Oran-Rief, the Vastwood","soc","Near Mint","English","","","","391","False","False",""
"1","0","Overflowing Basin","soc","Near Mint","English","","","","392","False","False",""
"2","0","Path of Ancestry","soc","Near Mint","English","","","","393","False","False",""
"1","0","Path of Ancestry","soc","Near Mint","English","","","","393","False","False",""
"1","0","Path of Ancestry","soc","Near Mint","English","","","","393","False","False",""
"1","0","Prismari Campus","soc","Near Mint","English","","","","394","False","False",""
"1","0","Quandrix Campus","soc","Near Mint","English","","","","395","False","False",""
"1","0","Radiant Summit","soc","Near Mint","English","","","","396","False","False",""
"1","0","Rain-Slicked Copse","soc","Near Mint","English","","","","397","False","False",""
"1","0","Reliquary Tower","soc","Near Mint","English","","","","398","False","False",""
"1","0","Reliquary Tower","soc","Near Mint","English","","","","398","False","False",""
"1","0","Restless Spire","soc","Near Mint","English","","","","399","False","False",""
"1","0","Rogue's Passage","soc","Near Mint","English","","","","400","False","False",""
"1","0","Rogue's Passage","soc","Near Mint","English","","","","400","False","False",""
"1","0","Rugged Prairie","soc","Near Mint","English","","","","401","False","False",""
"1","0","Sacred Peaks","soc","Near Mint","English","","","","402","False","False",""
"1","0","Shineshadow Snarl","soc","Near Mint","English","","","","403","False","False",""
"1","0","Shivan Reef","soc","Near Mint","English","","","","404","False","False",""
"1","0","Silverquill Campus","soc","Near Mint","English","","","","405","False","False",""
"1","0","Sodden Verdure","soc","Near Mint","English","","","","406","False","False",""
"3","0","Study Hall","soc","Near Mint","English","","","","407","False","False",""
"1","0","Study Hall","soc","Near Mint","English","","","","407","False","False",""
"1","0","Study Hall","soc","Near Mint","English","","","","407","False","False",""
"1","0","Sulfur Falls","soc","Near Mint","English","","","","408","False","False",""
"1","0","Sunlit Marsh","soc","Near Mint","English","","","","409","False","False",""
"1","0","Sunscorched Divide","soc","Near Mint","English","","","","410","False","False",""
"1","0","Tangled Islet","soc","Near Mint","English","","","","411","False","False",""
"1","0","Temple of Epiphany","soc","Near Mint","English","","","","412","False","False",""
"1","0","Temple of Malady","soc","Near Mint","English","","","","413","False","False",""
"1","0","Temple of Mystery","soc","Near Mint","English","","","","414","False","False",""
"1","0","Temple of Silence","soc","Near Mint","English","","","","415","False","False",""
"1","0","Temple of the False God","soc","Near Mint","English","","","","416","False","False",""
"1","0","Temple of the False God","soc","Near Mint","English","","","","416","False","False",""
"1","0","Temple of Triumph","soc","Near Mint","English","","","","417","False","False",""
"1","0","Twilight Mire","soc","Near Mint","English","","","","418","False","False",""
"1","0","Vernal Fen","soc","Near Mint","English","","","","419","False","False",""
"1","0","Vineglimmer Snarl","soc","Near Mint","English","","","","420","False","False",""
"1","0","Viridescent Bog","soc","Near Mint","English","","","","421","False","False",""
"1","0","War Room","soc","Near Mint","English","","","","422","False","False",""
"1","0","War Room","soc","Near Mint","English","","","","422","False","False",""
"1","0","Witherbloom Campus","soc","Near Mint","English","","","","423","False","False",""
"1","0","Woodland Cemetery","soc","Near Mint","English","","","","424","False","False",""
"1","0","Yavimaya Coast","soc","Near Mint","English","","","","425","False","False",""
"1","0","Talisman of Curiosity","soc","Near Mint","English","foil","","","430","False","False",""
"1","0","Talisman of Hierarchy","soc","Near Mint","English","foil","","","431","False","False",""
"1","0","Tenacity","soi","Near Mint","English","","","","42","False","False",""
"1","0","Olivia's Bloodsworn","soi","Near Mint","English","","","","127","False","False",""
"1","0","Olivia's Bloodsworn","soi","Near Mint","English","","","","127","False","False",""
"1","0","Geistblast","soi","Near Mint","English","","","","160","False","False",""
"1","0","Blackcleave Goblin","som","Near Mint","English","","","","54","False","False",""
"1","0","Plague Stinger","som","Near Mint","English","","","","75","False","False",""
"1","0","Skithiryx, the Blight Dragon","som","Near Mint","English","","","","79","False","False",""
"1","0","Blight Mamba","som","Near Mint","English","","","","112","False","False",""
"1","0","Ajani's Response","sos","Near Mint","English","","","","6","False","False",""
"1","0","Ascendant Dustspeaker","sos","Near Mint","English","","","","8","False","False",""
"1","0","Dig Site Inventory","sos","Near Mint","English","","","","10","False","False",""
"1","0","Elite Interceptor // Rejoinder","sos","Near Mint","English","","","","12","False","False",""
"1","0","Elite Interceptor // Rejoinder","sos","Near Mint","English","","","","12","False","False",""
"1","0","Interjection","sos","Near Mint","English","","","","22","False","False",""
"1","0","Primary Research","sos","Near Mint","English","","","","26","False","False",""
"1","0","Primary Research","sos","Near Mint","English","","","","26","False","False",""
"1","0","Rehearsed Debater","sos","Near Mint","English","","","","29","False","False",""
"1","0","Shattered Acolyte","sos","Near Mint","English","","","","31","False","False",""
"2","0","Spiritcall Enthusiast // Scrollboost","sos","Near Mint","English","","","","33","False","False",""
"1","0","Stand Up for Yourself","sos","Near Mint","English","","","","34","False","False",""
"1","0","Stone Docent","sos","Near Mint","English","","","","36","False","False",""
"2","0","Summoned Dromedary","sos","Near Mint","English","","","","37","False","False",""
"1","0","Campus Composer // Aqueous Aria","sos","Near Mint","English","","","","40","False","False",""
"1","0","Deluge Virtuoso","sos","Near Mint","English","","","","42","False","False",""
"1","0","Encouraging Aviator // Jump","sos","Near Mint","English","","","","46","False","False",""
"1","0","Essence Scatter","sos","Near Mint","English","","","","47","False","False",""
"2","0","Fractalize","sos","Near Mint","English","","","","51","False","False",""
"1","0","Harmonized Trio // Brainstorm","sos","Near Mint","French","","","","52","False","False",""
"1","0","Homesickness","sos","Near Mint","English","","","","53","False","False",""
"1","0","Hydro-Channeler","sos","Near Mint","English","","","","54","False","False",""
"1","0","Jadzi, Steward of Fate // Oracle's Gift","sos","Near Mint","English","","","","55","False","False",""
"1","0","Mana Sculpt","sos","Near Mint","English","","","","57","False","False",""
"1","0","Muse's Encouragement","sos","Near Mint","English","","","","61","False","False",""
"1","0","Procrastinate","sos","Near Mint","English","","","","64","False","False",""
"1","0","Procrastinate","sos","Near Mint","English","","","","64","False","False",""
"1","0","Quick Study","sos","Near Mint","English","","","","65","False","False",""
"1","0","Run Behind","sos","Near Mint","English","","","","66","False","False",""
"1","0","Skycoach Conductor // All Aboard","sos","Near Mint","English","","","","67","False","False",""
"1","0","Tester of the Tangential","sos","Near Mint","English","","","","69","False","False",""
"1","0","Textbook Tabulator","sos","Near Mint","English","","","","70","False","False",""
"1","0","Adventurous Eater // Have a Bite","sos","Near Mint","French","","","","72","False","False",""
"2","0","Burrog Banemaker","sos","Near Mint","English","","","","75","False","False",""
"1","0","Cheerful Osteomancer // Raise Dead","sos","Near Mint","French","","","","76","False","False",""
"1","0","Cheerful Osteomancer // Raise Dead","sos","Near Mint","English","","","","76","False","False",""
"1","0","Cost of Brilliance","sos","Near Mint","English","","","","77","False","False",""
"1","0","Foolish Fate","sos","Near Mint","English","","","","83","False","False",""
"2","0","Last Gasp","sos","Near Mint","English","","","","86","False","False",""
"1","0","Last Gasp","sos","Near Mint","English","","","","86","False","False",""
"1","0","Lecturing Scornmage","sos","Near Mint","English","","","","87","False","False",""
"1","0","Masterful Flourish","sos","Near Mint","English","","","","89","False","False",""
"1","0","Melancholic Poet","sos","Near Mint","English","","","","90","False","False",""
"1","0","Melancholic Poet","sos","Near Mint","English","","","","90","False","False",""
"1","0","Pox Plague","sos","Near Mint","English","","","","94","False","False",""
"2","0","Send in the Pest","sos","Near Mint","English","","","","100","False","False",""
"1","0","Sneering Shadewriter","sos","Near Mint","English","","","","101","False","False",""
"1","0","Wander Off","sos","Near Mint","English","","","","104","False","False",""
"1","0","Ancestral Anger","sos","Near Mint","English","","","","106","False","False",""
"1","0","Archaic's Agony","sos","Near Mint","English","","","","107","False","False",""
"1","0","Artistic Process","sos","Near Mint","English","","","","108","False","False",""
"2","0","Blazing Firesinger // Seething Song","sos","Near Mint","English","","","","109","False","False",""
"1","0","Blazing Firesinger // Seething Song","sos","Near Mint","French","","","","109","False","False",""
"1","0","Duel Tactics","sos","Near Mint","English","","","","112","False","False",""
"1","0","Expressive Firedancer","sos","Near Mint","English","","","","114","False","False",""
"1","0","Goblin Glasswright // Craft with Pride","sos","Near Mint","English","","","","117","False","False",""
"1","0","Goblin Glasswright // Craft with Pride","sos","Near Mint","French","","","","117","False","False",""
"1","0","Rearing Embermare","sos","Near Mint","English","","","","127","False","False",""
"1","0","Rearing Embermare","sos","Near Mint","English","","","","127","False","False",""
"1","0","Rubble Rouser","sos","Near Mint","English","","","","128","False","False",""
"1","0","Rubble Rouser","sos","Near Mint","English","","","","128","False","False",""
"1","0","Seize the Spoils","sos","Near Mint","English","","","","129","False","False",""
"1","0","Strife Scholar // Awaken the Ages","sos","Near Mint","English","","","","131","False","False",""
"1","0","Tablet of Discovery","sos","Near Mint","English","","","","132","False","False",""
"1","0","Tackle Artist","sos","Near Mint","English","","","","133","False","False",""
"1","0","Thunderdrum Soloist","sos","Near Mint","English","","","","134","False","False",""
"1","0","Tome Blast","sos","Near Mint","English","","","","135","False","False",""
"1","0","Zealous Lorecaster","sos","Near Mint","English","","","","137","False","False",""
"1","0","Additive Evolution","sos","Near Mint","English","","","","139","False","False",""
"1","0","Burrog Barrage","sos","Near Mint","English","","","","141","False","False",""
"1","0","Comforting Counsel","sos","Near Mint","English","","","","143","False","False",""
"1","0","Efflorescence","sos","Near Mint","English","","","","144","False","False",""
"2","0","Follow the Lumarets","sos","Near Mint","English","","","","148","False","False",""
"1","0","Follow the Lumarets","sos","Near Mint","English","","","","148","False","False",""
"1","0","Glorious Decay","sos","Near Mint","English","","","","150","False","False",""
"1","0","Infirmary Healer // Stream of Life","sos","Near Mint","English","","","","152","False","False",""
"3","0","Noxious Newt","sos","Near Mint","English","","","","155","False","False",""
"1","0","Noxious Newt","sos","Near Mint","English","","","","155","False","False",""
"1","0","Snarl Song","sos","Near Mint","English","","","","161","False","False",""
"1","0","Vastlands Scavenger // Bind to Life","sos","Near Mint","English","","","","166","False","False",""
"2","0","Wild Hypothesis","sos","Near Mint","English","","","","167","False","False",""
"2","0","Abigale, Poet Laureate // Heroic Stanza","sos","Near Mint","English","","","","170","False","False",""
"1","0","Abstract Paintmage","sos","Near Mint","English","","","","171","False","False",""
"1","0","Blech, Loafing Pest","sos","Near Mint","English","","","","176","False","False",""
"1","0","Borrowed Knowledge","sos","Near Mint","English","","","","178","False","False",""
"1","0","Colorstorm Stallion","sos","Near Mint","English","","","","180","False","False",""
"1","0","Elemental Mascot","sos","Near Mint","English","","","","185","False","False",""
"1","0","Embrace the Paradox","sos","Near Mint","English","","","","186","False","False",""
"3","0","Embrace the Paradox","sos","Near Mint","English","","","","186","False","False",""
"1","0","Essenceknit Scholar","sos","Near Mint","English","","","","187","False","False",""
"1","0","Imperious Inkmage","sos","Near Mint","English","","","","195","False","False",""
"1","0","Kirol, History Buff // Pack a Punch","sos","Near Mint","English","","","","198","False","False",""
"1","0","Lorehold Charm","sos","Near Mint","English","","","","200","False","False",""
"1","0","Lorehold Charm","sos","Near Mint","English","","","","200","False","False",""
"1","0","Mind Roots","sos","Near Mint","English","","","","203","False","False",""
"1","0","Moment of Reckoning","sos","Near Mint","English","","","","205","False","False",""
"1","0","Paradox Surveyor","sos","Near Mint","English","","","","208","False","False",""
"1","0","Pest Mascot","sos","Near Mint","English","","","","209","False","False",""
"1","0","Prismari Charm","sos","Near Mint","English","","","","211","False","False",""
"1","0","Prismari, the Inspiration","sos","Near Mint","English","","","","212","False","False",""
"1","0","Pterafractyl","sos","Near Mint","English","","","","215","False","False",""
"1","0","Quandrix Charm","sos","Near Mint","English","","","","217","False","False",""
"1","0","Rapturous Moment","sos","Near Mint","English","","","","219","False","False",""
"2","0","Render Speechless","sos","Near Mint","English","","","","220","False","False",""
"1","0","Resonating Lute","sos","Near Mint","English","","","","221","False","False",""
"1","0","Root Manipulation","sos","Near Mint","English","","","","222","False","False",""
"1","0","Sanar, Unfinished Genius // Wild Idea","sos","Near Mint","English","","","","223","False","False",""
"1","0","Spirit Mascot","sos","Near Mint","English","","","","230","False","False",""
"1","0","Stress Dream","sos","Near Mint","English","","","","235","False","False",""
"1","0","Tam, Observant Sequencer // Deep Sight","sos","Near Mint","French","","","","237","False","False",""
"1","0","Teacher's Pest","sos","Near Mint","English","","","","238","False","False",""
"1","0","Witherbloom Charm","sos","Near Mint","English","","","","244","False","False",""
"1","0","Witherbloom Charm","sos","Near Mint","English","","","","244","False","False",""
"1","0","Zaffai and the Tempests","sos","Near Mint","English","","","","246","False","False",""
"1","0","Biblioplex Tomekeeper","sos","Near Mint","English","","","","247","False","False",""
"1","0","Diary of Dreams","sos","Near Mint","English","","","","248","False","False",""
"1","0","Page, Loose Leaf","sos","Near Mint","English","","","","250","False","False",""
"1","0","Potioner's Trove","sos","Near Mint","English","","","","251","False","False",""
"1","0","Fields of Strife","sos","Near Mint","English","","","","255","False","False",""
"1","0","Fields of Strife","sos","Near Mint","English","","","","255","False","False",""
"2","0","Forum of Amity","sos","Near Mint","English","","","","256","False","False",""
"1","0","Forum of Amity","sos","Near Mint","English","","","","256","False","False",""
"1","0","Forum of Amity","sos","Near Mint","English","","","","256","False","False",""
"1","0","Great Hall of the Biblioplex","sos","Near Mint","English","","","","257","False","False",""
"1","0","Paradox Gardens","sos","Near Mint","English","","","","258","False","False",""
"1","0","Skycoach Waypoint","sos","Near Mint","English","","","","261","False","False",""
"1","0","Spectacle Summit","sos","Near Mint","English","","","","262","False","False",""
"2","0","Terramorphic Expanse","sos","Near Mint","English","","","","265","False","False",""
"3","0","Terramorphic Expanse","sos","Near Mint","English","","","","265","False","False",""
"1","0","Terramorphic Expanse","sos","Near Mint","English","","","","265","False","False",""
"1","0","Terramorphic Expanse","sos","Near Mint","English","","","","265","False","False",""
"1","0","Titan's Grave","sos","Near Mint","English","","","","266","False","False",""
"1","0","Mountain","sos","Near Mint","English","","","","270","False","False",""
"19","0","Plains","sos","Near Mint","English","","","","273","False","False",""
"8","0","Island","sos","Near Mint","English","","","","275","False","False",""
"7","0","Island","sos","Near Mint","English","","","","275","False","False",""
"16","0","Swamp","sos","Near Mint","English","","","","277","False","False",""
"1","0","Mountain","sos","Near Mint","English","","","","278","False","False",""
"6","0","Mountain","sos","Near Mint","English","","","","279","False","False",""
"7","0","Mountain","sos","Near Mint","English","","","","279","False","False",""
"8","0","Forest","sos","Near Mint","English","","","","281","False","False",""
"6","0","Forest","sos","Near Mint","English","","","","281","False","False",""
"1","0","Echocasting Symposium","sos","Near Mint","English","","","","291","False","False",""
"1","0","Decorum Dissertation","sos","Near Mint","English","","","","292","False","False",""
"1","0","Sundown Pass","sos","Near Mint","English","","","","305","False","False",""
"2","0","Flashback","sos","Near Mint","English","","","","333","False","False",""
"1","0","Applied Geometry","sos","Near Mint","English","","","","343","False","False",""
"1","0","Hardened Academic","sos","Near Mint","English","","","","351","False","False",""
"1","0","Grasping Tentacles","spe","Near Mint","English","","","","21","False","False",""
"1","0","Venom, Deadly Devourer","spe","Near Mint","English","","","","22","False","False",""
"1","0","Green Goblin, Nemesis","spe","Near Mint","English","","","","23","False","False",""
"1","0","Doc Ock, Evil Inventor","spe","Near Mint","English","","","","24","False","False",""
"1","0","Sensational Spider-Man","spe","Near Mint","English","","","","25","False","False",""
"1","0","Pumpkin Bombs","spe","Near Mint","English","","","","26","False","False",""
"1","0","Prismatic Vista","spg","Near Mint","English","","","","38","False","False",""
"2","0","Prismatic Vista","spg","Near Mint","English","","","","38","False","True",""
"1","0","Prismatic Vista","spg","Near Mint","English","","","","38","False","True",""
"1","0","Embercleave","spg","Near Mint","English","","","","77","False","False",""
"1","0","Burgeoning","spg","Near Mint","English","","","","126","False","False",""
"1","0","Library of Leng","spg","Near Mint","English","","","","158","False","False",""
"1","0","Carnage, Crimson Chaos","spm","Near Mint","English","","","","227","False","False",""
"1","0","Wall of Tears","sth","Near Mint","English","","","","50","False","False",""
"1","0","Primal Rage","sth","Near Mint","English","","","","112","False","False",""
"1","0","Wandering Archaic // Explore the Vastlands","stx","Near Mint","English","","","","6","False","True",""
"1","0","Secret Rendezvous","stx","Near Mint","English","","","","26","False","False",""
"1","0","Resculpt","stx","Near Mint","English","","","","51","False","False",""
"1","0","Go Blank","stx","Near Mint","English","","","","72","False","False",""
"1","0","Crackle with Power","stx","Near Mint","English","","","","95","False","True",""
"1","0","Storm-Kiln Artist","stx","Near Mint","English","","","","115","False","False",""
"1","0","Storm-Kiln Artist","stx","Near Mint","English","","","","115","False","False",""
"1","0","Fortifying Draught","stx","Near Mint","English","","","","132","False","False",""
"1","0","Elemental Masterpiece","stx","Near Mint","English","","","","182","False","False",""
"1","0","Expressive Iteration","stx","Near Mint","English","","","","186","False","False",""
"1","0","Fracture","stx","Near Mint","English","","","","188","False","False",""
"1","0","Prismari Command","stx","Near Mint","English","","","","214","False","True",""
"1","0","Rootha, Mercurial Artist","stx","Near Mint","English","","","","227","False","False",""
"1","0","Witherbloom Apprentice","stx","Near Mint","English","","","","247","False","False",""
"1","0","Letter of Acceptance","stx","Near Mint","English","","","","256","False","False",""
"1","0","Prismari Campus","stx","Near Mint","English","","","","270","False","False",""
"1","0","Silverquill Campus","stx","Near Mint","English","","","","273","False","False",""
"14","0","Plains","stx","Near Mint","English","","","","367","False","False",""
"10","0","Island","stx","Near Mint","English","","","","369","False","False",""
"10","0","Swamp","stx","Near Mint","English","","","","371","False","False",""
"9","0","Mountain","stx","Near Mint","English","","","","372","False","False",""
"1","0","Red Elemental Blast","sum","Near Mint","English","","","","171","False","True",""
"1","0","Wheel of Fortune","sum","Near Mint","English","","","","185","False","True",""
"1","0","Mana Vault","sum","Near Mint","English","","","","263","False","True",""
"1","0","Scrubland","sum","Near Mint","English","","","","286","False","True",""
"1","0","Underground Sea","sum","Near Mint","English","","","","290","False","True",""
"1","0","Kotis, Sibsig Champion","tdc","Near Mint","English","","","","5","False","False",""
"1","0","Kotis, Sibsig Champion","tdc","Near Mint","English","","","","5","False","False",""
"1","0","Teval, the Balanced Scale","tdc","Near Mint","English","","","","8","False","False",""
"1","0","Teval, the Balanced Scale","tdc","Near Mint","English","","","","8","False","False",""
"1","0","Diviner of Mist","tdc","Near Mint","English","","","","20","False","False",""
"1","0","Diviner of Mist","tdc","Near Mint","English","","","","20","False","False",""
"1","0","Afterlife from the Loam","tdc","Near Mint","English","","","","25","False","False",""
"1","0","Afterlife from the Loam","tdc","Near Mint","English","","","","25","False","False",""
"1","0","Teval's Judgment","tdc","Near Mint","English","","","","28","False","False",""
"1","0","Teval's Judgment","tdc","Near Mint","English","","","","28","False","False",""
"1","0","Welcome the Dead","tdc","Near Mint","English","","","","30","False","False",""
"1","0","Welcome the Dead","tdc","Near Mint","English","","","","30","False","False",""
"1","0","Floral Evoker","tdc","Near Mint","English","","","","46","False","False",""
"1","0","Floral Evoker","tdc","Near Mint","English","","","","46","False","False",""
"1","0","Steward of the Harvest","tdc","Near Mint","English","","","","48","False","False",""
"1","0","Steward of the Harvest","tdc","Near Mint","English","","","","48","False","False",""
"1","0","Will of the Sultai","tdc","Near Mint","English","","","","49","False","False",""
"1","0","Will of the Sultai","tdc","Near Mint","English","","","","49","False","False",""
"1","0","Colossal Grave-Reaver","tdc","Near Mint","English","","","","50","False","False",""
"1","0","Colossal Grave-Reaver","tdc","Near Mint","English","","","","50","False","False",""
"1","0","Gravecrawler","tdc","Near Mint","English","","","","93","False","False",""
"1","0","Gravecrawler","tdc","Near Mint","English","","","","93","False","False",""
"1","0","Life from the Loam","tdc","Near Mint","English","","","","96","False","False",""
"1","0","Life from the Loam","tdc","Near Mint","English","","","","96","False","False",""
"1","0","Casualties of War","tdc","Near Mint","English","","","","98","False","False",""
"1","0","Casualties of War","tdc","Near Mint","English","","","","98","False","False",""
"1","0","Arcane Signet","tdc","Near Mint","English","","","","105","False","False",""
"1","0","Arcane Signet","tdc","Near Mint","English","","","","105","False","False",""
"1","0","Sol Ring","tdc","Near Mint","English","","","","106","False","False",""
"1","0","Sol Ring","tdc","Near Mint","English","","","","106","False","False",""
"1","0","Command Tower","tdc","Near Mint","English","","","","107","False","False",""
"1","0","Command Tower","tdc","Near Mint","English","","","","107","False","False",""
"1","0","Amphin Mutineer","tdc","Near Mint","English","","","","143","False","False",""
"1","0","Amphin Mutineer","tdc","Near Mint","English","","","","143","False","False",""
"1","0","Forbidden Alchemy","tdc","Near Mint","English","","","","152","False","False",""
"1","0","Forbidden Alchemy","tdc","Near Mint","English","","","","152","False","False",""
"1","0","Hedron Crab","tdc","Near Mint","English","","","","155","False","False",""
"1","0","Hedron Crab","tdc","Near Mint","English","","","","155","False","False",""
"1","0","River Kelpie","tdc","Near Mint","English","","","","166","False","False",""
"1","0","River Kelpie","tdc","Near Mint","English","","","","166","False","False",""
"1","0","Treasure Cruise","tdc","Near Mint","English","","","","169","False","False",""
"1","0","Treasure Cruise","tdc","Near Mint","English","","","","169","False","False",""
"1","0","Wonder","tdc","Near Mint","English","","","","170","False","False",""
"1","0","Wonder","tdc","Near Mint","English","","","","170","False","False",""
"1","0","Dauthi Voidwalker","tdc","Near Mint","English","","","","176","False","False",""
"1","0","Dauthi Voidwalker","tdc","Near Mint","English","","","","176","False","False",""
"1","0","Deadly Dispute","tdc","Near Mint","English","","","","177","False","False",""
"1","0","Disciple of Bolas","tdc","Near Mint","English","","","","178","False","False",""
"1","0","Disciple of Bolas","tdc","Near Mint","English","","","","178","False","False",""
"1","0","Junji, the Midnight Sky","tdc","Near Mint","English","","","","183","False","False",""
"1","0","Junji, the Midnight Sky","tdc","Near Mint","English","","","","183","False","False",""
"1","0","Lethal Scheme","tdc","Near Mint","English","","","","184","False","False",""
"1","0","Lethal Scheme","tdc","Near Mint","English","","","","184","False","False",""
"1","0","Living Death","tdc","Near Mint","English","","","","185","False","False",""
"1","0","Living Death","tdc","Near Mint","English","","","","185","False","False",""
"1","0","Lord of the Forsaken","tdc","Near Mint","English","","","","186","False","False",""
"1","0","Lord of the Forsaken","tdc","Near Mint","English","","","","186","False","False",""
"1","0","Necromantic Selection","tdc","Near Mint","English","","","","189","False","False",""
"1","0","Necromantic Selection","tdc","Near Mint","English","","","","189","False","False",""
"1","0","Necropolis Fiend","tdc","Near Mint","English","","","","190","False","False",""
"1","0","Necropolis Fiend","tdc","Near Mint","English","","","","190","False","False",""
"1","0","Noxious Gearhulk","tdc","Near Mint","English","","","","191","False","False",""
"1","0","Noxious Gearhulk","tdc","Near Mint","English","","","","191","False","False",""
"1","0","Ob Nixilis, the Fallen","tdc","Near Mint","English","","","","192","False","False",""
"1","0","Ob Nixilis, the Fallen","tdc","Near Mint","English","","","","192","False","False",""
"1","0","Phyrexian Reclamation","tdc","Near Mint","English","","","","194","False","False",""
"1","0","Phyrexian Reclamation","tdc","Near Mint","English","","","","194","False","False",""
"1","0","Reassembling Skeleton","tdc","Near Mint","English","","","","195","False","False",""
"1","0","Reassembling Skeleton","tdc","Near Mint","English","","","","195","False","False",""
"1","0","Stitcher's Supplier","tdc","Near Mint","English","","","","196","False","False",""
"1","0","Stitcher's Supplier","tdc","Near Mint","English","","","","196","False","False",""
"1","0","Tasigur, the Golden Fang","tdc","Near Mint","English","","","","197","False","False",""
"1","0","Tasigur, the Golden Fang","tdc","Near Mint","English","","","","197","False","False",""
"1","0","Victimize","tdc","Near Mint","English","","","","198","False","False",""
"1","0","Victimize","tdc","Near Mint","English","","","","198","False","False",""
"1","0","Woe Strider","tdc","Near Mint","English","","","","201","False","False",""
"1","0","Woe Strider","tdc","Near Mint","English","","","","201","False","False",""
"1","0","Avenger of Zendikar","tdc","Near Mint","English","","","","247","False","False",""
"1","0","Avenger of Zendikar","tdc","Near Mint","English","","","","247","False","False",""
"1","0","Axebane Guardian","tdc","Near Mint","English","","","","248","False","False",""
"1","0","Conduit of Worlds","tdc","Near Mint","English","","","","251","False","False",""
"1","0","Conduit of Worlds","tdc","Near Mint","English","","","","251","False","False",""
"1","0","Conduit of Worlds","tdc","Near Mint","English","","","","251","False","False",""
"1","0","Crawling Sensation","tdc","Near Mint","English","","","","252","False","False",""
"1","0","Crawling Sensation","tdc","Near Mint","English","","","","252","False","False",""
"1","0","Cultivate","tdc","Near Mint","English","","","","253","False","False",""
"1","0","Cultivate","tdc","Near Mint","English","","","","253","False","False",""
"1","0","Farseek","tdc","Near Mint","English","","","","255","False","False",""
"1","0","Farseek","tdc","Near Mint","English","","","","255","False","False",""
"1","0","Grapple with the Past","tdc","Near Mint","English","","","","257","False","False",""
"1","0","Grapple with the Past","tdc","Near Mint","English","","","","257","False","False",""
"1","0","Harrow","tdc","Near Mint","English","","","","258","False","False",""
"1","0","Harrow","tdc","Near Mint","English","","","","258","False","False",""
"1","0","Multani, Yavimaya's Avatar","tdc","Near Mint","English","","","","263","False","False",""
"1","0","Multani, Yavimaya's Avatar","tdc","Near Mint","English","","","","263","False","False",""
"1","0","Rampant Growth","tdc","Near Mint","English","","","","265","False","False",""
"1","0","Rampant Growth","tdc","Near Mint","English","","","","265","False","False",""
"1","0","Sakura-Tribe Elder","tdc","Near Mint","English","","","","266","False","False",""
"1","0","Sakura-Tribe Elder","tdc","Near Mint","English","","","","266","False","False",""
"1","0","Satyr Wayfinder","tdc","Near Mint","English","","","","267","False","False",""
"1","0","Satyr Wayfinder","tdc","Near Mint","English","","","","267","False","False",""
"1","0","Shigeki, Jukai Visionary","tdc","Near Mint","English","","","","270","False","False",""
"1","0","Shigeki, Jukai Visionary","tdc","Near Mint","English","","","","270","False","False",""
"1","0","Springbloom Druid","tdc","Near Mint","English","","","","271","False","False",""
"1","0","Springbloom Druid","tdc","Near Mint","English","","","","271","False","False",""
"1","0","Tear Asunder","tdc","Near Mint","English","","","","273","False","False",""
"1","0","Tear Asunder","tdc","Near Mint","English","","","","273","False","False",""
"1","0","Timeless Witness","tdc","Near Mint","English","","","","274","False","False",""
"1","0","Timeless Witness","tdc","Near Mint","English","","","","274","False","False",""
"1","0","Consuming Aberration","tdc","Near Mint","English","","","","283","False","False",""
"1","0","Consuming Aberration","tdc","Near Mint","English","","","","283","False","False",""
"1","0","Grisly Salvage","tdc","Near Mint","English","","","","290","False","False",""
"1","0","Grisly Salvage","tdc","Near Mint","English","","","","290","False","False",""
"1","0","Jarad, Golgari Lich Lord","tdc","Near Mint","English","","","","293","False","False",""
"1","0","Jarad, Golgari Lich Lord","tdc","Near Mint","English","","","","293","False","False",""
"1","0","Lord of Extinction","tdc","Near Mint","English","","","","295","False","False",""
"1","0","Lord of Extinction","tdc","Near Mint","English","","","","295","False","False",""
"1","0","Meren of Clan Nel Toth","tdc","Near Mint","English","","","","297","False","False",""
"1","0","Meren of Clan Nel Toth","tdc","Near Mint","English","","","","297","False","False",""
"1","0","Nyx Weaver","tdc","Near Mint","English","","","","298","False","False",""
"1","0","Nyx Weaver","tdc","Near Mint","English","","","","298","False","False",""
"1","0","Putrefy","tdc","Near Mint","English","","","","300","False","False",""
"1","0","Putrefy","tdc","Near Mint","English","","","","300","False","False",""
"1","0","Skull Prophet","tdc","Near Mint","English","","","","304","False","False",""
"1","0","Skull Prophet","tdc","Near Mint","English","","","","304","False","False",""
"1","0","Millikin","tdc","Near Mint","English","","","","321","False","False",""
"1","0","Millikin","tdc","Near Mint","English","","","","321","False","False",""
"1","0","Cephalid Coliseum","tdc","Near Mint","English","","","","349","False","False",""
"1","0","Cephalid Coliseum","tdc","Near Mint","English","","","","349","False","False",""
"1","0","Command Beacon","tdc","Near Mint","English","","","","352","False","False",""
"1","0","Command Beacon","tdc","Near Mint","English","","","","352","False","False",""
"1","0","Command Beacon","tdc","Near Mint","English","","","","352","False","False",""
"1","0","Contaminated Aquifer","tdc","Near Mint","English","","","","353","False","False",""
"1","0","Contaminated Aquifer","tdc","Near Mint","English","","","","353","False","False",""
"1","0","Crypt of Agadeem","tdc","Near Mint","English","","","","354","False","False",""
"1","0","Crypt of Agadeem","tdc","Near Mint","English","","","","354","False","False",""
"1","0","Darkwater Catacombs","tdc","Near Mint","English","","","","355","False","False",""
"1","0","Darkwater Catacombs","tdc","Near Mint","English","","","","355","False","False",""
"1","0","Dreamroot Cascade","tdc","Near Mint","English","","","","358","False","False",""
"1","0","Dreamroot Cascade","tdc","Near Mint","English","","","","358","False","False",""
"1","0","Drownyard Temple","tdc","Near Mint","English","","","","359","False","False",""
"1","0","Drownyard Temple","tdc","Near Mint","English","","","","359","False","False",""
"1","0","Exotic Orchard","tdc","Near Mint","English","","","","360","False","False",""
"1","0","Exotic Orchard","tdc","Near Mint","English","","","","360","False","False",""
"1","0","Fetid Pools","tdc","Near Mint","English","","","","363","False","False",""
"1","0","Fetid Pools","tdc","Near Mint","English","","","","363","False","False",""
"1","0","Foreboding Landscape","tdc","Near Mint","English","","","","365","False","False",""
"1","0","Foreboding Landscape","tdc","Near Mint","English","","","","365","False","False",""
"1","0","Golgari Rot Farm","tdc","Near Mint","English","","","","368","False","False",""
"1","0","Golgari Rot Farm","tdc","Near Mint","English","","","","368","False","False",""
"1","0","Haunted Mire","tdc","Near Mint","English","","","","369","False","False",""
"1","0","Haunted Mire","tdc","Near Mint","English","","","","369","False","False",""
"1","0","Hinterland Harbor","tdc","Near Mint","English","","","","371","False","False",""
"1","0","Hinterland Harbor","tdc","Near Mint","English","","","","371","False","False",""
"1","0","Llanowar Wastes","tdc","Near Mint","English","","","","376","False","False",""
"1","0","Llanowar Wastes","tdc","Near Mint","English","","","","376","False","False",""
"1","0","Memorial to Folly","tdc","Near Mint","English","","","","377","False","False",""
"1","0","Memorial to Folly","tdc","Near Mint","English","","","","377","False","False",""
"1","0","Myriad Landscape","tdc","Near Mint","English","","","","380","False","False",""
"1","0","Myriad Landscape","tdc","Near Mint","English","","","","380","False","False",""
"1","0","Sunken Hollow","tdc","Near Mint","English","","","","398","False","False",""
"1","0","Sunken Hollow","tdc","Near Mint","English","","","","398","False","False",""
"1","0","Temple of Malady","tdc","Near Mint","English","","","","403","False","False",""
"1","0","Temple of Malady","tdc","Near Mint","English","","","","403","False","False",""
"1","0","Terramorphic Expanse","tdc","Near Mint","English","","","","408","False","False",""
"1","0","Terramorphic Expanse","tdc","Near Mint","English","","","","408","False","False",""
"1","0","Woodland Cemetery","tdc","Near Mint","English","","","","412","False","False",""
"1","0","Woodland Cemetery","tdc","Near Mint","English","","","","412","False","False",""
"1","0","Essence Anchor","tdm","Near Mint","English","","","","44","False","False",""
"1","0","Essence Anchor","tdm","Near Mint","English","","","","44","False","False",""
"1","0","Cruel Truths","tdm","Near Mint","English","","","","76","False","False",""
"2","0","Stormshriek Feral // Flush Out","tdm","Near Mint","English","","","","124","False","False",""
"1","0","Heritage Reclamation","tdm","Near Mint","English","","","","145","False","False",""
"1","0","Auroral Procession","tdm","Near Mint","English","","","","169","False","False",""
"1","0","Death Begets Life","tdm","Near Mint","English","","","","176","False","False",""
"1","0","Kheru Goldkeeper","tdm","Near Mint","English","foil","","","199","False","False",""
"1","0","Kishla Skimmer","tdm","Near Mint","English","","","","201","False","False",""
"1","0","Kishla Skimmer","tdm","Near Mint","English","","","","201","False","False",""
"1","0","Lotuslight Dancers","tdm","Near Mint","English","","","","204","False","False",""
"1","0","Rakshasa's Bargain","tdm","Near Mint","English","","","","214","False","False",""
"1","0","Sultai Monument","tdm","Near Mint","English","foil","","","247","False","False",""
"1","0","Blossoming Sands","tdm","Near Mint","English","","","","251","False","False",""
"3","0","Blossoming Sands","tdm","Near Mint","English","","","","251","False","False",""
"1","0","Opulent Palace","tdm","Near Mint","English","","","","264","False","False",""
"1","0","Opulent Palace","tdm","Near Mint","English","","","","264","False","False",""
"4","0","Island","tdm","Near Mint","English","","","","279","False","False",""
"4","0","Island","tdm","Near Mint","English","","","","279","False","False",""
"5","0","Swamp","tdm","Near Mint","English","","","","281","False","False",""
"5","0","Swamp","tdm","Near Mint","English","","","","281","False","False",""
"6","0","Forest","tdm","Near Mint","English","","","","285","False","False",""
"6","0","Forest","tdm","Near Mint","English","","","","285","False","False",""
"1","0","Runescale Stormbrood // Chilling Screech","tdm","Near Mint","English","","","","316","False","False",""
"1","0","Voice of Victory","tdm","Near Mint","English","","","","331","False","True",""
"1","0","Winternight Stories","tdm","Near Mint","English","","","","336","False","False",""
"1","0","Warden of the Grove","tdm","Near Mint","English","","","","351","False","False",""
"1","0","Elspeth, Storm Slayer","tdm","Near Mint","English","foil","","","411","False","True",""
"1","0","Elf","tecl","Near Mint","English","","","","4","False","False",""
"2","0","Kithkin","tecl","Near Mint","English","","","","7","False","False",""
"2","0","Merfolk","tecl","Near Mint","English","","","","8","False","False",""
"1","0","Alseid of Life's Bounty","thb","Near Mint","English","","","","1","False","False",""
"1","0","The Birth of Meletis","thb","Near Mint","English","","","","5","False","False",""
"2","0","Heliod's Punishment","thb","Near Mint","English","","","","21","False","False",""
"1","0","Karametra's Blessing","thb","Near Mint","English","","","","26","False","False",""
"1","0","Klothys, God of Destiny","thb","Near Mint","English","","","","220","False","False",""
"1","0","Swamp","thb","Near Mint","English","","","","282","False","False",""
"1","0","Temple of Deceit","thb","Near Mint","English","","","","348","False","False",""
"1","0","Nykthos, Shrine to Nyx","ths","Near Mint","English","","","","223","False","True",""
"1","0","Energybending","tla","Near Mint","English","","","","2","False","False",""
"1","0","Boomerang Basics","tla","Near Mint","English","","","","46","False","False",""
"1","0","Boar-q-pine","tla","Near Mint","English","","","","124","False","False",""
"1","0","Fated Firepower","tla","Near Mint","English","","","","132","False","True",""
"1","0","Firebending Student","tla","Near Mint","English","","","","139","False","True",""
"1","0","Twin Blades","tla","Near Mint","English","","","","157","False","False",""
"1","0","Zuko, Exiled Prince","tla","Near Mint","English","","","","163","False","True",""
"1","0","Pillar Launch","tla","Near Mint","English","","","","189","False","False",""
"1","0","Shared Roots","tla","Near Mint","English","","","","196","False","False",""
"1","0","White Lotus Tile","tla","Near Mint","English","","","","262","False","False",""
"1","0","Misty Palms Oasis","tla","Near Mint","English","","","","273","False","False",""
"1","0","Realm of Koh","tla","Near Mint","English","","","","276","False","False",""
"3","0","Forest","tla","Near Mint","English","","","","291","False","False",""
"1","0","Mountain","tla","Near Mint","English","","","","295","False","False",""
"1","0","Earthbender Ascension","tla","Near Mint","English","","","","307","False","False",""
"1","0","Fire Lord Azula","tla","Near Mint","English","","","","334","False","True",""
"1","0","Redirect Lightning","tla","Near Mint","English","","","","343","False","False",""
"1","0","Redirect Lightning","tla","Near Mint","English","","","","343","False","True",""
"1","0","Redirect Lightning","tla","Near Mint","English","","","","343","False","True",""
"1","0","Great Divide Guide","tla","Near Mint","English","","","","345","False","False",""
"1","0","The Great Henge","tle","Near Mint","English","","","","41","False","True",""
"1","0","The Great Henge","tle","Near Mint","English","","","","41","False","False",""
"1","0","Return of the Wildspeaker","tle","Near Mint","English","","","","44","False","False",""
"1","0","Princess Yue","tle","Near Mint","English","","","","95","False","False",""
"1","0","Dai Li Censor","tle","Near Mint","English","","","","102","False","False",""
"1","0","Avatar Roku, Firebender","tle","Near Mint","English","","","","112","False","True",""
"1","0","Iroh, Dragon of the West","tle","Near Mint","English","","","","119","False","False",""
"1","0","Zuko, Firebending Master","tle","Near Mint","English","","","","127","False","True",""
"1","0","Tectonic Split","tle","Near Mint","English","","","","144","False","False",""
"1","0","Avatar Kyoshi, Earthbender","tle","Near Mint","English","","","","201","False","False",""
"1","0","Tundra Wall","tle","Near Mint","English","foil","","","220","False","False",""
"1","0","Leonardo, the Balance","tmc","Near Mint","English","","","","1","False","False",""
"1","0","Donatello, the Brains","tmc","Near Mint","English","","","","2","False","False",""
"1","0","Splinter, the Mentor","tmc","Near Mint","English","","","","3","False","False",""
"1","0","Raphael, the Muscle","tmc","Near Mint","English","","","","4","False","False",""
"1","0","Michelangelo, the Heart","tmc","Near Mint","English","","","","5","False","False",""
"1","0","Heroes in a Half Shell","tmc","Near Mint","English","","","","6","False","False",""
"1","0","Continue?","tmc","Near Mint","English","","","","7","False","False",""
"1","0","Endless Foot Assault","tmc","Near Mint","English","","","","8","False","False",""
"1","0","April O'Neil, Live on the Scene","tmc","Near Mint","English","","","","9","False","False",""
"1","0","Baxter, Fly in the Ointment","tmc","Near Mint","English","","","","10","False","False",""
"1","0","Here Comes a New Hero!","tmc","Near Mint","English","","","","11","False","False",""
"1","0","Irma, Part-Time Mutant","tmc","Near Mint","English","","","","12","False","False",""
"1","0","Krang, the All-Powerful","tmc","Near Mint","English","","","","13","False","False",""
"1","0","Ray Fillet, Wave Warrior","tmc","Near Mint","English","","","","14","False","False",""
"1","0","Bebop, Skull & Crossbones","tmc","Near Mint","English","","","","15","False","False",""
"1","0","Dimension X Pizzasaur","tmc","Near Mint","English","","","","16","False","False",""
"1","0","Foot Chopper","tmc","Near Mint","English","","","","17","False","False",""
"1","0","Game Over","tmc","Near Mint","English","","","","18","False","False",""
"1","0","Rat King, Pale Piper","tmc","Near Mint","English","","","","19","False","False",""
"1","0","Shredder, Shadow Master","tmc","Near Mint","English","","","","20","False","False",""
"1","0","Swift Demise","tmc","Near Mint","English","","","","21","False","False",""
"1","0","Casey Jones, Back Alley Brute","tmc","Near Mint","English","","","","22","False","False",""
"1","0","Electric Seaweed","tmc","Near Mint","English","","","","23","False","False",""
"1","0","Fast Forward","tmc","Near Mint","English","","","","24","False","False",""
"1","0","Shellshock","tmc","Near Mint","English","","","","25","False","False",""
"1","0","Special Move","tmc","Near Mint","English","","","","26","False","False",""
"1","0","Tempestra, Dame of Games","tmc","Near Mint","English","","","","27","False","False",""
"1","0","Tokka & Rahzar, Unsupervised","tmc","Near Mint","English","","","","28","False","False",""
"1","0","High Score","tmc","Near Mint","English","","","","29","False","False",""
"1","0","Leatherhead, Iron Gator","tmc","Near Mint","English","","","","30","False","False",""
"1","0","Level Up","tmc","Near Mint","English","","","","31","False","False",""
"1","0","Ninja Pizza","tmc","Near Mint","English","","","","32","False","False",""
"1","0","Rocksteady, Mutant Marauder","tmc","Near Mint","English","","","","33","False","False",""
"1","0","Super Combo","tmc","Near Mint","English","","","","34","False","False",""
"1","0","Double Jump // Flying Kick","tmc","Near Mint","English","","","","35","False","False",""
"1","0","Arcade Cabinet","tmc","Near Mint","English","","","","36","False","False",""
"1","0","Big Mother Mouser","tmc","Near Mint","English","","","","37","False","False",""
"1","0","Coin of Mastery","tmc","Near Mint","English","","","","38","False","False",""
"1","0","Exploding Barrel","tmc","Near Mint","English","","","","39","False","False",""
"1","0","Mole Module","tmc","Near Mint","English","","","","40","False","False",""
"1","0","Roadkill Rodney","tmc","Near Mint","English","","","","41","False","False",""
"1","0","Big Apple, 3 a.m.","tmc","Near Mint","English","","","","42","False","False",""
"1","0","Hidden Hideout","tmc","Near Mint","English","","","","43","False","False",""
"1","0","Together Forever","tmc","Near Mint","English","","","","44","False","False",""
"1","0","Vanquish the Horde","tmc","Near Mint","English","","","","45","False","False",""
"1","0","Wave Goodbye","tmc","Near Mint","English","","","","46","False","False",""
"1","0","Blasphemous Act","tmc","Near Mint","English","","","","47","False","False",""
"1","0","Acidic Slime","tmc","Near Mint","English","","","","48","False","False",""
"1","0","Biogenic Ooze","tmc","Near Mint","English","","","","49","False","False",""
"1","0","Cultivate","tmc","Near Mint","English","","","","50","False","False",""
"1","0","Harmonize","tmc","Near Mint","English","","","","51","False","False",""
"1","0","Steelbane Hydra","tmc","Near Mint","English","","","","52","False","False",""
"1","0","Vigor","tmc","Near Mint","English","","","","53","False","False",""
"1","0","Voracious Hydra","tmc","Near Mint","English","","","","54","False","False",""
"1","0","Assassin's Trophy","tmc","Near Mint","English","","","","55","False","False",""
"1","0","Corpsejack Menace","tmc","Near Mint","English","","","","56","False","False",""
"1","0","Arcane Signet","tmc","Near Mint","English","","","","57","False","False",""
"1","0","Chromatic Lantern","tmc","Near Mint","English","","","","58","False","False",""
"1","0","Sol Ring","tmc","Near Mint","English","","","","59","False","False",""
"1","0","Ash Barrens","tmc","Near Mint","English","","","","60","False","False",""
"1","0","Cinder Glade","tmc","Near Mint","English","","","","61","False","False",""
"1","0","City of Brass","tmc","Near Mint","English","","","","62","False","False",""
"1","0","Command Tower","tmc","Near Mint","English","","","","63","False","False",""
"1","0","Command Tower","tmc","Near Mint","English","","","","63","False","False",""
"1","0","Dragonskull Summit","tmc","Near Mint","English","","","","64","False","False",""
"1","0","Evolving Wilds","tmc","Near Mint","English","","","","65","False","False",""
"1","0","Exotic Orchard","tmc","Near Mint","English","","","","66","False","False",""
"1","0","Fabled Passage","tmc","Near Mint","English","","","","67","False","False",""
"1","0","Grand Coliseum","tmc","Near Mint","English","","","","68","False","False",""
"1","0","Hinterland Harbor","tmc","Near Mint","English","","","","69","False","False",""
"1","0","Hinterland Harbor","tmc","Near Mint","English","","","","69","False","False",""
"1","0","Path of Ancestry","tmc","Near Mint","English","","","","70","False","False",""
"1","0","Rain-Slicked Copse","tmc","Near Mint","English","","","","71","False","False",""
"1","0","Rootbound Crag","tmc","Near Mint","English","","","","72","False","False",""
"1","0","Smoldering Marsh","tmc","Near Mint","English","","","","73","False","False",""
"1","0","Sodden Verdure","tmc","Near Mint","English","","","","74","False","False",""
"1","0","Spire Garden","tmc","Near Mint","English","","","","75","False","False",""
"1","0","Sunken Hollow","tmc","Near Mint","English","","","","76","False","False",""
"1","0","Thriving Grove","tmc","Near Mint","English","","","","77","False","False",""
"1","0","Thriving Isle","tmc","Near Mint","English","","","","78","False","False",""
"1","0","Thriving Moor","tmc","Near Mint","English","","","","79","False","False",""
"1","0","Undergrowth Stadium","tmc","Near Mint","English","","","","80","False","False",""
"1","0","Vernal Fen","tmc","Near Mint","English","","","","81","False","False",""
"1","0","Vibrant Cityscape","tmc","Near Mint","English","","","","82","False","False",""
"1","0","Shredder, Shadow Master","tmc","Near Mint","English","foil","","","88","False","True",""
"1","0","Soltari Trooper","tmp","Near Mint","English","","","","47","False","False",""
"1","0","Disturbed Burial","tmp","Near Mint","English","","","","129","False","False",""
"1","0","Endless Scream","tmp","Near Mint","English","","","","132","False","False",""
"2","0","Reanimate","tmp","Near Mint","English","","","","151","False","True",""
"1","0","Altar of Dementia","tmp","Near Mint","English","","","","276","False","True",""
"4","0","Action News Crew","tmt","Near Mint","English","","","","1","False","False",""
"4","0","April O'Neil, Kunoichi Trainee","tmt","Near Mint","English","","","","3","False","False",""
"1","0","Dimensional Exile","tmt","Near Mint","English","","","","4","False","False",""
"6","0","East Wind Avatar","tmt","Near Mint","English","","","","5","False","False",""
"3","0","Featherbrained Filcher","tmt","Near Mint","English","","","","6","False","False",""
"3","0","Grounded for Life","tmt","Near Mint","English","","","","7","False","False",""
"3","0","Hamato Guardian Stance","tmt","Near Mint","English","","","","8","False","False",""
"4","0","High-Flying Ace","tmt","Near Mint","English","","","","9","False","False",""
"3","0","Jennika, Bad Apple Big Sister","tmt","Near Mint","English","","","","10","False","False",""
"1","0","Koya, Death from Above","tmt","Near Mint","English","","","","11","False","False",""
"1","0","The Last Ronin's Technique","tmt","Near Mint","English","","","","12","False","False",""
"6","0","Leonardo, Big Brother","tmt","Near Mint","English","","","","14","False","False",""
"1","0","Leonardo, Cutting Edge","tmt","Near Mint","English","","","","15","False","False",""
"1","0","Leonardo, Leader in Blue","tmt","Near Mint","English","","","","16","False","False",""
"1","0","Lita, Little Orphan Amphibian","tmt","Near Mint","English","","","","19","False","False",""
"1","0","Lita, Little Orphan Amphibian","tmt","Near Mint","English","","","","19","False","False",""
"5","0","Make Your Move","tmt","Near Mint","English","","","","20","False","False",""
"3","0","Mighty Mutanimals","tmt","Near Mint","English","","","","21","False","False",""
"1","0","Prehistoric Pet","tmt","Near Mint","English","","","","22","False","False",""
"2","0","Quintessential Katana","tmt","Near Mint","English","","","","23","False","False",""
"1","0","Sally Pride, Lioness Leader","tmt","Near Mint","English","","","","24","False","False",""
"1","0","Turncoat Kunoichi","tmt","Near Mint","English","","","","26","False","False",""
"1","0","Turtles Forever","tmt","Near Mint","English","","","","27","False","False",""
"4","0","Uneasy Alliance","tmt","Near Mint","English","","","","28","False","False",""
"1","0","Bespoke Bō","tmt","Near Mint","English","","","","31","False","False",""
"5","0","Buzz Bots","tmt","Near Mint","English","","","","32","False","False",""
"2","0","Crustacean Commando","tmt","Near Mint","English","","","","33","False","False",""
"1","0","Does Machines","tmt","Near Mint","English","","","","34","False","False",""
"1","0","Donatello, Gadget Master","tmt","Near Mint","English","","","","35","False","False",""
"5","0","Donatello, Turtle Techie","tmt","Near Mint","English","","","","37","False","False",""
"2","0","Donatello, Way with Machines","tmt","Near Mint","English","","","","38","False","False",""
"2","0","Donatello's Technique","tmt","Near Mint","English","","","","39","False","False",""
"1","0","Fugitive Droid","tmt","Near Mint","English","","","","40","False","False",""
"2","0","Kitsune, Dragon's Daughter","tmt","Near Mint","English","","","","41","False","False",""
"4","0","Metalhead","tmt","Near Mint","English","","","","44","False","False",""
"3","0","Mind Transfer Protocol","tmt","Near Mint","English","","","","45","False","False",""
"2","0","Negate","tmt","Near Mint","English","","","","47","False","False",""
"3","0","Ooze Spill","tmt","Near Mint","English","","","","48","False","False",""
"2","0","Ray Fillet, Man Ray","tmt","Near Mint","English","","","","49","False","False",""
"5","0","Retro-Mutation","tmt","Near Mint","English","","","","51","False","False",""
"4","0","Return to the Sewers","tmt","Near Mint","English","","","","52","False","False",""
"2","0","Sewer-veillance Cam","tmt","Near Mint","English","","","","53","False","False",""
"4","0","Stockman, Mad Fly-entist","tmt","Near Mint","English","","","","54","False","False",""
"4","0","Utrom Scientists","tmt","Near Mint","English","","","","56","False","False",""
"1","0","Anchovy & Banana Pizza","tmt","Near Mint","English","","","","57","False","False",""
"3","0","Anchovy & Banana Pizza","tmt","Near Mint","English","","","","57","False","False",""
"1","0","Armaggon, Future Shark","tmt","Near Mint","English","","","","58","False","False",""
"4","0","Bebop, Warthog Warrior","tmt","Near Mint","English","","","","59","False","False",""
"1","0","The Cloning of Shredder","tmt","Near Mint","English","","","","60","False","True",""
"3","0","Death in the Family","tmt","Near Mint","English","","","","61","False","False",""
"2","0","Dream Beavers","tmt","Near Mint","English","","","","62","False","False",""
"4","0","Foot Mystic","tmt","Near Mint","English","","","","63","False","False",""
"3","0","Insectoid Exterminator","tmt","Near Mint","English","","","","64","False","False",""
"2","0","Lord Dregg, Insect Invader","tmt","Near Mint","English","","","","65","False","False",""
"4","0","Oroku Saki, Shredder Rising","tmt","Near Mint","English","","","","68","False","False",""
"5","0","Pain 101","tmt","Near Mint","English","","","","69","False","False",""
"2","0","Paramecia Coloniex","tmt","Near Mint","English","","","","70","False","False",""
"1","0","Shark Shredder, Killer Clone","tmt","Near Mint","English","","","","73","False","False",""
"3","0","Shredder's Armor","tmt","Near Mint","English","","","","75","False","False",""
"5","0","Shredder's Revenge","tmt","Near Mint","English","","","","76","False","False",""
"2","0","Shredder's Technique","tmt","Near Mint","English","","","","77","False","False",""
"1","0","South Wind Avatar","tmt","Near Mint","English","","","","78","False","False",""
"1","0","Splinter, Hamato Yoshi","tmt","Near Mint","English","","","","79","False","False",""
"1","0","Splinter's Technique","tmt","Near Mint","English","","","","80","False","False",""
"5","0","Squirrelanoids","tmt","Near Mint","English","","","","81","False","False",""
"5","0","Stomped by the Foot","tmt","Near Mint","English","","","","82","False","False",""
"4","0","Tunnel Rats","tmt","Near Mint","English","","","","84","False","False",""
"5","0","Bot Bashing Time","tmt","Near Mint","English","","","","85","False","False",""
"1","0","Broadcast Takeover","tmt","Near Mint","English","","","","86","False","False",""
"1","0","Casey Jones, Jury-Rig Justiciar","tmt","Near Mint","English","","","","87","False","False",""
"1","0","Casey Jones, Vigilante","tmt","Near Mint","English","","","","88","False","False",""
"1","0","Cool but Rude","tmt","Near Mint","English","","","","89","False","False",""
"1","0","Cool but Rude","tmt","Near Mint","English","","","","89","False","True",""
"1","0","General Traag, Heart of Stone","tmt","Near Mint","English","","","","90","False","False",""
"2","0","Hard-Won Jitte","tmt","Near Mint","English","","","","91","False","False",""
"1","0","Improvised Arsenal","tmt","Near Mint","English","","","","92","False","False",""
"2","0","Jennika's Technique","tmt","Near Mint","English","","","","93","False","False",""
"4","0","Manhole Missile","tmt","Near Mint","English","","","","94","False","False",""
"4","0","Mouser Attack!","tmt","Near Mint","English","","","","95","False","False",""
"3","0","Mouser Foundry","tmt","Near Mint","English","","","","96","False","False",""
"4","0","Mutant Town Musicians","tmt","Near Mint","English","","","","97","False","False",""
"3","0","Null Group Biological Assets","tmt","Near Mint","English","","","","98","False","False",""
"2","0","Old Hob, Alleycat Blues","tmt","Near Mint","English","","","","99","False","False",""
"3","0","Purple Dragon Punks","tmt","Near Mint","English","","","","100","False","False",""
"1","0","Raphael, Most Attitude","tmt","Near Mint","English","","","","101","False","False",""
"4","0","Raphael, Tough Turtle","tmt","Near Mint","English","","","","104","False","False",""
"1","0","Raphael's Technique","tmt","Near Mint","English","","","","105","False","False",""
"4","0","Rock Soldiers","tmt","Near Mint","English","","","","107","False","False",""
"1","0","Spicy Oatmeal Pizza","tmt","Near Mint","English","","","","109","False","False",""
"2","0","Wingnut, Bat on the Belfry","tmt","Near Mint","English","","","","110","False","False",""
"5","0","Zog, Triceraton Castaway","tmt","Near Mint","English","","","","111","False","False",""
"3","0","Courier of Comestibles","tmt","Near Mint","English","","","","112","False","False",""
"4","0","Cowabunga!","tmt","Near Mint","English","","","","113","False","False",""
"4","0","Frog Butler","tmt","Near Mint","English","","","","114","False","False",""
"1","0","Groundchuck & Dirtbag","tmt","Near Mint","English","","","","115","False","False",""
"5","0","Guac & Marshmallow Pizza","tmt","Near Mint","English","","","","116","False","False",""
"1","0","Guac & Marshmallow Pizza","tmt","Near Mint","English","","","","116","False","False",""
"4","0","Michelangelo, Game Master","tmt","Near Mint","English","","","","118","False","False",""
"1","0","Michelangelo, Mutant BFF","tmt","Near Mint","English","","","","120","False","False",""
"1","0","Mona Lisa, Science Geek","tmt","Near Mint","English","","","","123","False","False",""
"1","0","Mona Lisa, Science Geek","tmt","Near Mint","English","","","","123","False","False",""
"1","0","Mutagen Man, Living Ooze","tmt","Near Mint","English","","","","124","False","False",""
"4","0","Mutant Chain Reaction","tmt","Near Mint","English","","","","125","False","False",""
"1","0","New Generation's Technique","tmt","Near Mint","English","","","","126","False","False",""
"1","0","Novel Nunchaku","tmt","Near Mint","English","","","","127","False","False",""
"5","0","Primordial Pachyderm","tmt","Near Mint","English","","","","129","False","False",""
"3","0","Ragamuffin Raptor","tmt","Near Mint","English","","","","130","False","False",""
"5","0","Rocksteady, Crash Courser","tmt","Near Mint","English","","","","131","False","False",""
"2","0","Saved by the Shell","tmt","Near Mint","English","","","","132","False","False",""
"4","0","Tenderize","tmt","Near Mint","English","","","","133","False","False",""
"1","0","Transdimensional Bovine","tmt","Near Mint","English","","","","134","False","False",""
"2","0","Venus, Torn Between Worlds","tmt","Near Mint","English","","","","136","False","False",""
"1","0","West Wind Avatar","tmt","Near Mint","English","","","","137","False","False",""
"4","0","Zoo Escapees","tmt","Near Mint","English","","","","138","False","False",""
"2","0","Baxter Stockman","tmt","Near Mint","English","","","","139","False","False",""
"1","0","Brilliance Unleashed","tmt","Near Mint","English","","","","141","False","False",""
"1","0","Don & Leo, Problem Solvers","tmt","Near Mint","English","","","","143","False","False",""
"1","0","Don & Raph, Hard Science","tmt","Near Mint","English","","","","144","False","False",""
"4","0","EPF Point Squad","tmt","Near Mint","English","","","","145","False","False",""
"5","0","Foot Elite","tmt","Near Mint","English","","","","146","False","False",""
"4","0","Foot Ninjas","tmt","Near Mint","English","","","","147","False","False",""
"1","0","Genghis Frog","tmt","Near Mint","English","","","","148","False","False",""
"2","0","Go Ninja Go","tmt","Near Mint","English","","","","149","False","False",""
"4","0","Ice Cream Kitty","tmt","Near Mint","English","","","","150","False","False",""
"2","0","Karai, Future of the Foot","tmt","Near Mint","English","","","","151","False","False",""
"2","0","The Last Ronin","tmt","Near Mint","English","","","","154","False","False",""
"1","0","Lessons from Life","tmt","Near Mint","English","","","","155","False","False",""
"1","0","Lessons from Life","tmt","Near Mint","English","","","","155","False","False",""
"4","0","Mechanized Ninja Cavalry","tmt","Near Mint","English","","","","156","False","False",""
"1","0","Mikey & Don, Party Planners","tmt","Near Mint","English","","","","157","False","False",""
"1","0","Mikey & Leo, Chaos & Order","tmt","Near Mint","English","","","","158","False","False",""
"5","0","Mouser Mark III","tmt","Near Mint","English","","","","159","False","False",""
"1","0","Mouser Mark III","tmt","Near Mint","English","","","","159","False","False",""
"1","0","The Neutrinos","tmt","Near Mint","English","","","","160","False","False",""
"4","0","Nobody","tmt","Near Mint","English","","","","161","False","False",""
"1","0","Pizza Face, Gastromancer","tmt","Near Mint","English","","","","163","False","False",""
"4","0","Punk Frogs","tmt","Near Mint","English","","","","164","False","False",""
"4","0","Putrid Pals","tmt","Near Mint","English","","","","165","False","False",""
"1","0","Raph & Mikey, Troublemakers","tmt","Near Mint","English","","","","167","False","False",""
"5","0","Slithering Cryptid","tmt","Near Mint","English","","","","168","False","False",""
"1","0","Splinter, Radical Rat","tmt","Near Mint","English","","","","169","False","False",""
"2","0","Tainted Treats","tmt","Near Mint","English","","","","170","False","False",""
"1","0","Tokka & Rahzar, Terrible Twos","tmt","Near Mint","English","","","","171","False","False",""
"2","0","Chrome Dome","tmt","Near Mint","English","","","","172","False","False",""
"1","0","Everything Pizza","tmt","Near Mint","English","","","","173","False","False",""
"1","0","Everything Pizza","tmt","Near Mint","English","","","","173","False","False",""
"2","0","Henchbots","tmt","Near Mint","English","","","","174","False","False",""
"1","0","Krang, Utrom Warlord","tmt","Near Mint","English","","","","175","False","False",""
"5","0","Omni-Cheese Pizza","tmt","Near Mint","English","","","","176","False","False",""
"1","0","Skateboard","tmt","Near Mint","English","","","","178","False","False",""
"1","0","Technodrome","tmt","Near Mint","English","","","","179","False","False",""
"2","0","Turtle Blimp","tmt","Near Mint","English","","","","180","False","False",""
"3","0","Dimension X","tmt","Near Mint","English","","","","183","False","False",""
"1","0","Escape Tunnel","tmt","Near Mint","English","","","","184","False","False",""
"1","0","Escape Tunnel","tmt","Near Mint","English","","","","184","False","False",""
"3","0","Foot Headquarters","tmt","Near Mint","English","","","","185","False","False",""
"1","0","Illegitimate Business","tmt","Near Mint","English","","","","186","False","False",""
"4","0","Mutant Town","tmt","Near Mint","English","","","","187","False","False",""
"1","0","Northampton Farm","tmt","Near Mint","English","","","","188","False","False",""
"3","0","TCRI Building","tmt","Near Mint","English","","","","189","False","False",""
"3","0","Turtle Lair","tmt","Near Mint","English","","","","190","False","False",""
"1","0","Turtle Lair","tmt","Near Mint","English","","","","190","False","False",""
"3","0","Plains","tmt","Near Mint","English","","","","191","False","False",""
"2","0","Island","tmt","Near Mint","English","","","","192","False","False",""
"2","0","Swamp","tmt","Near Mint","English","","","","193","False","False",""
"1","0","Mountain","tmt","Near Mint","English","","","","194","False","False",""
"3","0","Forest","tmt","Near Mint","English","","","","195","False","False",""
"1","0","Michelangelo, Mutant BFF","tmt","Near Mint","English","","","","198","False","False",""
"1","0","Raphael, Most Attitude","tmt","Near Mint","English","","","","199","False","False",""
"2","0","Jennika, Bad Apple Big Sister","tmt","Near Mint","English","","","","203","False","False",""
"1","0","April, Reporter of the Weird","tmt","Near Mint","English","","","","206","False","False",""
"1","0","Foot Ninjas","tmt","Near Mint","English","","","","209","False","False",""
"1","0","Shredder, Unrelenting","tmt","Near Mint","English","","","","210","False","False",""
"1","0","Raphael, Ninja Destroyer","tmt","Near Mint","English","","","","218","False","False",""
"1","0","Dark Leo & Shredder","tmt","Near Mint","English","","","","220","False","True",""
"1","0","Don & Leo, Problem Solvers","tmt","Near Mint","English","","","","242","False","False",""
"1","0","Karai's Technique","tmt","Near Mint","English","","","","244","False","False",""
"1","0","Krang & Shredder","tmt","Near Mint","English","","","","245","False","False",""
"1","0","Rat King, Verminister","tmt","Near Mint","English","","","","266","False","False",""
"2","0","Shark Shredder, Killer Clone","tmt","Near Mint","English","","","","268","False","True",""
"1","0","Ravenous Robots","tmt","Near Mint","English","","","","271","False","False",""
"1","0","Mutagen Man, Living Ooze","tmt","Near Mint","English","","","","273","False","False",""
"2","0","Krang, Utrom Warlord","tmt","Near Mint","English","foil","","","290","False","True",""
"1","0","Swamp","tmt","Near Mint","English","foil","","","307","False","False",""
"1","0","Mountain","tmt","Near Mint","English","foil","","","308","False","False",""
"2","0","Plains","tmt","Near Mint","English","","","","315","False","False",""
"2","0","Island","tmt","Near Mint","English","","","","316","False","False",""
"2","0","Swamp","tmt","Near Mint","English","","","","317","False","False",""
"2","0","Mountain","tmt","Near Mint","English","","","","318","False","False",""
"4","0","Forest","tmt","Near Mint","English","","","","319","False","False",""
"1","0","Far Wanderings","tor","Near Mint","English","","","","125","False","False",""
"1","0","Fractal","tsos","Near Mint","English","","","","5","False","False",""
"1","0","Looter il-Kor","tsp","Near Mint","English","","","","66","False","False",""
"1","0","Mystical Teachings","tsp","Near Mint","English","","","","69","False","False",""
"1","0","Norin the Wary","tsp","Near Mint","English","","","","171","False","True",""
"1","0","Reiterate","tsp","Near Mint","English","","","","175","False","True",""
"1","0","Greenseeker","tsp","Near Mint","English","","","","198","False","False",""
"1","0","Gemstone Caverns","tsp","Near Mint","English","","","","274","False","True",""
"1","0","Bonesplitter Sliver","tsr","Near Mint","English","","","","155","False","False",""
"1","0","Grapeshot","tsr","Near Mint","English","","","","166","False","True",""
"1","0","Might Sliver","tsr","Near Mint","English","","","","218","False","False",""
"1","0","Baral, Chief of Compliance","tsr","Near Mint","English","","","","306","False","True",""
"1","0","Yawgmoth, Thran Physician","tsr","Near Mint","English","","","","336","False","True",""
"1","0","Copy","ttmt","Near Mint","English","","","","1","False","False",""
"3","0","Food","ttmt","Near Mint","English","","","","8","False","False",""
"7","0","Mutagen","ttmt","Near Mint","English","","","","9","False","False",""
"1","0","Bubbling Muck","uds","Near Mint","English","","","","54","False","False",""
"2","0","Caltrops","uds","Near Mint","English","","","","129","False","False",""
"1","0","Mother of Runes","ulg","Near Mint","English","","","","14","False","False",""
"1","0","Radiant's Judgment","ulg","Near Mint","English","","","","22","False","False",""
"1","0","Snap","ulg","Near Mint","English","","","","43","False","False",""
"1","0","Weatherseed Faeries","ulg","Near Mint","English","","","","48","False","False",""
"1","0","About Face","ulg","Near Mint","English","","","","73","False","False",""
"1","0","Defense of the Heart","ulg","Near Mint","English","","","","100","False","False",""
"1","0","Grim Monolith","ulg","Near Mint","English","","","","126","False","True",""
"1","0","Sigil of the New Dawn","uma","Near Mint","English","","","","35","False","False",""
"1","0","Angel of Despair","uma","Near Mint","English","","","","196","False","False",""
"1","0","Leovold, Emissary of Trest","uma","Near Mint","English","","","","202","False","False",""
"1","0","Discourtesy Clerk","unf","Near Mint","English","","","","70","False","False",""
"1","0","Wordmail","unh","Near Mint","English","","","","22","False","False",""
"1","0","Double Header","unh","Near Mint","English","","","","31","False","False",""
"1","0","Shivan Raptor","usg","Near Mint","English","","","","215","False","False",""
"1","0","Shiv's Embrace","usg","Near Mint","English","","","","216","False","False",""
"1","0","Argothian Enchantress","usg","Near Mint","English","","","","234","False","True",""
"1","0","Exploration","usg","Near Mint","English","","","","250","False","False",""
"1","0","Gaea's Embrace","usg","Near Mint","English","","","","255","False","False",""
"1","0","Gaea's Cradle","usg","Near Mint","English","","","","321","False","False",""
"1","0","Very Cryptic Command","ust","Near Mint","English","","","","49d","False","True",""
"1","0","Fireblast","vis","Near Mint","English","","","","79","False","False",""
"1","0","Distant Melody","voc","Near Mint","English","","","","103","False","False",""
"1","0","Hero's Downfall","vow","Near Mint","English","","","","120","False","False",""
"1","0","Falkenrath Celebrants","vow","Near Mint","English","","","","156","False","False",""
"1","0","Massive Might","vow","Near Mint","English","","","","208","False","False",""
"1","0","Narset's Reversal","war","Near Mint","English","","","","62","False","False",""
"2","0","Spark Reaper","war","Near Mint","English","","","","106","False","False",""
"1","0","Ajani, the Greathearted","war","Near Mint","English","","","","184","False","False",""
"1","0","Mayhem Devil","war","Near Mint","English","","","","204","False","True",""
"1","0","Kiora, Behemoth Beckoner","war","Near Mint","English","","","","232","False","False",""
"1","0","Firemind Vessel","war","Near Mint","English","","","","237","False","False",""
"1","0","Desperate Lunge","war","Near Mint","English","","","","266","False","False",""
"1","0","Davros, Dalek Creator","who","Near Mint","English","foil","","","1","False","False",""
"1","0","The Fourth Doctor","who","Near Mint","English","foil","","","2","False","False",""
"1","0","The Tenth Doctor","who","Near Mint","English","foil","","","3","False","False",""
"1","0","Rose Tyler","who","Near Mint","English","foil","","","5","False","False",""
"1","0","Sarah Jane Smith","who","Near Mint","English","foil","","","6","False","False",""
"1","0","Missy","who","Near Mint","English","foil","","","8","False","False",""
"1","0","Adipose Offspring","who","Near Mint","English","","","","10","False","False",""
"1","0","Astrid Peth","who","Near Mint","English","","","","11","False","False",""
"1","0","Atraxi Warden","who","Near Mint","English","","","","12","False","False",""
"1","0","Banish to Another Universe","who","Near Mint","English","","","","13","False","False",""
"1","0","Barbara Wright","who","Near Mint","English","","","","14","False","False",""
"1","0","The Caves of Androzani","who","Near Mint","English","","","","15","False","False",""
"1","0","Crack in Time","who","Near Mint","English","","","","16","False","False",""
"1","0","Crisis of Conscience","who","Near Mint","English","","","","17","False","False",""
"1","0","Everybody Lives!","who","Near Mint","English","","","","18","False","False",""
"1","0","Everything Comes to Dust","who","Near Mint","English","","","","19","False","False",""
"1","0","Four Knocks","who","Near Mint","English","","","","20","False","False",""
"1","0","The Girl in the Fireplace","who","Near Mint","English","","","","21","False","False",""
"1","0","Ian Chesterton","who","Near Mint","English","","","","22","False","False",""
"1","0","Jo Grant","who","Near Mint","English","","","","23","False","False",""
"1","0","The Night of the Doctor","who","Near Mint","English","","","","24","False","False",""
"1","0","The Pandorica","who","Near Mint","English","","","","25","False","False",""
"1","0","Peri Brown","who","Near Mint","English","","","","26","False","False",""
"1","0","Romana II","who","Near Mint","English","","","","27","False","False",""
"1","0","Tegan Jovanka","who","Near Mint","English","","","","28","False","False",""
"1","0","Trial of a Time Lord","who","Near Mint","English","","","","29","False","False",""
"1","0","The War Games","who","Near Mint","English","","","","30","False","False",""
"1","0","The Wedding of River Song","who","Near Mint","English","","","","31","False","False",""
"1","0","Wilfred Mott","who","Near Mint","English","","","","32","False","False",""
"1","0","Adric, Mathematical Genius","who","Near Mint","English","","","","33","False","False",""
"1","0","All of History, All at Once","who","Near Mint","English","","","","34","False","False",""
"1","0","An Unearthly Child","who","Near Mint","English","","","","35","False","False",""
"1","0","Auton Soldier","who","Near Mint","English","","","","36","False","False",""
"1","0","Cyber Conversion","who","Near Mint","English","","","","38","False","False",""
"1","0","Don't Blink","who","Near Mint","English","","","","40","False","False",""
"1","0","The Eleventh Hour","who","Near Mint","English","","","","41","False","False",""
"1","0","Five Hundred Year Diary","who","Near Mint","English","","","","42","False","False",""
"1","0","Flesh Duplicate","who","Near Mint","English","","","","44","False","False",""
"1","0","The Flood of Mars","who","Near Mint","English","","","","45","False","False",""
"1","0","Hunted by The Family","who","Near Mint","English","","","","46","False","False",""
"1","0","K-9, Mark I","who","Near Mint","English","","","","47","False","False",""
"1","0","Martha Jones","who","Near Mint","English","","","","48","False","False",""
"1","0","Nanogene Conversion","who","Near Mint","English","","","","49","False","False",""
"1","0","Nyssa of Traken","who","Near Mint","English","","","","51","False","False",""
"1","0","Renegade Silent","who","Near Mint","English","","","","53","False","False",""
"1","0","Reverse the Polarity","who","Near Mint","English","","","","54","False","False",""
"1","0","Star Whale","who","Near Mint","English","","","","55","False","False",""
"1","0","Time Beetle","who","Near Mint","English","","","","58","False","False",""
"1","0","Time Lord Regeneration","who","Near Mint","English","","","","59","False","False",""
"1","0","Traverse Eternity","who","Near Mint","English","","","","60","False","False",""
"1","0","Twice Upon a Time // Unlikely Meeting","who","Near Mint","English","","","","61","False","False",""
"1","0","Wibbly-wobbly, Timey-wimey","who","Near Mint","English","","","","62","False","False",""
"1","0","Zygon Infiltrator","who","Near Mint","English","","","","63","False","False",""
"1","0","Dalek Drone","who","Near Mint","English","","","","64","False","False",""
"1","0","Dalek Squadron","who","Near Mint","English","","","","65","False","False",""
"1","0","Death in Heaven","who","Near Mint","English","","","","66","False","False",""
"1","0","Doomsday Confluence","who","Near Mint","English","","","","67","False","False",""
"1","0","Exterminate!","who","Near Mint","English","","","","68","False","False",""
"1","0","Genesis of the Daleks","who","Near Mint","English","","","","69","False","False",""
"1","0","This Is How It Ends","who","Near Mint","English","","","","70","False","False",""
"1","0","Time Reaper","who","Near Mint","English","","","","71","False","False",""
"1","0","The Toymaker's Trap","who","Near Mint","English","","","","72","False","False",""
"1","0","Vashta Nerada","who","Near Mint","English","","","","73","False","False",""
"1","0","Vislor Turlough","who","Near Mint","English","","","","74","False","False",""
"1","0","Amy Pond","who","Near Mint","English","","","","75","False","False",""
"1","0","Coward // Killer","who","Near Mint","English","","","","77","False","False",""
"1","0","Day of the Moon","who","Near Mint","English","","","","79","False","False",""
"1","0","Delete","who","Near Mint","English","","","","81","False","False",""
"1","0","Donna Noble","who","Near Mint","English","","","","82","False","False",""
"1","0","Ecstatic Beauty","who","Near Mint","English","","","","83","False","False",""
"1","0","Ensnared by the Mara","who","Near Mint","English","","","","84","False","False",""
"1","0","The Parting of the Ways","who","Near Mint","English","","","","91","False","False",""
"1","0","RMS Titanic","who","Near Mint","English","","","","93","False","False",""
"1","0","Sibylline Soothsayer","who","Near Mint","English","","","","95","False","False",""
"1","0","Sontaran General","who","Near Mint","English","","","","96","False","False",""
"1","0","The Sound of Drums","who","Near Mint","English","","","","97","False","False",""
"1","0","Ace, Fearless Rebel","who","Near Mint","English","","","","98","False","False",""
"1","0","City of Death","who","Near Mint","English","","","","99","False","False",""
"1","0","Displaced Dinosaurs","who","Near Mint","English","","","","100","False","False",""
"1","0","The Five Doctors","who","Near Mint","English","","","","101","False","False",""
"1","0","Jamie McCrimmon","who","Near Mint","English","","","","105","False","False",""
"1","0","Leela, Sevateem Warrior","who","Near Mint","English","","","","107","False","False",""
"1","0","The Sea Devils","who","Near Mint","English","","","","108","False","False",""
"1","0","Susan Foreman","who","Near Mint","English","","","","110","False","False",""
"1","0","Alistair, the Brigadier","who","Near Mint","English","","","","112","False","False",""
"1","0","Ashad, the Lone Cyberman","who","Near Mint","English","","","","113","False","False",""
"1","0","The Beast, Deathless Prince","who","Near Mint","English","","","","114","False","False",""
"1","0","Blink","who","Near Mint","English","","","","116","False","False",""
"1","0","Cult of Skaro","who","Near Mint","English","","","","117","False","False",""
"1","0","The Curse of Fenric","who","Near Mint","English","","","","118","False","False",""
"1","0","The Cyber-Controller","who","Near Mint","English","","","","119","False","False",""
"1","0","The Dalek Emperor","who","Near Mint","English","","","","120","False","False",""
"1","0","The Day of the Doctor","who","Near Mint","English","","","","121","False","False",""
"1","0","Dinosaurs on a Spaceship","who","Near Mint","English","","","","122","False","False",""
"1","0","Duggan, Private Detective","who","Near Mint","English","","","","123","False","False",""
"1","0","The Eighth Doctor","who","Near Mint","English","","","","124","False","False",""
"1","0","The Eleventh Doctor","who","Near Mint","English","","","","125","False","False",""
"1","0","The Face of Boe","who","Near Mint","English","","","","126","False","False",""
"1","0","The Fifth Doctor","who","Near Mint","English","","","","127","False","False",""
"1","0","The First Doctor","who","Near Mint","English","","","","128","False","False",""
"1","0","Gallifrey Falls // No More","who","Near Mint","English","","","","131","False","False",""
"1","0","Gallifrey Stands","who","Near Mint","English","","","","132","False","False",""
"1","0","Great Intelligence's Plan","who","Near Mint","English","","","","133","False","False",""
"1","0","Idris, Soul of the TARDIS","who","Near Mint","English","","","","135","False","False",""
"1","0","Jenny, Generated Anomaly","who","Near Mint","English","","","","137","False","False",""
"1","0","Judoon Enforcers","who","Near Mint","English","","","","138","False","False",""
"1","0","Kate Stewart","who","Near Mint","English","","","","139","False","False",""
"1","0","The Master, Formed Anew","who","Near Mint","English","","","","143","False","False",""
"1","0","The Master, Gallifrey's End","who","Near Mint","English","","","","144","False","False",""
"1","0","The Master, Mesmerist","who","Near Mint","English","","","","145","False","False",""
"1","0","The Master, Multiplied","who","Near Mint","English","","","","146","False","False",""
"1","0","The Ninth Doctor","who","Near Mint","English","","","","148","False","False",""
"1","0","The Rani","who","Near Mint","English","","","","149","False","False",""
"1","0","Rassilon, the War President","who","Near Mint","English","","","","150","False","False",""
"1","0","Regenerations Restored","who","Near Mint","English","","","","151","False","False",""
"1","0","Rory Williams","who","Near Mint","English","","","","153","False","False",""
"1","0","Run for Your Life","who","Near Mint","English","","","","154","False","False",""
"1","0","Sally Sparrow","who","Near Mint","English","","","","155","False","False",""
"1","0","The Second Doctor","who","Near Mint","English","","","","156","False","False",""
"1","0","Sergeant John Benton","who","Near Mint","English","","","","157","False","False",""
"1","0","The Seventh Doctor","who","Near Mint","English","","","","158","False","False",""
"1","0","The Sixth Doctor","who","Near Mint","English","","","","159","False","False",""
"1","0","Sycorax Commander","who","Near Mint","English","","","","161","False","False",""
"1","0","The Third Doctor","who","Near Mint","English","","","","162","False","False",""
"1","0","The Valeyard","who","Near Mint","English","","","","165","False","False",""
"1","0","Vrestin, Menoptra Leader","who","Near Mint","English","","","","166","False","False",""
"1","0","The War Doctor","who","Near Mint","English","","","","167","False","False",""
"1","0","Weeping Angel","who","Near Mint","English","","","","168","False","False",""
"1","0","Ace's Baseball Bat","who","Near Mint","English","","","","170","False","False",""
"1","0","Bessie, the Doctor's Roadster","who","Near Mint","English","","","","171","False","False",""
"1","0","Clockwork Droid","who","Near Mint","English","","","","172","False","False",""
"1","0","Cyberman Patrol","who","Near Mint","English","","","","174","False","False",""
"1","0","Cybermat","who","Near Mint","English","","","","175","False","False",""
"1","0","Cybermen Squadron","who","Near Mint","English","","","","176","False","False",""
"1","0","Cybership","who","Near Mint","English","","","","177","False","False",""
"1","0","Laser Screwdriver","who","Near Mint","English","","","","178","False","False",""
"1","0","Midnight Crusader Shuttle","who","Near Mint","English","","","","179","False","False",""
"1","0","The Moment","who","Near Mint","English","","","","180","False","False",""
"1","0","Psychic Paper","who","Near Mint","English","","","","181","False","False",""
"1","0","Rotating Fireplace","who","Near Mint","English","","","","183","False","False",""
"1","0","Sonic Screwdriver","who","Near Mint","English","","","","184","False","False",""
"1","0","Sonic Screwdriver","who","Near Mint","English","","","","185","False","False",""
"1","0","TARDIS","who","Near Mint","English","","","","187","False","False",""
"1","0","TARDIS","who","Near Mint","English","","","","187","False","False",""
"1","0","Gallifrey Council Chamber","who","Near Mint","English","","","","188","False","False",""
"1","0","Gallifrey Council Chamber","who","Near Mint","English","","","","188","False","False",""
"1","0","Ominous Cemetery","who","Near Mint","English","","","","189","False","False",""
"1","0","Ominous Cemetery","who","Near Mint","English","","","","189","False","False",""
"1","0","Trenzalore Clocktower","who","Near Mint","English","","","","190","False","False",""
"1","0","Trenzalore Clocktower","who","Near Mint","English","","","","190","False","False",""
"2","0","Plains","who","Near Mint","English","","","","197","False","False",""
"3","0","Plains","who","Near Mint","English","","","","197","False","False",""
"3","0","Island","who","Near Mint","English","","","","198","False","False",""
"2","0","Island","who","Near Mint","English","","","","198","False","False",""
"2","0","Island","who","Near Mint","English","","","","199","False","False",""
"2","0","Swamp","who","Near Mint","English","","","","200","False","False",""
"2","0","Mountain","who","Near Mint","English","","","","202","False","False",""
"3","0","Mountain","who","Near Mint","English","","","","203","False","False",""
"3","0","Forest","who","Near Mint","English","","","","205","False","False",""
"1","0","Day of Destiny","who","Near Mint","English","","","","206","False","False",""
"1","0","Farewell","who","Near Mint","English","","","","207","False","False",""
"1","0","Grasp of Fate","who","Near Mint","English","","","","208","False","False",""
"1","0","Out of Time","who","Near Mint","English","","","","209","False","False",""
"1","0","Path to Exile","who","Near Mint","English","","","","210","False","False",""
"1","0","Return to Dust","who","Near Mint","English","","","","211","False","False",""
"1","0","Swords to Plowshares","who","Near Mint","English","","","","212","False","False",""
"1","0","Wedding Ring","who","Near Mint","English","","","","213","False","False",""
"1","0","As Foretold","who","Near Mint","English","","","","214","False","False",""
"1","0","Clockspinning","who","Near Mint","English","","","","215","False","False",""
"1","0","Inspiring Refrain","who","Near Mint","English","","","","216","False","False",""
"1","0","Propaganda","who","Near Mint","English","","","","219","False","False",""
"1","0","Feed the Swarm","who","Near Mint","English","","","","221","False","False",""
"1","0","Snuff Out","who","Near Mint","English","","","","222","False","False",""
"1","0","Wound Reflection","who","Near Mint","English","","","","223","False","False",""
"1","0","Blasphemous Act","who","Near Mint","English","","","","224","False","False",""
"1","0","Explore","who","Near Mint","English","","","","231","False","False",""
"1","0","Heroic Intervention","who","Near Mint","English","","","","233","False","False",""
"1","0","Three Visits","who","Near Mint","English","","","","235","False","False",""
"1","0","Fractured Identity","who","Near Mint","English","","","","236","False","False",""
"1","0","Time Wipe","who","Near Mint","English","","","","238","False","False",""
"1","0","Arcane Signet","who","Near Mint","English","","","","239","False","False",""
"1","0","Arcane Signet","who","Near Mint","English","","","","239","False","False",""
"1","0","Arcane Signet","who","Near Mint","English","","","","239","False","False",""
"1","0","Commander's Sphere","who","Near Mint","English","","","","240","False","False",""
"1","0","Hero's Blade","who","Near Mint","English","","","","241","False","False",""
"1","0","Heroes' Podium","who","Near Mint","English","","","","242","False","False",""
"1","0","Lightning Greaves","who","Near Mint","English","","","","243","False","False",""
"1","0","Lightning Greaves","who","Near Mint","English","","","","243","False","False",""
"1","0","Mind Stone","who","Near Mint","English","","","","244","False","False",""
"1","0","Mind Stone","who","Near Mint","English","","","","244","False","False",""
"1","0","Mind Stone","who","Near Mint","English","","","","244","False","False",""
"1","0","Sol Ring","who","Near Mint","English","","","","245","False","False",""
"1","0","Sol Ring","who","Near Mint","English","","","","245","False","False",""
"1","0","Sol Ring","who","Near Mint","English","","","","245","False","False",""
"1","0","Solemn Simulacrum","who","Near Mint","English","","","","246","False","False",""
"1","0","Talisman of Conviction","who","Near Mint","English","","","","247","False","False",""
"1","0","Talisman of Creativity","who","Near Mint","English","","","","248","False","False",""
"1","0","Talisman of Dominance","who","Near Mint","English","","","","250","False","False",""
"1","0","Talisman of Indulgence","who","Near Mint","English","","","","252","False","False",""
"1","0","Talisman of Progress","who","Near Mint","English","","","","253","False","False",""
"1","0","Talisman of Unity","who","Near Mint","English","","","","254","False","False",""
"1","0","Thought Vessel","who","Near Mint","English","","","","255","False","False",""
"1","0","Thought Vessel","who","Near Mint","English","","","","255","False","False",""
"1","0","Thought Vessel","who","Near Mint","English","","","","255","False","False",""
"1","0","Wayfarer's Bauble","who","Near Mint","English","","","","256","False","False",""
"1","0","Ash Barrens","who","Near Mint","English","","","","257","False","False",""
"1","0","Canopy Vista","who","Near Mint","English","","","","258","False","False",""
"1","0","Canyon Slough","who","Near Mint","English","","","","259","False","False",""
"1","0","Celestial Colonnade","who","Near Mint","English","","","","260","False","False",""
"1","0","Choked Estuary","who","Near Mint","English","","","","261","False","False",""
"1","0","Command Tower","who","Near Mint","English","","","","263","False","False",""
"1","0","Command Tower","who","Near Mint","English","","","","264","False","False",""
"1","0","Command Tower","who","Near Mint","English","","","","266","False","False",""
"1","0","Creeping Tar Pit","who","Near Mint","English","","","","267","False","False",""
"1","0","Crumbling Necropolis","who","Near Mint","English","","","","268","False","False",""
"1","0","Darkwater Catacombs","who","Near Mint","English","","","","269","False","False",""
"1","0","Deserted Beach","who","Near Mint","English","","","","270","False","False",""
"1","0","Deserted Beach","who","Near Mint","English","","","","270","False","False",""
"1","0","Dragonskull Summit","who","Near Mint","English","","","","272","False","False",""
"1","0","Dreamroot Cascade","who","Near Mint","English","","","","273","False","False",""
"1","0","Drowned Catacomb","who","Near Mint","English","","","","274","False","False",""
"1","0","Evolving Wilds","who","Near Mint","English","","","","275","False","False",""
"1","0","Exotic Orchard","who","Near Mint","English","","","","276","False","False",""
"1","0","Exotic Orchard","who","Near Mint","English","","","","276","False","False",""
"1","0","Exotic Orchard","who","Near Mint","English","","","","276","False","False",""
"1","0","Fetid Pools","who","Near Mint","English","","","","277","False","False",""
"1","0","Fiery Islet","who","Near Mint","English","","","","278","False","False",""
"1","0","Fiery Islet","who","Near Mint","English","","","","278","False","False",""
"1","0","Foreboding Ruins","who","Near Mint","English","","","","279","False","False",""
"1","0","Fortified Village","who","Near Mint","English","","","","280","False","False",""
"1","0","Frostboil Snarl","who","Near Mint","English","","","","282","False","False",""
"1","0","Frostboil Snarl","who","Near Mint","English","","","","282","False","False",""
"1","0","Furycalm Snarl","who","Near Mint","English","","","","283","False","False",""
"1","0","Glacial Fortress","who","Near Mint","English","","","","285","False","False",""
"1","0","Glacial Fortress","who","Near Mint","English","","","","285","False","False",""
"1","0","Haunted Ridge","who","Near Mint","English","","","","286","False","False",""
"1","0","Horizon Canopy","who","Near Mint","English","","","","287","False","False",""
"1","0","Irrigated Farmland","who","Near Mint","English","","","","288","False","False",""
"1","0","Irrigated Farmland","who","Near Mint","English","","","","288","False","False",""
"1","0","Lavaclaw Reaches","who","Near Mint","English","","","","289","False","False",""
"1","0","Myriad Landscape","who","Near Mint","English","","","","290","False","False",""
"1","0","Mystic Monastery","who","Near Mint","English","","","","291","False","False",""
"1","0","Overgrown Farmland","who","Near Mint","English","","","","292","False","False",""
"1","0","Path of Ancestry","who","Near Mint","English","","","","293","False","False",""
"1","0","Path of Ancestry","who","Near Mint","English","","","","293","False","False",""
"1","0","Path of Ancestry","who","Near Mint","English","","","","293","False","False",""
"1","0","Port Town","who","Near Mint","English","","","","294","False","False",""
"1","0","Port Town","who","Near Mint","English","","","","294","False","False",""
"1","0","Prairie Stream","who","Near Mint","English","","","","295","False","False",""
"1","0","Prairie Stream","who","Near Mint","English","","","","295","False","False",""
"1","0","Reliquary Tower","who","Near Mint","English","","","","296","False","False",""
"1","0","River of Tears","who","Near Mint","English","","","","297","False","False",""
"1","0","Rogue's Passage","who","Near Mint","English","","","","299","False","False",""
"1","0","Scattered Groves","who","Near Mint","English","","","","301","False","False",""
"1","0","Seaside Citadel","who","Near Mint","English","","","","302","False","False",""
"1","0","Shadowblood Ridge","who","Near Mint","English","","","","303","False","False",""
"1","0","Shipwreck Marsh","who","Near Mint","English","","","","305","False","False",""
"1","0","Skycloud Expanse","who","Near Mint","English","","","","306","False","False",""
"1","0","Skycloud Expanse","who","Near Mint","English","","","","306","False","False",""
"1","0","Smoldering Marsh","who","Near Mint","English","","","","307","False","False",""
"1","0","Stormcarved Coast","who","Near Mint","English","","","","308","False","False",""
"1","0","Stormcarved Coast","who","Near Mint","English","","","","308","False","False",""
"1","0","Sunbaked Canyon","who","Near Mint","English","","","","309","False","False",""
"1","0","Sundown Pass","who","Near Mint","English","","","","310","False","False",""
"1","0","Sungrass Prairie","who","Near Mint","English","","","","311","False","False",""
"1","0","Sunken Hollow","who","Near Mint","English","","","","312","False","False",""
"1","0","Temple of Deceit","who","Near Mint","English","","","","314","False","False",""
"1","0","Temple of Enlightenment","who","Near Mint","English","","","","315","False","False",""
"1","0","Temple of Enlightenment","who","Near Mint","English","","","","315","False","False",""
"1","0","Temple of Epiphany","who","Near Mint","English","","","","316","False","False",""
"1","0","Temple of Epiphany","who","Near Mint","English","","","","316","False","False",""
"1","0","Temple of Malice","who","Near Mint","English","","","","317","False","False",""
"1","0","Temple of Mystery","who","Near Mint","English","","","","318","False","False",""
"1","0","Temple of Plenty","who","Near Mint","English","","","","319","False","False",""
"1","0","Temple of the False God","who","Near Mint","English","","","","320","False","False",""
"1","0","Temple of the False God","who","Near Mint","English","","","","320","False","False",""
"1","0","Temple of Triumph","who","Near Mint","English","","","","321","False","False",""
"1","0","Terramorphic Expanse","who","Near Mint","English","","","","322","False","False",""
"1","0","Thespian's Stage","who","Near Mint","English","","","","323","False","False",""
"1","0","Thriving Bluff","who","Near Mint","English","","","","324","False","False",""
"1","0","Thriving Grove","who","Near Mint","English","","","","325","False","False",""
"1","0","Thriving Heath","who","Near Mint","English","","","","326","False","False",""
"1","0","Thriving Isle","who","Near Mint","English","","","","327","False","False",""
"1","0","Thriving Moor","who","Near Mint","English","","","","328","False","False",""
"1","0","Vineglimmer Snarl","who","Near Mint","English","","","","329","False","False",""
"1","0","War Room","who","Near Mint","English","","","","330","False","False",""
"1","0","Waterlogged Grove","who","Near Mint","English","","","","331","False","False",""
"1","0","The Pandorica","who","Near Mint","English","","","","343","False","False",""
"1","0","Sarah Jane Smith","who","Near Mint","English","","","","347","False","False",""
"1","0","All of History, All at Once","who","Near Mint","English","","","","352","False","False",""
"1","0","Jamie McCrimmon","who","Near Mint","English","","","","397","False","False",""
"1","0","Missy","who","Near Mint","English","foil","","","431","False","False",""
"1","0","Run for Your Life","who","Near Mint","English","","","","438","False","False",""
"1","0","The Master, Multiplied","who","Near Mint","English","","","","545","False","False",""
"1","0","Scattered Groves","who","Near Mint","English","foil","","","1103","False","False",""
"1","0","Hullbreaker Horror","woc","Near Mint","English","","","","95","False","True",""
"1","0","Run Away Together","woc","Near Mint","English","","","","108","False","False",""
"1","0","Indomitable Might","woc","Near Mint","English","","","","127","False","False",""
"1","0","Stroke of Midnight","woe","Near Mint","English","","","","33","False","False",""
"2","0","Beseech the Mirror","woe","Near Mint","English","","","","82","False","True",""
"1","0","Not Dead After All","woe","Near Mint","English","","","","101","False","False",""
"1","0","Redcap Gutter-Dweller","woe","Near Mint","English","","","","351","False","False",""
"1","0","Intruder Alarm","wot","Near Mint","English","","","","21","False","False",""
"1","0","Impact Tremors","wot","Near Mint","English","","","","44","False","False",""
"1","0","Parallel Lives","wot","Near Mint","English","","","","58","False","True",""
"1","0","Doubling Season","wot","Near Mint","English","","","","81","False","False",""
"1","0","Goblin Grenadiers","wth","Near Mint","English","","","","104","False","False",""
"1","0","Lava Hounds","wth","Near Mint","English","","","","109","False","False",""
"1","0","Serrated Biskelion","wth","Near Mint","English","","","","156","False","False",""
"1","0","Gemstone Mine","wth","Near Mint","English","","","","164","False","False",""
"1","0","Pulse Tracker","wwk","Near Mint","English","","","","62","False","False",""
"1","0","Summit Apes","wwk","Near Mint","English","","","","114","False","False",""
"1","0","Bellowing Aegisaur","xln","Near Mint","English","","","","4","False","False",""
"1","0","Dive Down","xln","Near Mint","English","","","","53","False","False",""
"1","0","Pirate's Prize","xln","Near Mint","English","","","","68","False","False",""
"1","0","Sure Strike","xln","Near Mint","English","","","","166","False","False",""
"1","0","Dowsing Dagger // Lost Vale","xln","Near Mint","French","","","","235","False","False",""
"1","0","Thaumatic Compass // Spires of Orazca","xln","Near Mint","English","","","","249","False","False",""
"1","0","Drowned Catacomb","xln","Near Mint","English","","","","253","False","False",""
"1","0","Swamp","xln","Near Mint","English","","","","268","False","False",""
"1","0","Merfolk Seastalkers","zen","Near Mint","English","","","","55","False","False",""
"1","0","Vampire Nighthawk","zen","Near Mint","English","","","","116","False","False",""
"1","0","Burst Lightning","zen","Near Mint","English","","","","119","False","False",""
"1","0","Beastmaster Ascension","zen","Near Mint","English","","","","159","False","False",""
"1","0","Vines of Vastwood","zen","Near Mint","English","","","","193","False","False",""
"1","0","Flooded Strand","zne","Near Mint","English","","","","1","False","True",""
"2","0","Fearless Fledgling","znr","Near Mint","English","","","","15","False","False",""
"1","0","Malakir Rebirth // Malakir Mire","znr","Near Mint","English","","","","111","False","True",""
"2","0","Spitfire Lagac","znr","Near Mint","English","","","","167","False","False",""
"1","0","Scute Swarm","znr","Near Mint","English","","","","203","False","False",""